ADM_RATE,AGE_ENTRY,AVGFACSAL,CITY,CONTROL,COSTT4_A,ENDOWBEGIN,FEMALE,FIRST_GEN,GRAD_DEBT_MDN,HBCU,HSI,ICLEVEL,INSTNM,INSTURL,MD_EARN_WNE_P10,NANTI,OPEID,PCIP13,PCIP14,PCIP27,PCIP52,PCTPELL,PFTFAC,PREDDEG,RELAFFIL,SAT_AVG,SCH_DEG,STABBR,UGDS,UGDS_MEN,UGDS_WOMEN,UGDS_2MOR,UGDS_AIAN,UGDS_ASIAN,UGDS_BLACK,UGDS_HISP,UGDS_NHPI,UGDS_NRA,UGDS_UNKN,UGDS_WHITE,date
0.6622,20.283741368,8610,Normal,1,23751,NA,0.5640301318,0.3658280922,31000,1,0,1,Alabama A & M University,www.aamu.edu/,40628,0,00100200,0.0411,0.1115,0.0098,0.1448,0.6441,0.7146,3,NA,947,3,AL,5726,0.4172,0.5828,0.0182,0.0012,0.0017,0.9043,0.015,0.001,0.0196,0.021,0.018,2025-11-17
0.8842,23.60797466,12211,Birmingham,1,27826,673320170,0.6390907397,0.341223671,22300,0,0,1,University of Alabama at Birmingham,https://www.uab.edu/,54501,0,00105200,0.0614,0.0581,0.0046,0.2048,0.3318,0.7584,3,NA,1251,3,AL,12118,0.3737,0.6263,0.0515,0.002,0.0915,0.2657,0.0776,7e-4,0.0214,0.0064,0.4832,2025-11-17
0.7425,22.727919632,10411,Huntsville,1,27098,87756960,0.4763499372,0.3101321586,20705,0,0,1,University of Alabama in Huntsville,www.uah.edu/,61767,0,00105500,0.019,0.3086,0.0147,0.1653,0.225,0.6308,3,NA,1321,3,AL,6650,0.6096,0.3904,0.0508,0.0074,0.0423,0.0907,0.0719,0.0015,0.0129,0.0286,0.694,2025-11-17
0.9564,20.130990415,8015,Montgomery,1,22028,108202146,0.6134185304,0.3434343434,31000,1,0,1,Alabama State University,www.alasu.edu/,34502,0,00100500,0.0737,0.0168,0.0084,0.1663,0.7203,0.6637,3,NA,977,3,AL,3322,0.3624,0.6376,0.0126,0.0015,0.0018,0.9082,0.0111,0.0012,0.0205,0.0208,0.0223,2025-11-17
0.7582,21.137701396,11090,Tuscaloosa,1,32024,1144632976,0.6152524168,0.2257126887,22750,0,0,1,The University of Alabama,www.ua.edu/,59221,0,00105100,0.0272,0.0966,0.0089,0.3011,0.1799,0.7836,3,NA,1287,3,AL,32323,0.4395,0.5605,0.0356,0.0029,0.0148,0.1103,0.0692,9e-4,0.0078,0.0359,0.7227,2025-11-17
NA,23.071028037,6773,Alexander City,1,19815,144975,0.6037383178,0.5496760259,9766,0,0,2,Central Alabama Community College,www.cacc.edu/,33506,0,00100700,0,0,0,0.0669,0.2853,0.4286,1,NA,NA,2,AL,1134,0.3792,0.6208,0.0353,9e-4,0.0044,0.2601,0.0423,0,0.0044,0.0018,0.6508,2025-11-17
NA,30.384765625,9452,Athens,1,NA,4982337,0.705078125,0.4774964838,18051,0,0,1,Athens State University,https://www.athens.edu/,50273,0,00100800,0.3251,0,0.0234,0.3416,0.4238,0.4783,3,NA,NA,3,AL,2407,0.2842,0.7158,0.0353,0.0137,0.0075,0.1172,0.0536,8e-4,0.0037,0.0079,0.7603,2025-11-17
0.9263,22.199804114,8823,Montgomery,1,21873,57070175,0.6929480901,0.38189609,25000,0,0,1,Auburn University at Montgomery,www.aum.edu/,44391,0,00831000,0.065,0,0.0042,0.1935,0.4275,0.6955,3,NA,1090,3,AL,2693,0.339,0.661,0.0486,0.0041,0.033,0.4203,0.0178,0.0011,0.046,0.0071,0.4218,2025-11-17
0.5047,20.516795866,11907,Auburn,1,34402,911152148,0.531504671,0.1726471191,21000,0,0,1,Auburn University,www.auburn.edu/,65337,0,00100900,0.0418,0.1714,0.005,0.2523,0.1226,0.8587,3,NA,1318,3,AL,25732,0.4995,0.5005,0.0299,0.0026,0.0283,0.0418,0.0432,6e-4,0.0199,0.0034,0.8303,2025-11-17
NA,24.81025641,6268,Phenix City,1,12032,49698,0.611965812,0.4302670623,10500,0,0,2,Chattahoochee Valley Community College,https://www.cv.edu/,36438,0,01218200,0,0,0,0.0998,0.3931,0.4184,1,NA,NA,2,AL,1044,0.3228,0.6772,0.0575,0.001,0.0105,0.4923,0.0824,0.001,0,0.0048,0.3506,2025-11-17
NA,23.948815166,9427,Enterprise,1,14798,17239,0.5165876777,0.4218916047,7499,0,0,2,Enterprise State Community College,www.escc.edu/,42572,0,00101500,0,0,0,0.0302,0.3502,0.3974,1,NA,NA,2,AL,1476,0.5047,0.4953,0.0671,0.0095,0.0108,0.2161,0.0623,0.002,0.0075,0.0095,0.6152,2025-11-17
NA,23.501064801,7837,Bay Minette,1,15171,NA,0.6531791908,0.4351196495,11000,0,0,2,Coastal Alabama Community College,www.coastalalabama.edu/,34894,0,00106000,0,0,0,0.069,0.346,0.4122,2,NA,NA,2,AL,4714,0.3432,0.6568,0.0566,0.0165,0.0066,0.2403,0.0482,0.0019,0.0028,0.0025,0.6245,2025-11-17
0.6613,28.260475651,6574,Montgomery,2,36910,20765130,0.6387315968,0.4300319489,23000,0,0,1,Faulkner University,www.faulkner.edu/,43457,0,00100300,0.0404,0,0.0045,0.5404,0.4381,0.5943,3,74,1016,3,AL,1555,0.4624,0.5376,0.0129,0.0032,0.0096,0.4019,0.0559,0.0013,0.0418,0.0225,0.4508,2025-11-17
NA,23.64507772,7250,Gadsden,1,10687,3461273,0.6180606958,0.5149544863,PS,1,0,2,Gadsden State Community College,www.gadsdenstate.edu/,32937,0,00101700,0,0,0,0.0451,0.4736,0.5019,1,NA,NA,1,AL,3619,0.3573,0.6427,0.0531,0.003,0.0099,0.1802,0.0729,6e-4,0.0083,0.0011,0.6709,2025-11-17
NA,23.866083755,7050,Dothan,1,9863,160538,0.667740451,0.4851537646,PS,0,0,2,George C Wallace Community College-Dothan,www.wallace.edu/,31399,0,00101800,0,0,0,0.0563,0.487,0.7143,1,NA,NA,2,AL,3053,0.2915,0.7085,0.0481,0.0016,0.0108,0.3344,0.0714,0.002,0.0029,0.0049,0.5237,2025-11-17
NA,23.447604328,7142,Hanceville,1,18748,NA,0.6312210201,0.498813157,11000,0,0,2,George C Wallace State Community College-Hanceville,https://www.wallacestate.edu/,39842,0,00787100,0,0,0,0.0338,0.3229,0.3962,1,NA,NA,2,AL,4413,0.3222,0.6778,0.0363,0.0039,0.0075,0.0872,0.0947,5e-4,0.0061,9e-4,0.763,2025-11-17
NA,22.870995671,6779,Selma,1,9505,NA,0.5991341991,0.5125881168,PS,0,0,2,George C Wallace State Community College-Selma,https://www.wccs.edu/,31598,0,00569900,0,0,0,0.0392,0.3677,0.47,2,NA,NA,2,AL,828,0.3635,0.6365,0.0254,0.0012,0.0085,0.814,0.0133,0,0.0036,0.0012,0.1329,2025-11-17
0.9449,31.289940828,6744,Birmingham,2,27195,NA,0.8135465189,0.5209032652,21500,0,0,1,Herzing University-Birmingham,https://www.herzing.edu/,36909,0,00962107,0,0,0,0.0697,0.6368,0.5185,1,NA,NA,2,AL,445,0.1528,0.8472,0.0337,0.0022,0.0022,0.6292,0.0337,0.0045,0,0.027,0.2674,2025-11-17
0.7083,23.017751479,7723,Montgomery,2,39686,57163022,0.4704142012,0.3456,27000,0,0,1,Huntingdon College,https://www.huntingdon.edu/,49601,0,00101900,0.0925,0,0.0173,0.2312,0.3879,0.8429,3,71,1148,3,AL,865,0.5653,0.4347,0.0462,0.0058,0.0046,0.2,0.0566,0.0023,0,0.0197,0.6647,2025-11-17
NA,27.254901961,6510,Huntsville,1,11908,NA,0.5610859729,0.5899653979,PS,1,0,2,J. F. Drake State Community and Technical College,https://drakestate.edu/,28281,0,00526000,0,0,0,0.0603,0.4436,0.4118,1,NA,NA,1,AL,719,0.3658,0.6342,0.057,0.0028,0.0056,0.5981,0.0695,0.0014,0.0083,0.0083,0.249,2025-11-17
0.7622,22.62058319,7774,Jacksonville,1,23422,14258774,0.5886792453,0.3637702504,22189,0,0,1,Jacksonville State University,https://www.jsu.edu/,45235,0,00102000,0.1519,0,0.0021,0.1228,0.4309,0.6534,3,NA,1055,3,AL,7030,0.403,0.597,0.043,0.003,0.0065,0.2455,0.0516,0.0011,0.0309,0.0172,0.6011,2025-11-17
NA,24.418235877,7555,Birmingham,1,14384,1360645,0.660555005,0.4502907782,9689,0,0,2,Jefferson State Community College,www.jeffersonstate.edu/,40719,0,00102200,0,0,0,0.1655,0.2863,0.3949,2,NA,NA,2,AL,5443,0.3489,0.6511,0.0371,0.0024,0.0217,0.2552,0.1034,2e-4,0.0208,0.0018,0.5574,2025-11-17
NA,23.856652164,7418,Tanner,1,12687,7340517,0.5809480192,0.455343703,12000,0,0,2,John C Calhoun State Community College,https://calhoun.edu/,38192,0,00101300,0,0,0,0.0485,0.3143,0.4474,1,NA,NA,2,AL,6928,0.4326,0.5674,0.0745,0.0101,0.0199,0.1682,0.1015,0.0017,0.0069,0.0036,0.6136,2025-11-17
NA,23.384028892,7388,Birmingham,1,15028,597500,0.5682182986,0.4747231584,PS,1,0,2,Lawson State Community College,www.lawsonstate.edu/,31701,0,00105900,0,0,0,0.0852,0.5978,0.4824,2,NA,NA,1,AL,2720,0.3467,0.6533,0.0379,7e-4,0.0037,0.7985,0.0474,0.0011,0.0044,0.0011,0.1051,2025-11-17
0.8711,22.259482759,7627,Livingston,1,22402,428997,0.5577586207,0.403210576,24944,0,0,1,University of West Alabama,www.uwa.edu/,44232,0,00102400,0.2312,0,0.0176,0.1307,0.5401,0.3401,3,NA,1015,3,AL,2666,0.2888,0.7112,0.0263,0.0075,0.0019,0.3807,0.0323,4e-4,0.0233,0.0533,0.4745,2025-11-17
NA,22.778191985,6659,Andalusia,1,10223,NA,0.624417521,0.5203426124,PS,0,0,2,Lurleen B Wallace Community College,https://www.lbwcc.edu/,32307,0,00898800,0,0,0,0.022,0.3624,0.6466,1,NA,NA,2,AL,1122,0.3734,0.6266,0.0446,0.0036,0.008,0.2228,0.0303,9e-4,0.0018,0.0036,0.6845,2025-11-17
0.5917,19.670212766,7169,Marion,1,18458,6613163,0.2340425532,0.2338028169,9250,0,0,2,Marion Military Institute,www.marionmilitary.edu/,59644,0,00102600,0,0,0,0,0.4344,0.8214,2,NA,1043,2,AL,308,0.7305,0.2695,0.0584,0.0097,0.013,0.2727,0.0877,0.0032,0.0032,0.0065,0.5455,2025-11-17
NA,21.322740113,5439,Fairfield,2,22900,25642204,0.4668079096,0.4164588529,31217,1,0,1,Miles College,https://www.miles.edu/,32627,0,00102800,0.0207,0,0,0.3034,0.7552,0.4706,3,55,NA,3,AL,1151,0.4709,0.5291,0.0026,0,9e-4,0.9513,0.0182,0,0,0.0017,0.0252,2025-11-17
0.7251,23.917989418,5790,Mobile,2,38731,22082866,0.6732804233,0.3242857143,26500,0,0,1,University of Mobile,https://www.umobile.edu/,43611,0,00102900,0.1406,0.0078,0.0039,0.1719,0.2986,1,3,75,1220,3,AL,1079,0.3967,0.6033,0.0575,0.0204,0.013,0.1761,0.0315,0.0019,0.0306,0.0463,0.6228,2025-11-17
0.539,21.02364532,8549,Montevallo,1,26233,35286697,0.6827586207,0.3252375924,24000,0,0,1,University of Montevallo,www.montevallo.edu/,42957,0,00100400,0.0773,0,0.0182,0.2159,0.3904,0.6971,3,NA,NA,3,AL,2087,0.3977,0.6023,0.0326,0.0043,0.0053,0.1639,0.0733,5e-4,0.0398,0.0249,0.6555,2025-11-17
NA,23.102762967,7059,Muscle Shoals,1,10894,1967313,0.6180319922,0.5141117875,10000,0,0,2,Northwest Shoals Community College,https://www.nwscc.edu/,33828,0,00569700,0,0,0,0.0178,0.2753,0.3816,1,NA,NA,2,AL,1924,0.3675,0.6325,0.0457,0.0026,0.0052,0.1081,0.0915,0.0016,0.0036,0.0021,0.7396,2025-11-17
0.9648,21.425309598,9049,Florence,1,22086,46153732,0.6013931889,0.36326024,22077,0,0,1,University of North Alabama,https://www.una.edu/,45415,0,00101600,0.1111,0,0.0065,0.2247,0.2411,0.5604,3,NA,NA,3,AL,5468,0.374,0.626,0.0433,0.0038,0.0219,0.0949,0.0481,9e-4,0.0647,0.0046,0.7176,2025-11-17
NA,22.996347699,7473,Rainsville,1,10620,NA,0.6026296567,0.5827759197,6100,0,0,2,Northeast Alabama Community College,https://www.nacc.edu/,34913,0,00103100,0,0,0,0.0383,0.378,0.3625,1,NA,NA,1,AL,1547,0.3652,0.6348,0.0763,0.0116,0.0045,0.0149,0.1597,0.0013,0.0032,0,0.7285,2025-11-17
0.5051,21.73015873,5758,Huntsville,2,38592,19810091,0.5860805861,0.17623498,27000,1,0,1,Oakwood University,https://www2.oakwood.edu/,42488,0,00103300,0.0419,0,0.0052,0.0681,0.4735,0.6047,3,95,NA,3,AL,1253,0.4158,0.5842,0.0255,0.0024,0,0.6935,0.0774,0,0.1516,0.0343,0.0152,2025-11-17
NA,25.61852861,7019,Evergreen,1,9066,NA,0.7411444142,0.5903225806,PS,0,0,2,Reid State Technical College,www.rstc.edu/,28982,0,00569200,0,0,0,0.0368,0.4631,0.5,1,NA,NA,1,AL,365,0.3644,0.6356,0.0384,0.0055,0.011,0.6521,0.0137,0,0,0.0027,0.2767,2025-11-17
NA,24.325904121,7389,Mobile,1,11530,151105,0.6059714045,0.4853977845,PS,1,0,2,Bishop State Community College,www.bishop.edu/,29916,0,00103000,0,0,0,0.0085,0.4195,0.3817,1,NA,NA,1,AL,2100,0.34,0.66,0.0371,0.0076,0.0195,0.6748,0.0229,0.001,0.0143,0.0033,0.2195,2025-11-17
0.8223,21.151869159,9810,Birmingham,2,53934,426345689,0.6588785047,0.1380552221,19500,0,0,1,Samford University,www.samford.edu/,58469,0,00103600,0.0513,0.0036,0.0095,0.1993,0.1084,0.99,3,54,1203,3,AL,3828,0.3412,0.6588,0.0214,0.0018,0.0133,0.0447,0.0468,0.0013,0.0076,0.0057,0.8574,2025-11-17
NA,22.368530885,7216,Tuscaloosa,1,16607,NA,0.5901502504,0.4763044519,PS,1,0,2,Shelton State Community College,www.sheltonstate.edu/,35014,0,00569100,0,0,0,0.125,0.3987,0.4526,1,NA,NA,2,AL,3191,0.408,0.592,0.0342,0.0028,0.0063,0.3867,0.0505,9e-4,0.0075,0.0013,0.5099,2025-11-17
NA,23.65647365,7673,Boaz,1,12583,2516549,0.627195836,0.5326251897,9000,0,1,2,Snead State Community College,www.snead.edu/,35735,0,00103800,0,0,0,0.1119,0.3359,0.3359,1,NA,NA,2,AL,1494,0.3588,0.6412,0.0388,0.004,0.0067,0.0763,0.2242,0.0013,0.0047,0.0013,0.6426,2025-11-17
0.6549,21.947266881,7764,Mobile,1,22070,466054000,0.6229367631,0.334257975,24929,0,0,1,University of South Alabama,www.southalabama.edu/,49379,0,00105700,0.0492,0.0851,0.0058,0.0994,0.3713,0.6575,3,NA,1119,3,AL,8540,0.3823,0.6177,0.0451,0.006,0.0398,0.2203,0.0521,0.0013,0.0112,0.0151,0.6091,2025-11-17
0.591,19.902140673,5642,Mobile,2,37172,16618358,0.6452599388,0.2516339869,27000,0,0,1,Spring Hill College,https://www.shc.edu/,51500,0,00104100,0.0502,0,0.0274,0.3014,0.3301,0.6452,3,30,1090,3,AL,850,0.4482,0.5518,0.0188,0.0082,0.0129,0.1341,0.0965,0,0.1035,0.0541,0.5718,2025-11-17
0.7422,21.027729636,5415,Tuscaloosa,2,23485,19839522,0.4610051993,0.4105058366,29067,1,0,1,Stillman College,https://stillman.edu/,35421,0,00104400,0.1596,0,0,0.2553,0.682,0.5476,3,66,NA,3,AL,761,0.4455,0.5545,0,0,0.0013,0.8581,0.0053,0,0.0355,0.025,0.0749,2025-11-17
0.9925,21.151639344,5951,Talladega,2,23441,2986503,0.4897540984,0.3980582524,28500,1,0,1,Talladega College,www.talladega.edu/,32229,0,00104600,0.0417,0,0.0069,0.3125,0.7551,0.4659,3,76,NA,3,AL,782,0.5627,0.4373,0.0141,0.0038,0.0013,0.7788,0.0844,0.0013,0,0.0665,0.0499,2025-11-17
NA,24.243680485,7119,Montgomery,1,12148,NA,0.5389282103,0.4304399524,PS,1,0,2,H Councill Trenholm State Community College,www.trenholmstate.edu/,32183,0,00573400,0,0,0,0.0137,0.5519,0.438,2,NA,NA,1,AL,1584,0.3535,0.6465,0.0303,0.0025,0.0095,0.7178,0.0499,6e-4,0.0044,6e-4,0.1843,2025-11-17
0.9261,25.749796913,7491,Troy,1,21816,163701443,0.6510154346,0.3898457122,25000,0,0,1,Troy University,www.troy.edu/,42062,0,00104700,0.0634,0,9e-4,0.1823,0.423,0.5016,3,NA,1086,3,AL,10089,0.3573,0.6427,0.0426,0.0028,0.0076,0.3195,0.0474,0.0013,0.0261,0.0223,0.5305,2025-11-17
0.3143,19.723193916,7309,Tuskegee,2,41924,142900904,0.6509505703,0.2306438468,27000,1,0,1,Tuskegee University,https://www.tuskegee.edu/,49641,0,00105000,0.0195,0.1585,0.0024,0.1317,0.4767,0.8604,3,NA,1121,3,AL,2367,0.3629,0.6371,0.0351,0.0025,0.003,0.9248,0.0017,4e-4,0,0.0253,0.0072,2025-11-17
0.3529,31.901408451,7452,Daphne,2,NA,1000000,0.2394366197,PS,PS,0,0,1,United States Sports University,https://www.ussa.edu/,55257,0,02170600,0.4,0,0,0,0.3478,0.2444,3,NA,NA,3,AL,136,0.875,0.125,0.0147,0.0147,0,0.2794,0.1324,0,0.0074,0.2059,0.3456,2025-11-17
NA,23.368186323,7606,Jasper,1,15238,325011,0.6496531219,0.5308083663,PS,0,0,2,Bevill State Community College,www.bscc.edu/,34107,0,00573300,0,0,0,0.0103,0.3027,0.5591,1,NA,NA,2,AL,2189,0.3591,0.6409,0.0402,0.0023,0.0046,0.1759,0.0306,0.0014,0,0.0014,0.7437,2025-11-17
0.6652,25.107503075,9957,Anchorage,1,21848,88768224,0.5987699877,0.3891938746,20210,0,0,1,University of Alaska Anchorage,www.uaa.alaska.edu/,51871,0,01146200,0.0014,0.0416,0.0021,0.129,0.191,0.5389,3,NA,NA,3,AK,6916,0.4037,0.5963,0.1163,0.0535,0.1252,0.0369,0.1134,0.0068,0.0182,0.0435,0.4863,2025-11-17
NA,25.450308815,10130,Fairbanks,1,21182,142226396,0.5940482875,0.3988326848,20291,0,0,1,University of Alaska Fairbanks,www.uaf.edu/,48866,1,00106300,0.045,0.0531,0.0035,0.1303,0.2237,0.6217,3,NA,NA,3,AK,4027,0.3919,0.6081,0.1065,0.1331,0.0313,0.0335,0.0976,0.006,0.0112,0.0499,0.5309,2025-11-17
0.625,26.966861598,9091,Juneau,1,16796,9130228,0.6978557505,0.3951434879,19111,0,0,1,University of Alaska Southeast,www.uas.alaska.edu/,48475,1,00106500,0.08,0,0.0086,0.1886,0.1398,0.4972,1,NA,NA,3,AK,920,0.3185,0.6815,0.1424,0.1065,0.0641,0.0109,0.0946,0.0033,0.0076,0.0326,0.538,2025-11-17
0.8621,25.582191781,7297,Anchorage,2,34964,89661298,0.6301369863,PS,23500,0,0,1,Alaska Pacific University,www.alaskapacific.edu/,54271,1,00106100,0,0,0,0.1869,0.3442,0.4775,3,71,NA,3,AK,400,0.275,0.725,0.115,0.2325,0.07,0.0275,0.09,0.015,0.0075,0.11,0.3325,2025-11-17
NA,26.168539326,NA,Seward,1,NA,NA,0.2865168539,0.4413793103,PS,0,0,3,Alaska Vocational Technical Center,www.avtec.edu/,51083,0,03160300,0,0,0,0.1596,0.0602,NA,1,NA,NA,1,AK,452,0.7876,0.2124,0.0752,0.2478,0.0088,0.0155,0.0288,0.0066,0,0.1195,0.4978,2025-11-17
0.9019,24.7478311,12336,Tempe,1,28047,1151139450,0.5568306611,0.3813179205,19500,0,1,1,Arizona State University Campus Immersion,www.asu.edu/,62668,0,00108100,0.0467,0.0839,0.012,0.2361,0.2966,0.7282,3,NA,NA,3,AZ,64398,0.5155,0.4845,0.0498,0.0104,0.0908,0.0425,0.2603,0.002,0.0762,0.033,0.435,2025-11-17
NA,23.218195266,8003,Yuma,1,15857,4127898,0.5322978304,0.6107646866,4826,0,1,2,Arizona Western College,https://www.azwestern.edu/,36857,0,00107100,0.0317,0.0158,0.009,0.0317,0.3918,0.3478,2,NA,NA,1,AZ,6198,0.3969,0.6031,0.0153,0.0108,0.0087,0.0123,0.738,6e-4,0.0176,0.0849,0.1118,2025-11-17
0.8566,21.308737695,12224,Tucson,1,28543,1203998436,0.5628539071,0.3140729569,19620,0,1,1,University of Arizona,https://www.arizona.edu/,59979,0,00108300,0.0318,0.0654,0.0145,0.1459,0.2624,0.7627,3,NA,1261,3,AZ,40769,0.4429,0.5571,0.0498,0.0151,0.0495,0.0431,0.2762,0.0022,0.0453,0.0466,0.4721,2025-11-17
NA,25.708389262,7319,Coolidge,1,9024,6211444,0.5983221477,0.498192045,10010,0,0,2,Central Arizona College,www.centralaz.edu/,40513,0,00728300,0.0716,0,0,0.029,0.2874,1,1,NA,NA,1,AZ,4892,0.3741,0.6259,0.0243,0.0219,0.0168,0.0542,0.4231,0.0057,0.0168,0.1237,0.3136,2025-11-17
NA,24.1831972,7072,Sierra Vista,1,13638,20901478,0.5676779463,0.4862385321,6750,0,1,2,Cochise County Community College District,https://www.cochise.edu/,38033,0,00107200,0.0126,0.0025,0,0.0181,0.3858,0.4262,2,NA,NA,2,AZ,3007,0.4569,0.5431,0.0442,0.0057,0.0153,0.0452,0.5101,0.004,0.0269,0.0096,0.3389,2025-11-17
NA,24.151447661,8273,Thatcher,1,16280,8773460,0.5723830735,0.3934707904,PS,0,1,2,Eastern Arizona College,www.eac.edu/,38018,0,00107300,0.0288,0,0.0018,0.1196,0.1721,0.3872,1,NA,NA,1,AZ,3058,0.4192,0.5808,0.0131,0.068,0.0082,0.0249,0.2263,0.0049,0.019,0.0409,0.5948,2025-11-17
0.7519,25.385231459,9669,Prescott,2,60158,69342000,0.1816434407,0.3554592721,23666,0,0,1,Embry-Riddle Aeronautical University-Prescott,prescott.erau.edu/,84131,0,00147902,0,0.3997,0,0.0375,0.174,0.752,3,NA,1256,3,AZ,3245,0.7193,0.2807,0.0801,0.0055,0.0666,0.0206,0.1569,0.0052,0.0851,0.0231,0.5569,2025-11-17
NA,24.81320098,10269,Glendale,1,18056,NA,0.5678741782,0.529686243,6960,0,1,1,Glendale Community College,www.gccaz.edu/,43108,0,00107600,0.0328,0.0053,0.0015,0.0976,0.2614,1,1,NA,NA,1,AZ,10180,0.4381,0.5619,0.0485,0.0128,0.0455,0.0659,0.4528,0.0016,0.0127,0.0208,0.3394,2025-11-17
NA,27.913286713,9350,Phoenix,1,18316,NA,0.6181818182,0.5662280702,6750,0,1,1,GateWay Community College,www.gatewaycc.edu/,46147,0,00830300,0.001,5e-4,5e-4,0.064,0.2862,1,1,NA,NA,1,AZ,3473,0.2966,0.7034,0.0403,0.0233,0.0348,0.1109,0.5189,0.0029,0.0035,0.013,0.2525,2025-11-17
NA,25.266043128,10272,Mesa,1,18975,NA,0.545336451,0.4578514912,7473,0,1,2,Mesa Community College,www.mesacc.edu/,44034,0,00107700,0.0162,0.0019,4e-4,0.1042,0.2006,1,1,NA,NA,2,AZ,12049,0.4666,0.5334,0.0502,0.0331,0.04,0.0622,0.3601,0.0036,0.0179,0.0168,0.4161,2025-11-17
NA,27.525912839,6630,Kingman,1,10952,5247432,0.6301531213,0.5360896987,9700,0,1,2,Mohave Community College,https://www.mohave.edu/,35522,0,01186400,0.0145,0,0.0021,0.0527,0.3093,0.1975,1,NA,NA,2,AZ,2750,0.2865,0.7135,0.0469,0.0138,0.0142,0.0171,0.2873,0.004,0,0.0145,0.6022,2025-11-17
NA,24.198358413,6503,Tsaile,1,13872,7228310,0.634746922,0.4318936877,PS,0,0,1,Dine College,https://www.dinecollege.edu/,29188,0,00824600,0.1239,0.0619,0.0442,0.1504,0.3895,1,2,NA,NA,2,AZ,1507,0.2687,0.7313,7e-4,0.9907,0.0013,0.0013,0,0,0.0027,0,0.0033,2025-11-17
0.9095,24.125097428,9585,Flagstaff,1,29495,231491268,0.6385814497,0.3868625756,19000,0,1,1,Northern Arizona University,https://nau.edu/,54384,0,00108200,0.0861,0.0376,0.0067,0.1698,0.2983,0.7066,3,NA,NA,3,AZ,23041,0.365,0.635,0.0561,0.0347,0.0383,0.0292,0.265,0.0023,0.0191,0.0111,0.5443,2025-11-17
NA,26.976676385,7265,Holbrook,1,14174,12414,0.6224489796,0.4664371773,PS,0,0,2,Northland Pioneer College,www.npc.edu/,34199,1,01186200,0.0633,0,0,0.0532,0.1369,0.4603,1,NA,NA,1,AZ,1024,0.2979,0.7021,0.0195,0.3428,0.0127,0.001,0.1553,0.002,0,0.126,0.3408,2025-11-17
NA,25.673577083,9778,Phoenix,1,18033,NA,0.6298529966,0.6157552397,6750,0,1,2,Phoenix College,www.phoenixcollege.edu/,40870,0,00107800,0.0115,0.0074,0,0.1462,0.2888,1,1,NA,NA,2,AZ,6952,0.3501,0.6499,0.0335,0.0214,0.0283,0.0928,0.5718,0.0013,0.0121,0.0165,0.2222,2025-11-17
NA,24.66969086,8373,Tucson,1,8916,6820779,0.5442428315,0.4776079734,7000,0,1,2,Pima Community College,www.pima.edu/,39810,0,00726600,0.032,0,0,0.1196,0.3267,0.3052,1,NA,NA,1,AZ,13869,0.4325,0.5675,0.0331,0.0164,0.0274,0.0516,0.5198,0.003,0.0069,0.0129,0.3288,2025-11-17
0.9857,27.980676329,5813,Prescott,2,47228,2158441,0.6956521739,0.2319587629,16300,0,0,1,Prescott College,https://prescott.edu/,42359,0,02065300,0.098,0,0,0.0196,0.4728,0.3534,3,NA,NA,3,AZ,253,0.3597,0.6403,0.004,0.004,0.0514,0.0316,0.0632,0.004,0,0.166,0.6759,2025-11-17
NA,30.17698328,7264,Tempe,1,13740,NA,0.6757381715,0.4732347428,9500,0,1,1,Rio Salado College,www.riosalado.edu/,41015,0,02177500,0.0162,0,0,0.3265,0.073,1,1,NA,NA,1,AZ,4879,0.3579,0.6421,0.0465,0.0176,0.0326,0.1373,0.337,0.0035,0.0037,0.026,0.3958,2025-11-17
NA,25.550996483,10327,Scottsdale,1,19682,NA,0.5318483783,0.4023349798,8000,0,1,2,Scottsdale Community College,www.scottsdalecc.edu/,47905,0,00830400,0.0032,8e-4,8e-4,0.2058,0.1358,1,1,NA,NA,2,AZ,4274,0.4364,0.5636,0.0559,0.0487,0.0325,0.0442,0.2983,7e-4,0.0112,0.0213,0.4871,2025-11-17
NA,25.049096804,10288,Phoenix,1,17872,NA,0.5937934229,0.5895117541,8000,0,1,2,South Mountain Community College,www.southmountaincc.edu/,39825,0,02146600,0.0171,0,0,0.0967,0.2736,1,1,NA,NA,2,AZ,2612,0.4085,0.5915,0.041,0.0436,0.0214,0.1436,0.5674,0.0015,0.005,0.0241,0.1524,2025-11-17
0.7442,22.759109312,5432,Glendale,2,50950,419892,0.2894736842,0.3825503356,23000,0,1,1,Arizona Christian University,https://arizonachristian.edu/,51612,0,00711300,0.1659,0,0,0.2537,0.3318,0.3736,3,88,NA,3,AZ,1127,0.5901,0.4099,0.0736,0.008,0.0115,0.1118,0.2671,0.0115,0.0275,0.0044,0.4845,2025-11-17
NA,27.900881982,8423,Prescott,1,12642,16353389,0.5636287274,0.5,9000,0,1,1,Yavapai College,https://www.yc.edu/,39890,0,00107900,0.0176,0.0017,0,0.0672,0.1949,0.3095,1,NA,NA,1,AZ,3732,0.4191,0.5809,0.0399,0.0263,0.0134,0.0158,0.2337,0.0048,0.0048,0.0504,0.6109,2025-11-17
0.5774,25.515523089,7892,Little Rock,1,21013,159965311,0.6464909992,0.3910404624,22000,0,0,1,University of Arkansas at Little Rock,ualr.edu/www/,45265,0,00110100,0.0287,0.0126,0.007,0.1239,0.4105,1,3,NA,1049,3,AR,4740,0.361,0.639,0.143,0.0089,0.0194,0.2618,0.0304,2e-4,0.0287,0.0076,0.5,2025-11-17
NA,28.42,9461,Little Rock,1,NA,348414506,0.8375,0.3950276243,14000,0,0,1,University of Arkansas for Medical Sciences,https://www.uams.edu/,73827,0,00110900,0,0,0,0,0.2694,0.7749,3,NA,NA,3,AR,1361,0.1602,0.8398,0.0397,0.0044,0.0852,0.1058,0.0992,0.0022,0.0081,0.0522,0.6032,2025-11-17
NA,21.672,4972,Little Rock,2,22626,NA,0.2502857143,0.4495289367,25375,1,0,1,Arkansas Baptist College,https://www.arkansasbaptist.edu/,28418,0,00108700,0.0417,0,0,0.2083,0.4597,0.4146,3,54,NA,2,AR,373,0.7373,0.2627,0.0161,0.0027,0,0.9115,0.0456,0,0.008,0.0054,0.0107,2025-11-17
0.6554,19.920110193,6017,Batesville,2,44943,94590500,0.4325068871,0.3,21500,0,0,1,Lyon College,www.lyon.edu/,44232,0,00108800,0.0424,0,0.0424,0.2034,0.3596,1,3,66,NA,3,AR,563,0.5702,0.4298,0.0195,0.0036,0.0142,0.087,0.0799,0,0.0515,0.2771,0.4671,2025-11-17
0.7167,21.283907238,10492,Fayetteville,1,26161,1465736201,0.5588193956,0.2599614872,21500,0,0,1,University of Arkansas,https://www.uark.edu/,58191,0,00110800,0.036,0.0875,0.0053,0.2946,0.173,0.8243,3,NA,1174,3,AR,27312,0.4404,0.5596,0.0462,0.0082,0.0286,0.0395,0.1097,0.0016,0.0122,0.0083,0.7456,2025-11-17
0.5754,21.153024911,6100,Pine Bluff,1,20907,7385811,0.5960854093,0.3677375256,24202,1,0,1,University of Arkansas at Pine Bluff,www.uapb.edu/,35550,0,00108600,0.0873,0.0028,0.0028,0.1352,0.6687,0.831,3,NA,916,3,AR,1899,0.4471,0.5529,0.0195,0.0042,0.0026,0.8994,0.0258,0.0032,0.0195,0,0.0258,2025-11-17
NA,23.775151182,5300,Beebe,1,14799,773899,0.5981308411,0.4561618639,8093,0,0,2,Arkansas State University-Beebe,www.asub.edu/,36603,0,00109100,0.087,0,0,0.0624,0.3289,0.628,2,NA,NA,1,AR,1902,0.3591,0.6409,0.0384,0.0068,0.0042,0.0557,0.0678,0.0016,5e-4,0.0042,0.8207,2025-11-17
0.6967,23.319087044,7601,Jonesboro,1,22823,88808323,0.6108749161,0.3882667965,20500,0,0,1,Arkansas State University,www.astate.edu/,42617,0,00109000,0.0619,0.0187,0.004,0.1187,0.3679,1,3,NA,1119,3,AR,7994,0.3787,0.6213,0.0345,0.0029,0.0099,0.1454,0.0494,6e-4,0.0781,0.0084,0.6709,2025-11-17
0.9629,23.041621268,6868,Russellville,1,21536,62417057,0.5661364132,0.4574780059,21000,0,0,1,Arkansas Tech University,https://www.atu.edu/,41766,0,00108900,0.0418,0.0171,0.0058,0.1397,0.3375,1,2,NA,1050,3,AR,5993,0.4228,0.5772,0.0499,0.008,0.0185,0.0641,0.1178,5e-4,0.0225,0,0.7187,2025-11-17
NA,23.630971129,5921,Monticello,1,20741,4562615,0.537007874,0.4533974744,19971,0,0,1,University of Arkansas at Monticello,www.uamont.edu/,36902,0,00108500,0.0486,0,0.0022,0.1325,0.4938,1,1,NA,NA,1,AR,1868,0.3983,0.6017,0.0562,0.0027,0.0016,0.3003,0.0889,0.0016,0.007,0,0.5418,2025-11-17
1,26.0512,7869,Little Rock,2,37054,8880040,0.864,0.4169550173,10000,0,0,2,Baptist Health College Little Rock,https://www.bhclr.edu/,62244,0,03105200,0,0,0,0,0.3898,0.6471,2,54,980,2,AR,512,0.1074,0.8926,0.0371,0.002,0.0078,0.291,0.0527,0.002,0.002,0.002,0.6035,2025-11-17
NA,24.774054054,5015,Pocahontas,1,14624,143095,0.6108108108,0.4806973848,9500,0,0,2,Black River Technical College,www.blackrivertech.edu/,34818,0,02052200,0.003,0,0,0.0478,0.4036,0.5914,1,NA,NA,1,AR,938,0.3529,0.6471,0.0288,0.0011,0.0032,0.0235,0.0373,0.0021,0,0.0139,0.8902,2025-11-17
0.9047,21.152542373,7396,Conway,1,24265,52440586,0.6165561287,0.3459589224,20346,0,0,1,University of Central Arkansas,www.uca.edu/,45938,0,00109200,0.0806,0.0031,0.0074,0.1827,0.3734,0.766,3,NA,1117,3,AR,7426,0.3828,0.6172,0.0498,0.0031,0.0221,0.1673,0.0768,0.0012,0.0306,0.0016,0.6476,2025-11-17
0.4636,24.791962175,5363,Conway,2,27468,3818793,0.4609929078,0.3455497382,22250,0,0,1,Central Baptist College,www.cbc.edu/,46789,0,00109300,0.0777,0,0,0.233,0.422,0.3906,3,54,1022,3,AR,477,0.5639,0.4361,0.0482,0.0063,0.0042,0.1698,0.0964,0.0021,0.0755,0.021,0.5765,2025-11-17
NA,23.242085661,5331,De Queen,1,11738,100127,0.6759776536,0.5862068966,PS,0,1,2,Cossatot Community College of the University of Arkansas,www.cccua.edu/index.html,33775,0,02220900,0.0935,0,0,0.0432,0.3529,0.5604,1,NA,NA,1,AR,835,0.3257,0.6743,0.0683,0.0132,0.0036,0.1485,0.309,0.0012,0,0,0.4563,2025-11-17
NA,20.22875817,5603,Paragould,2,25817,1601349,0.3921568627,0.3956834532,26228,0,0,1,Crowley's Ridge College,www.crc.edu/,39533,0,00109500,0.1481,0,0,0.1481,0.48,0.4737,3,74,NA,3,AR,162,0.4938,0.5062,0,0.0062,0,0.179,0.0185,0,0,0,0.7963,2025-11-17
NA,22.305882353,5369,Forrest City,1,13028,328315,0.6658823529,0.5082872928,6000,0,0,2,East Arkansas Community College,https://www.eacc.edu/,28471,0,01226000,0.0512,0,0,0.0448,0.2689,0.3871,1,NA,NA,1,AR,492,0.3171,0.6829,0.0407,0.0081,0.0041,0.4553,0.0203,0.0081,0.0122,0.0081,0.4431,2025-11-17
NA,25.581173261,5465,Hot Springs,1,17994,1640823,0.5920873124,0.4566613162,10500,0,0,2,National Park College,www.np.edu/,32444,0,01210500,0.0281,0,0,0.066,0.4679,1,1,NA,NA,2,AR,1706,0.3769,0.6231,0,0.0094,0.0135,0.1084,0.0651,0.0041,0,0.0018,0.7978,2025-11-17
NA,24.262376238,5087,Batesville,1,16591,NA,0.6757425743,0.4585714286,10250,0,0,2,University of Arkansas Community College-Batesville,www.uaccb.edu/,33706,0,02073500,0.0646,0.0032,0,0.0501,0.4494,0.3364,1,NA,NA,1,AR,788,0.2982,0.7018,0.0698,0.0102,0.0051,0.0266,0.0926,0.0013,0.0089,0,0.7855,2025-11-17
1,20.986959506,7813,Searcy,2,36385,219637477,0.5682910089,0.2054794521,26500,0,0,1,Harding University,www.harding.edu/,52876,0,00109700,0.1333,0.027,0.0043,0.1574,0.1922,0.7064,3,74,1187,3,AR,3323,0.4544,0.5456,0.037,0.0048,0.0135,0.0503,0.0445,9e-4,0.0518,3e-4,0.7969,2025-11-17
0.8192,21.535365152,6756,Arkadelphia,1,25946,24967380,0.5543415756,0.3767383059,19500,0,0,1,Henderson State University,https://www.hsu.edu/,43459,0,00109800,0.1485,0.0094,0.0038,0.1278,0.477,0.9875,3,NA,NA,3,AR,1491,0.4735,0.5265,0.0215,0.0087,0.0107,0.2696,0.0698,0.002,0.0268,0.002,0.5889,2025-11-17
0.5298,19.430555556,8264,Conway,2,52396,219548953,0.505952381,0.1920668058,26688,0,0,1,Hendrix College,https://www.hendrix.edu/,60376,0,00109900,0,0,0,0.0427,0.2341,1,3,71,1336,3,AR,1094,0.4973,0.5027,0.0475,0.0082,0.0411,0.0704,0.0905,0.0027,0.0192,0.0247,0.6956,2025-11-17
0.6764,24.157142857,7473,Siloam Springs,2,43260,156626155,0.6155844156,0.2888283379,21250,0,0,1,John Brown University,https://www.jbu.edu/,53907,0,00110000,0.0445,0.0623,0.0059,0.1958,0.2138,0.9558,3,NA,1222,3,AR,1415,0.4247,0.5753,0.0608,0.012,0.0177,0.0113,0.1187,0.0021,0.0912,0.0014,0.6848,2025-11-17
NA,24.965789474,4466,West Memphis,1,12556,2938445,0.6394736842,0.5944272446,PS,0,0,2,Arkansas State University Mid-South,www.asumidsouth.edu/,31857,0,02348200,0.0294,0,0,0.19,0.3565,0.5636,1,NA,NA,1,AR,435,0.3862,0.6138,0.0391,0.0046,0,0.5701,0.0414,0,0.0138,0.0046,0.3264,2025-11-17
NA,23.821543408,5136,Blytheville,1,12037,3743684,0.6414790997,0.5894538606,PS,0,0,2,Arkansas Northeastern College,www.anc.edu/,33169,0,01286000,0.0523,0,0,0.2142,0.2349,1,1,NA,NA,1,AR,787,0.2973,0.7027,0.0038,0.0025,0.0025,0.3418,0.0648,0.0013,0,0.0178,0.5654,2025-11-17
NA,24.772727273,5146,Harrison,1,16367,5988544,0.5589225589,0.5375118708,9000,0,0,2,North Arkansas College,www.northark.edu/,34653,0,01226100,0.0223,0.0059,0,0.0624,0.361,0.5417,1,NA,NA,1,AR,1184,0.3666,0.6334,0.0422,0.0042,0.0051,0.0169,0.0921,0.0017,0.0068,0.016,0.815,2025-11-17
NA,26.194915254,NA,Springdale,1,16032,NA,0.3898305085,0.5863874346,PS,0,0,3,Northwest Technical Institute,www.nwti.edu/,41513,0,02073700,0,0,0,0,0.6219,NA,1,NA,NA,1,AR,217,0.7281,0.2719,0,0.023,0.0138,0.0092,0.3779,0.0507,0,0,0.5253,2025-11-17
0.6852,19.762951334,6973,Arkadelphia,2,45132,137304252,0.4945054945,0.2354892206,21050,0,0,1,Ouachita Baptist University,obu.edu/,51673,0,00110200,0.1043,0.0174,0.0029,0.1652,0.226,0.9504,3,75,1212,3,AR,1612,0.4342,0.5658,0.0354,0.0031,0.0081,0.0577,0.0596,6e-4,0.0199,0,0.8158,2025-11-17
NA,27.437699681,4689,Malvern,1,12748,NA,0.7444089457,0.5,10250,0,0,2,Arkansas State University Three Rivers,www.asutr.edu/,37374,0,00997600,0.0032,0,0,0.0271,0.1392,0.5728,1,NA,NA,1,AR,514,0.356,0.644,0.0156,0.0195,0.0039,0.2451,0.0506,0.0039,0.0019,0,0.6595,2025-11-17
NA,26.5,4861,Melbourne,1,11461,2439130,0.6975308642,0.5092198582,9818,0,0,2,Ozarka College,https://www.ozarka.edu/,29314,0,02087000,0.0403,0,0,0.049,0.469,0.5588,1,NA,NA,1,AR,564,0.2872,0.7128,0,0.0142,0.0018,0.0142,0.0337,0,0,0,0.9362,2025-11-17
0.5814,20.134831461,6861,Clarksville,2,35391,126791516,0.4859550562,0.346875,20875,0,0,1,University of the Ozarks,https://ozarks.edu/,44384,0,00109400,0.0909,0,0.026,0.3377,0.3597,0.8226,3,66,1088,3,AR,753,0.4449,0.5551,0.0412,0.008,0.0106,0.0584,0.1514,0.0066,0.2749,0.0159,0.4329,2025-11-17
1,24.364112639,5529,Morrilton,1,17345,356307,0.6057629339,0.4925261584,10315,0,0,2,University of Arkansas Community College-Morrilton,www.uaccm.edu/,34924,0,00524500,0.02,0,0,0.0481,0.4338,1,1,NA,1020,1,AR,1538,0.368,0.632,0.0527,0.0013,0.0078,0.0949,0.1242,0,0.0013,0.0039,0.7139,2025-11-17
NA,21.860791826,6137,Little Rock,2,26729,14988232,0.6232439336,0.4303405573,24736,1,0,1,Philander Smith University,https://www.philander.edu/,38427,0,00110300,0.058,0,0.0362,0.2681,0.7139,1,3,71,NA,3,AR,842,0.4786,0.5214,0.0119,0,0.0012,0.7922,0.0356,0.0202,0.0772,0.0178,0.0439,2025-11-17
NA,22.593645485,5261,Helena,1,11778,NA,0.6622073579,0.4459459459,PS,0,0,2,Phillips Community College of the University of Arkansas,www.pccua.edu/,29552,0,00110400,0.0504,0,0,0.0678,0.359,0.6364,1,NA,NA,1,AR,595,0.3008,0.6992,0.0151,0.0034,0.0017,0.5496,0.0269,0,0,0.0017,0.4017,2025-11-17
NA,24.995343423,5108,Pine Bluff,1,15876,593206,0.6519208382,0.5277401894,8600,0,0,2,Southeast Arkansas College,https://www.seark.edu/,33603,0,00570700,0.0022,0,0,0.0516,0.6292,0.3085,1,NA,NA,1,AR,748,0.3837,0.6163,0.0174,0.004,0.0094,0.5749,0.1537,0.0013,0,0,0.2393,2025-11-17
NA,26.096682733,5296,North Little Rock,1,21096,6143025,0.6138361213,0.4391447368,12080,0,0,2,University of Arkansas-Pulaski Technical College,uaptc.edu/,34722,0,02075300,0.0159,0,0,0.0748,0.5312,1,1,NA,NA,1,AR,3791,0.3318,0.6682,0.0393,0.0047,0.0153,0.4136,0.1298,0.0011,0.0145,0.0243,0.3574,2025-11-17
NA,24.32867884,5076,Hope,1,13787,3072447,0.6895810956,0.5503778338,PS,0,0,2,University of Arkansas Hope-Texarkana,www.uaht.edu/index.php,34162,0,00573200,0.0606,0,0,0.0638,0.3754,0.4691,1,NA,NA,1,AR,697,0.2726,0.7274,0.0359,0.0072,0.0029,0.3329,0.1205,0.0072,0.0086,0.0029,0.4821,2025-11-17
NA,24.113861386,4261,Mena,1,12933,4093445,0.650990099,0.6353276353,6500,0,0,2,University of Arkansas Community College Rich Mountain,https://www.uarichmountain.edu/,30037,0,02111100,0.0134,0,0,0.0268,0.38,0.5476,1,NA,NA,1,AR,475,0.3937,0.6063,0.0189,0.0316,0.0126,0.0147,0.1347,0.0042,0.0421,0,0.7411,2025-11-17
NA,33.14017341,4333,N Little Rock,2,18713,NA,0.4725433526,0.5572815534,29500,1,0,2,Shorter College,www.shortercollege.edu/,NA,0,00110500,0,0,0,0.1964,0.8255,0.1449,2,51,NA,2,AR,290,0.4448,0.5552,0,0.0172,0.0034,0.7552,0.0276,0,0,0.0034,0.1931,2025-11-17
0.5888,20.942307692,5488,Walnut Ridge,2,32222,12875667,0.4346153846,0.3235294118,21820,0,0,1,Williams Baptist University,https://williamsbaptistuniversity.com/,38484,0,00110600,0.1626,0,0,0.1138,0.4715,1,3,75,1018,3,AR,490,0.498,0.502,0.0224,0.002,0.0061,0.1245,0.0327,0.002,0.0633,0,0.7469,2025-11-17
NA,26.326585695,5125,El Dorado,1,12138,3982965,0.7327935223,0.539556962,11153,0,0,2,South Arkansas College,www.southark.edu/,34521,0,02074600,0.0769,0,0,0.0292,0.4208,1,1,NA,NA,1,AR,879,0.2651,0.7349,0.0364,0.0023,0.0023,0.3902,0.0717,0,0.0068,0.0034,0.4869,2025-11-17
0.6659,21.33203125,7371,Magnolia,1,24721,62613250,0.5619419643,0.4209215442,18750,0,0,1,Southern Arkansas University Main Campus,https://www.saumag.edu/,42386,0,00110700,0.1113,0.0176,0.0046,0.1744,0.446,0.59,3,NA,1050,3,AR,2865,0.4227,0.5773,0.0576,0.0073,0.0063,0.2314,0.0565,0,0.0147,0.0031,0.623,2025-11-17
NA,24.719512195,4515,Camden,1,16488,1151663,0.5644599303,0.5243902439,6000,0,0,2,Southern Arkansas University Tech,https://www.sautech.edu/,36376,0,00773800,0.0061,0,0.0015,0.0291,0.4051,0.6988,1,NA,NA,1,AR,663,0.356,0.644,0.0618,0,0.0015,0.3861,0.0362,0,0,0,0.5143,2025-11-17
0.8147,22.930601698,7228,Fort Smith,1,18052,104427695,0.5636766334,0.4840221559,18250,0,0,1,University of Arkansas-Fort Smith,https://uafs.edu/,41102,0,00111000,0.0604,0.0135,0.001,0.2223,0.3914,0.6171,3,NA,1050,3,AR,4133,0.3879,0.6121,0.1074,0.0223,0.0486,0.0387,0.1914,5e-4,0.0131,0,0.578,2025-11-17
NA,25.933333333,11579,Alameda,1,17578,NA,0.542962963,0.5613107822,PS,0,1,2,College of Alameda,https://alameda.edu/,42563,0,00672000,0,0,0.0333,0.0708,0.0993,0.5116,2,NA,NA,1,CA,4274,0.424,0.576,0.0739,0.0028,0.2267,0.1975,0.2782,0.0047,0.0136,0.0342,0.1685,2025-11-17
NA,23.228946409,9403,Santa Maria,1,11544,16058788,0.5370032811,0.5947006869,PS,0,1,2,Allan Hancock College,www.hancockcollege.edu/,42786,0,00111100,7e-4,0.003,0.0131,0.0566,0.2327,0.3605,2,NA,NA,2,CA,7812,0.4654,0.5346,0.0301,0.0032,0.0301,0.0188,0.7021,0.0055,0.002,0.0164,0.1918,2025-11-17
0.8968,20.658730159,6749,Los Angeles,2,55265,1141829,0.5952380952,0.2339832869,12000,0,0,2,American Academy of Dramatic Arts-Los Angeles,www.aada.edu/,27019,0,00746501,0,0,0,0,0.2785,0.2105,2,NA,NA,2,CA,169,0.4201,0.5799,0.0828,0,0.0296,0.1065,0.1243,0,0.3077,0,0.3491,2025-11-17
NA,26.977786753,10991,Sacramento,1,12986,NA,0.5744480345,0.5141478029,9625,0,1,2,American River College,https://www.arc.losrios.edu/,40162,0,00123200,5e-4,0.0058,0.0095,0.1037,0.1989,0.412,2,NA,NA,1,CA,25758,0.5363,0.4637,0.0521,0.0056,0.1117,0.0696,0.329,0.0086,0.0017,0.0602,0.3615,2025-11-17
NA,24.98190709,10708,Lancaster,1,15158,6686245,0.588590057,0.5615699806,12500,0,1,1,Antelope Valley Community College District,www.avc.edu/,36526,0,00111300,0.0016,0.0103,0.0122,0.0661,0.4203,0.2503,2,NA,NA,2,CA,10905,0.4313,0.5687,0.0375,0.0022,0.0343,0.1346,0.6481,0.0014,0.0019,0.0105,0.1295,2025-11-17
0.7498,22.846570397,8726,Pasadena,2,71652,127039000,0.5523465704,0.2428842505,31000,0,0,1,Art Center College of Design,www.artcenter.edu/,71958,0,00111600,0,0,0,0,0.245,0.2389,3,NA,NA,3,CA,2054,0.409,0.591,0.0394,0,0.3043,0.0151,0.1013,0.0024,0.443,0,0.0944,2025-11-17
0.7948,26.05728789,10096,Azusa,2,54735,89461386,0.7258883249,0.3798259924,23219,0,1,1,Azusa Pacific University,www.apu.edu/,66677,0,00111700,0.0016,0.0072,0.0064,0.1099,0.3465,0.349,3,88,1155,3,CA,2977,0.3161,0.6839,0.0527,0.004,0.1407,0.0665,0.3839,0.0094,0.0417,0.0386,0.2623,2025-11-17
NA,23.196973425,11454,Bakersfield,1,13726,13049194,0.5835383858,0.6305084746,8312,0,1,1,Bakersfield College,https://www.bakersfieldcollege.edu/,37291,0,00111800,0.0037,0.0034,0.0069,0.0376,0.2876,0.5346,2,NA,NA,2,CA,16451,0.4493,0.5507,0.034,0.0031,0.0381,0.0551,0.6509,0.0011,0.0031,0.005,0.2095,2025-11-17
NA,26.909275215,10814,Barstow,1,20871,919514,0.6279776989,0.531069827,3500,0,1,2,Barstow Community College,www.barstow.edu/,35104,0,00111900,0,0,0,0.1471,0.4745,0.2234,2,NA,NA,2,CA,2585,0.3451,0.6549,0.075,0.0062,0.0375,0.1981,0.4476,0.0081,0.0015,0.012,0.2139,2025-11-17
NA,26.635416667,4123,Anaheim,2,11766,NA,0.34375,0.4939759036,9000,0,0,1,Bethesda University,www.buc.edu/,NA,0,03266300,0.1034,0,0,0.7586,0.25,0.125,3,99,NA,3,CA,212,0.6934,0.3066,0.0566,0.0094,0.0283,0.184,0.1887,0.0094,0.4292,0.0094,0.0849,2025-11-17
0.6008,20.36529372,8314,La Mirada,2,58430,152137916,0.6677920324,0.2355072464,23875,0,0,1,Biola University,https://www.biola.edu/,56778,0,00112200,0.0429,0.0147,0.0159,0.1544,0.2601,1,3,88,1258,3,CA,3390,0.4047,0.5953,0.0858,0.0012,0.1286,0.031,0.2363,0.0018,0.0678,0.0442,0.4032,2025-11-17
NA,23.837253655,11596,Oroville,1,13636,5219454,0.5126086035,0.5085910653,10500,0,1,2,Butte College,www.butte.edu/,41810,0,00807300,0.0154,8e-4,0.0065,0.0813,0.3359,0.3155,2,NA,NA,2,CA,8384,0.4399,0.5601,0.063,0.016,0.0553,0.0225,0.3373,0.0019,0.0107,0.0112,0.482,2025-11-17
NA,23.977326036,10323,Aptos,1,23625,32717466,0.5586395622,0.5075718016,14380,0,1,2,Cabrillo College,https://www.cabrillo.edu/,44114,0,00112400,0,0.0126,0.0157,0.1122,0.224,0.4331,2,NA,NA,2,CA,7404,0.4335,0.5665,0.0552,0.0027,0.0266,0.0089,0.5103,0.002,0.0063,0.01,0.3779,2025-11-17
0.7357,24.09567021,10668,Riverside,2,52408,119106756,0.6606170599,0.4160798122,26063,0,1,1,California Baptist University,www.calbaptist.edu/,61504,0,00112500,0.0378,0.0724,0.0059,0.1518,0.4096,0.4943,3,75,NA,3,CA,7914,0.3772,0.6228,0.0576,0.0048,0.0615,0.0625,0.423,0.0068,0.0195,0.0441,0.3201,2025-11-17
0.734,21.543243243,9086,San Francisco,2,78664,43266000,0.6189189189,0.2441860465,27000,0,0,1,California College of the Arts,www.cca.edu/,49414,0,00112700,0,0,0,0,0.2474,0.2292,3,NA,NA,3,CA,1004,0.3297,0.6703,0.0618,0.003,0.1584,0.0349,0.1643,0,0.3406,0.0359,0.2012,2025-11-17
0.0314,19.347826087,22762,Pasadena,2,83598,3390504000,0.4565217391,PS,PS,0,0,1,California Institute of Technology,www.caltech.edu/,128566,0,00113100,0,0.3605,0.1073,0,0.1487,0.9304,3,NA,NA,3,CA,1023,0.567,0.433,0.0899,0.002,0.3539,0.0371,0.1896,0,0.1232,0.0049,0.1994,2025-11-17
0.8888,22.313108614,10463,Thousand Oaks,2,63768,143062043,0.6172284644,0.3538587849,21669,0,1,1,California Lutheran University,www.callutheran.edu/,68712,0,00113300,0,0.0013,0.0093,0.252,0.3016,1,3,39,1224,3,CA,2374,0.4629,0.5371,0.0653,0.0013,0.0543,0.04,0.4132,0.0051,0.0358,0.0202,0.3648,2025-11-17
0.2975,20.141066545,11452,San Luis Obispo,1,29918,243030195,0.5029626253,0.2480620155,18500,0,1,1,California Polytechnic State University-San Luis Obispo,calpoly.edu/,90768,0,00114300,0.0107,0.2367,0.0186,0.1726,0.1832,0.6907,3,NA,NA,3,CA,21521,0.4985,0.5015,0.079,0.0011,0.144,0.0069,0.2311,0.0026,0.0086,0.0296,0.4972,2025-11-17
0.8819,23.174311927,10274,Bakersfield,1,18815,35096739,0.6426605505,0.5817223199,16600,0,1,1,California State University-Bakersfield,www.csub.edu/,59009,0,00799300,0.0594,0.0238,0.0091,0.165,0.612,0.5383,3,NA,NA,3,CA,8183,0.3473,0.6527,0.0213,0.0031,0.0692,0.0422,0.6883,9e-4,0.0145,0.0372,0.1235,2025-11-17
0.9747,23.210428737,10561,Turlock,1,18542,17521345,0.6771726535,0.5994566858,13540,0,1,1,California State University-Stanislaus,https://www.csustan.edu/,63188,0,00115700,0.0262,0,0.0159,0.1652,0.5531,0.5287,3,NA,NA,3,CA,8564,0.3392,0.6608,0.0253,0.0021,0.0893,0.0285,0.6297,0.0062,0.0041,0.0416,0.1732,2025-11-17
0.9825,22.733373713,10810,San Bernardino,1,16910,46844837,0.6247122956,0.5968578162,14715,0,1,1,California State University-San Bernardino,www.csusb.edu/,59977,0,00114200,0.0012,0.0103,0.0196,0.1792,0.5713,0.4573,3,NA,NA,3,CA,15771,0.3884,0.6116,0.0252,0.0015,0.0607,0.0524,0.7228,0.001,0.0116,0.0249,0.0997,2025-11-17
0.737,22.382135827,11656,Pomona,1,22672,149864736,0.4947096457,0.4927816639,16000,0,1,1,California State Polytechnic University-Pomona,www.cpp.edu/,71902,0,00114400,0.0231,0.1658,0.0126,0.2713,0.4603,0.4669,3,NA,NA,3,CA,24271,0.5562,0.4438,0.0385,0.001,0.2224,0.0245,0.5426,0.0017,0.0124,0.0246,0.1322,2025-11-17
0.9372,22.35678392,10386,Chico,1,25590,81761062,0.5745917085,0.4734012975,16552,0,1,1,California State University-Chico,www.csuchico.edu/,64172,0,00114600,0.0147,0.0592,0.0099,0.141,0.4008,0.5733,3,NA,NA,3,CA,13057,0.4451,0.5549,0.0575,0.0044,0.0574,0.0281,0.3842,0.0023,0.0103,0.0352,0.4205,2025-11-17
0.9132,25.305068383,10743,Carson,1,15449,22480427,0.6572807723,0.5905017921,13807,0,1,1,California State University-Dominguez Hills,https://www.csudh.edu/,57162,0,00114100,0.0721,0,0.0124,0.172,0.6104,0.4635,3,NA,NA,3,CA,12642,0.3994,0.6006,0.0212,6e-4,0.0672,0.1199,0.7165,0.0021,0.0079,0.0221,0.0424,2025-11-17
0.9638,22.340420892,10275,Fresno,1,18650,199855793,0.6211972522,0.5324517404,14505,0,1,1,California State University-Fresno,www.fresnostate.edu/,61244,0,00114700,0.017,0.0338,0.0092,0.1193,0.5573,0.5416,3,NA,NA,3,CA,21070,0.4165,0.5835,0.0239,0.0028,0.118,0.0301,0.6228,0.0012,0.0243,0.0265,0.1503,2025-11-17
0.8674,22.855964516,11109,Fullerton,1,16767,125170390,0.5980079371,0.4944552529,13750,0,1,1,California State University-Fullerton,www.fullerton.edu/,62951,0,00113700,0.0437,0.0359,0.0056,0.2343,0.4714,0.4951,3,NA,NA,3,CA,36956,0.43120000000000003,0.5688,0.0364,0.0011,0.2151,0.0236,0.5432,0.0015,0.0122,0.0229,0.144,2025-11-17
0.9681,24.616321762,11430,Hayward,1,22803,22543520,0.659212283,0.5092975207,16544,0,1,1,California State University-East Bay,https://www.csueastbay.edu/,71401,0,00113800,0,0.0082,0.0127,0.2441,0.4357,0.4487,3,NA,NA,3,CA,10422,0.4122,0.5878,0.0517,0.0012,0.2206,0.0923,0.4088,0.0101,0.0232,0.0398,0.1524,2025-11-17
0.4712,22.631205088,11149,Long Beach,1,20310,108177617,0.5901544561,0.4862716763,14289,0,1,1,California State University-Long Beach,www.csulb.edu/,64403,0,00113900,0,0.0849,0.012,0.159,0.4932,0.4567,3,NA,NA,3,CA,34131,0.4155,0.5845,0.0469,0.001,0.2124,0.0359,0.5127,0.0023,0.0214,0.019,0.1485,2025-11-17
0.9193,23.049723757,11197,Los Angeles,1,17153,55013887,0.6057798555,0.6153393718,13000,0,1,1,California State University-Los Angeles,https://www.calstatela.edu/,59211,0,00114000,0.0761,0.0429,0.0066,0.1601,0.6605,0.4162,3,NA,NA,3,CA,21478,0.433,0.567,0.0146,8e-4,0.1014,0.0397,0.7716,6e-4,0.0106,0.0203,0.0406,2025-11-17
0.9315,22.681205723,11094,Northridge,1,20317,198276391,0.5794554799,0.5386728094,13872,0,1,1,California State University-Northridge,https://www.csun.edu/,59115,0,00115300,0.0386,0.0424,0.0068,0.1847,0.5599,0.4456,3,NA,NA,3,CA,32357,0.4682,0.5318,0.0311,8e-4,0.089,0.0526,0.572,0.0015,0.0313,0.0343,0.1874,2025-11-17
0.9362,23.194871795,10624,Sacramento,1,22714,66309218,0.5933941764,0.4904833191,15000,0,1,1,California State University-Sacramento,https://www.csus.edu/,64876,0,00115000,0.0595,0.0639,0.0064,0.1278,0.4863,0.4705,3,NA,NA,3,CA,27867,0.4457,0.5543,0.0585,0.0026,0.2087,0.0664,0.3862,0.0099,0.0153,0.0349,0.2176,2025-11-17
0.1166,21.506537388,20183,Berkeley,1,42708,2727165000,0.5464962539,0.3458005249,13000,0,0,1,University of California-Berkeley,www.berkeley.edu/,92446,0,00131200,0,0.1224,0.0379,0.0464,0.2733,0.7029,3,NA,NA,3,CA,33073,0.4406,0.5594,0.0622,0.0011,0.3524,0.0213,0.218,0.001,0.1149,0.0339,0.1952,2025-11-17
0.4163,21.202801724,17719,Davis,1,38067,634651000,0.6267241379,0.4083114282,13000,0,1,1,University of California-Davis,ucdavis.edu/,80838,0,00131300,0.0016,0.0895,0.0367,0.0601,0.3078,0.8651,3,NA,NA,3,CA,31777,0.4081,0.5919,0.063,0.0011,0.3134,0.0174,0.2457,0.0022,0.1308,0.0211,0.2054,2025-11-17
0.2557,20.456399515,18213,Irvine,1,36121,723966000,0.5660897365,0.4398111723,15000,0,1,1,University of California-Irvine,www.uci.edu/,80735,0,00131400,0.034,0.1208,0.0295,0.1184,0.3729,0.8416,3,NA,NA,3,CA,29494,0.441,0.559,0.0641,0.0015,0.3863,0.0191,0.2624,0.0011,0.1189,0.0178,0.1289,2025-11-17
0.0873,21.083592708,21778,Los Angeles,1,36643,2903804000,0.6031569586,0.3808913934,14000,0,1,1,University of California-Los Angeles,www.ucla.edu/,82511,0,00131500,0.0108,0.0769,0.0815,0.0026,0.271,0.7434,3,NA,NA,3,CA,33040,0.3895,0.6105,0.0752,0.0015,0.2989,0.033,0.2321,0.0016,0.0769,0.0298,0.2511,2025-11-17
0.633,20.26240301,16295,Riverside,1,34975,236970000,0.5768869034,0.4834699068,17500,0,1,1,University of California-Riverside,www.ucr.edu/,67699,0,00131600,0.0314,0.0698,0.0327,0.1445,0.4669,0.8903,3,NA,NA,3,CA,22644,0.4779,0.5221,0.0474,5e-4,0.358,0.0341,0.4008,0.0016,0.0399,0.0127,0.105,2025-11-17
0.2452,20.78065032,18460,La Jolla,1,36325,1196455000,0.5198560768,0.3957082833,15500,0,1,1,University of California-San Diego,www.ucsd.edu/,84943,0,00131700,0.0066,0.1095,0.045,0.03,0.3289,0.8795,3,NA,NA,3,CA,33787,0.462,0.538,0.0634,8e-4,0.3432,0.0179,0.2526,7e-4,0.118,0.0216,0.1818,2025-11-17
0.2778,20.176479775,19799,Santa Barbara,1,36776,352376000,0.5778541309,0.4240058108,13993,0,1,1,University of California-Santa Barbara,www.ucsb.edu/,74915,0,00132000,0,0.0364,0.0933,0.0072,0.2799,0.8968,3,NA,NA,3,CA,23205,0.4301,0.5699,0.0885,0.0015,0.1867,0.0203,0.2604,6e-4,0.0977,0.027,0.3173,2025-11-17
0.6254,20.455008787,16951,Santa Cruz,1,38649,145468000,0.5430579965,0.3674975075,16666,0,1,1,University of California-Santa Cruz,www.ucsc.edu/,68396,0,00132100,0.0153,0.0343,0.023,0.0618,0.3175,0.8415,3,NA,NA,3,CA,17812,0.4837,0.5163,0.0851,8e-4,0.2465,0.0195,0.285,0.0013,0.031,0.023,0.3078,2025-11-17
0.2595,21.19205298,10050,Valencia,2,78425,215891775,0.5264900662,0.1573426573,25000,0,0,1,California Institute of the Arts,https://www.calarts.edu/,41198,0,00113200,0,0,0,0,0.2213,0.4675,3,NA,NA,3,CA,881,0.395,0.605,0.0749,0.0023,0.0885,0.0465,0.151,0.0011,0.2736,0.0318,0.3303,2025-11-17
0.9873,21.15920398,11356,Vallejo,1,27138,12264913,0.1915422886,0.1994750656,24965,0,0,1,California State University Maritime Academy,https://www.csum.edu/,94784,0,00113400,0,0.1258,0,0.1987,0.2871,0.7625,3,NA,NA,3,CA,761,0.8108,0.1892,0.0946,0.0053,0.1025,0.0315,0.2221,0.0092,0.0039,0.053900000000000003,0.477,2025-11-17
NA,25.743498818,11843,Redwood City,1,9514,NA,0.6548463357,0.5727848101,PS,0,1,2,Canada College,canadacollege.edu/,50087,0,00697300,0.0379,0.0063,0.0063,0.1136,0.1001,0.4136,2,NA,NA,2,CA,4878,0.3993,0.6007,0.0472,0.001,0.1671,0.0295,0.4301,0.0139,0.0314,0.0324,0.2474,2025-11-17
NA,23.748170174,13677,Santa Clarita,1,10243,2499899,0.5697621226,0.5146265266,9612,0,1,2,College of the Canyons,www.canyons.edu/,49022,0,00890300,0,0.0022,0.0165,0.1439,0.1663,0.3086,2,NA,NA,2,CA,15365,0.5588,0.4412,0.0373,0.0012,0.0903,0.0527,0.5277,0.0033,0.0075,0.0273,0.2527,2025-11-17
0.3641,28.555555556,4015,Sherman Oaks,2,NA,NA,0.6222222222,0.5291479821,26791,0,1,1,Casa Loma College-Los Angeles,https://www.casalomacollege.edu/,49854,0,00673100,0,0,0,0,0.5511,0.8113,2,NA,NA,1,CA,581,0.3373,0.6627,0.0207,0,0.0568,0.0275,0.4785,0.0034,0,0.1824,0.2306,2025-11-17
NA,29.452200303,NA,San Diego,2,NA,NA,0.3389984825,0.6925388082,7041,0,0,3,CET-San Diego,https://www.cetweb.edu/,32986,0,02332809,0,0,0,0,0.2914,NA,1,NA,NA,1,CA,225,0.8889,0.1111,0.0133,0.0044,0.3111,0.12,0.4089,0.0089,0,0.0044,0.1289,2025-11-17
NA,29.452200303,NA,San Jose,2,NA,NA,0.3389984825,0.6925388082,7041,0,0,3,CET-San Jose,https://cetweb.edu/,32986,0,02332800,0,0,0,0,0.3721,NA,1,NA,NA,1,CA,175,0.8343,0.1657,0.0171,0,0.0343,0.0114,0.8457,0.0114,0,0,0.08,2025-11-17
NA,29.452200303,NA,El Centro,2,NA,NA,0.3389984825,0.6925388082,7041,0,0,3,CET-El Centro,https://cetweb.edu/,32986,0,02332810,0,0,0,0.1438,0.2776,NA,1,NA,NA,1,CA,167,0.8084,0.1916,0.006,0,0,0,0.988,0,0,0,0.006,2025-11-17
NA,29.452200303,NA,Colton,2,NA,NA,0.3389984825,0.6925388082,7041,0,0,3,CET-Colton,https://cetweb.edu/,32986,0,02332814,0,0,0,0,0.527,NA,1,NA,NA,1,CA,191,0.9319,0.0681,0.0366,0,0.0052,0.0838,0.7749,0.0105,0,0,0.089,2025-11-17
NA,29.452200303,NA,Watsonville,2,NA,NA,0.3389984825,0.6925388082,7041,0,0,3,CET-Watsonville,https://www.cetweb.edu/,32986,0,02332819,0,0,0,0,0.23,NA,1,NA,NA,1,CA,149,0.6309,0.3691,0,0,0,0.0067,0.9732,0.0067,0,0,0.0134,2025-11-17
NA,29.452200303,NA,Salinas,2,NA,NA,0.3389984825,0.6925388082,7041,0,0,3,CET-Salinas,https://cetweb.edu/,32986,0,02332813,0,0,0,0.2321,0.3047,NA,1,NA,NA,1,CA,187,0.1604,0.8396,0,0,0,0,0.9947,0,0,0,0.0053,2025-11-17
NA,23.430497156,14412,Norwalk,1,8409,NA,0.5529309918,0.5993490922,8447,0,1,2,Cerritos College,www.cerritos.edu/,41156,0,00116100,2e-4,0.006,0.0033,0.2133,0.35,0.25,1,NA,NA,2,CA,18710,0.4641,0.5359,0.0239,0.0021,0.0709,0.068,0.7027,0.0036,0.002,0.0291,0.0976,2025-11-17
NA,28.156102176,11849,Ridgecrest,1,15161,NA,0.665089877,0.5128504673,PS,0,1,2,Cerro Coso Community College,https://cerrocoso.edu/,34963,0,01011100,0,0,0.0067,0.0761,0.1409,0.3552,2,NA,NA,2,CA,3496,0.4273,0.5727,0.042,0.0163,0.0412,0.0675,0.4422,0.0034,3e-4,0.0054,0.3816,2025-11-17
NA,24.525489034,12995,Hayward,1,12953,NA,0.5889152341,0.5554259043,9500,0,1,2,Chabot College,www.chabotcollege.edu/,48143,0,00116200,0.0072,0.004,0.0215,0.138,0.1782,0.3395,2,NA,NA,2,CA,10861,0.5151,0.4849,0.0617,0.0017,0.2199,0.0863,0.4233,0.0144,0.0063,0.0258,0.1609,2025-11-17
NA,24.080094507,12023,Rancho Cucamonga,1,13553,2512047,0.5981098641,0.5577634011,PS,0,1,2,Chaffey College,https://www.chaffey.edu/,42975,0,00116300,0.0143,0.0023,0.0091,0.1809,0.2834,0.2305,2,NA,NA,2,CA,13568,0.4158,0.5842,0.0337,0.0022,0.0705,0.0682,0.6267,0.0019,0.0309,0.0251,0.1408,2025-11-17
0.5561,19.902770234,13180,Orange,2,81327,608097000,0.6474741988,0.1787741203,20500,0,0,1,Chapman University,https://www.chapman.edu/,70070,0,00116400,0.0297,0.0061,0.0097,0.3134,0.1974,0.9983,3,61,1353,3,CA,7629,0.3909,0.6091,0.0886,0.0013,0.1646,0.0225,0.1861,0.0025,0.0286,0.0235,0.4822,2025-11-17
0.3878,28.516129032,9490,Los Angeles,2,33973,103121400,0.6774193548,0.4770642202,18750,0,0,1,Charles R Drew University of Medicine and Science,www.cdrewu.edu/,83438,0,01036500,0,0,0,0,0.313,0.2366,3,NA,NA,2,CA,233,0.3906,0.6094,0.2833,0,0.0987,0.3433,0.206,0,0,0.0343,0.0343,2025-11-17
0.5986,22.589552239,7778,Irvine,2,56500,47999681,0.6727078891,0.2838633687,24247,0,1,1,Concordia University-Irvine,www.cui.edu/,65083,0,02070500,0,0,0.0149,0.2527,0.2295,1,3,68,NA,3,CA,1456,0.4114,0.5886,0.0755,0.0027,0.103,0.0302,0.2878,0.0041,0.0391,0.0055,0.4519,2025-11-17
NA,23.415064819,11217,Glendora,1,12412,7856765,0.5815824765,0.5375689005,7851,0,1,2,Citrus College,https://www.citruscollege.edu/,42065,0,00116600,0.007,0.0021,0.0062,0.1108,0.2898,0.3721,1,NA,NA,2,CA,8126,0.4545,0.5455,0.0338,0.0021,0.082,0.0352,0.6607,0.0022,0.0222,0.0106,0.1512,2025-11-17
NA,26.408441116,11237,San Francisco,1,17007,NA,0.5263157895,0.550295858,8218,0,1,2,City College of San Francisco,www.ccsf.edu/,45805,0,00450200,0.0269,4e-4,0.0066,0.0659,0.171,0.4553,1,NA,NA,1,CA,16060,0.4611,0.5389,0.054,0.0029,0.3204,0.0699,0.2767,0.0074,0.0182,0.0417,0.2089,2025-11-17
0.1112,19.497652582,16211,Claremont,2,82127,1224986000,0.4882629108,PS,13500,0,0,1,Claremont McKenna College,www.cmc.edu/,104736,0,00117000,0,0.0184,0.0215,0.0307,0.1948,0.9118,3,NA,1514,3,CA,1379,0.4975,0.5025,0.0819,0,0.1566,0.0508,0.1537,0.0015,0.1443,0.045,0.3662,2025-11-17
NA,29.573170732,NA,Clovis,1,NA,NA,0.9207317073,0.6034482759,PS,0,0,3,Clovis Adult Education,clovisadult.cusd.com/,50098,0,02309500,0,0,0,0.1045,0.1134,NA,1,NA,NA,1,CA,268,0.1269,0.8731,0.0149,0,0.1978,0.0709,0.6231,0.0037,0,0.0149,0.0746,2025-11-17
NA,31.957592339,13630,Fountain Valley,1,17984,3077684,0.5567715458,0.5549028468,8250,0,1,2,Coastline Community College,https://www.coastline.edu/,44483,0,02063500,0.001,0,0.0024,0.3054,0.1018,0.2107,2,NA,NA,2,CA,7007,0.5757,0.4243,0.0392,0.0053,0.1985,0.1,0.3241,0.004,0.0231,0.0335,0.2722,2025-11-17
NA,26.432155074,9793,Sonora,1,19688,2140132,0.5803876853,0.5341207349,PS,0,0,2,Columbia College,https://www.gocolumbia.edu/,39035,0,00770700,0,0.0035,0.0142,0.055,0.22,0.4615,2,NA,NA,2,CA,1917,0.4528,0.5472,0.0047,0.0162,0.0203,0.035,0.2457,0.0026,5e-4,0.011,0.6641,2025-11-17
NA,21.175675676,6406,Los Angeles,2,33732,NA,0.4504504505,0.2953367876,25000,0,0,1,California College of ASU,https://californiacollege.asu.edu/,42014,0,02110200,0,0,0,0,0.474,0.0617,3,NA,NA,3,CA,149,0.5638,0.4362,0.047,0.0268,0.0872,0.1879,0.094,0.0067,0.0067,0.1342,0.4094,2025-11-17
NA,NA,11652,Compton,1,17782,NA,NA,NA,PS,0,1,2,Compton College,www.compton.edu/,34181,0,04281700,0.0011,0,0.0032,0.0237,0.2712,0.5526,2,NA,NA,2,CA,2881,0.3634,0.6366,0.033,0.0014,0.0219,0.3457,0.5356,0.0042,0,0.0299,0.0285,2025-11-17
NA,26.137244349,11023,San Pablo,1,14511,8661399,0.6162540366,0.5577630611,PS,0,1,2,Contra Costa College,https://www.contracosta.edu/,40850,0,00119000,0,0.0017,0.0063,0.0775,0.2321,0.3955,1,NA,NA,2,CA,4805,0.3992,0.6008,0.0656,0.0017,0.1704,0.1496,0.4549,0.0056,0.0181,0.0171,0.117,2025-11-17
NA,25.29694775,10686,Sacramento,1,12005,NA,0.5781169167,0.5133913043,10722,0,1,2,Cosumnes River College,https://www.crc.losrios.edu/,42446,0,00753600,0,0.0025,0.0127,0.2069,0.2521,0.4349,2,NA,NA,2,CA,13527,0.443,0.557,0.0601,0.0035,0.2435,0.091,0.2935,0.0132,0.0032,0.0715,0.2205,2025-11-17
NA,23.039334342,11051,Yucaipa,1,18384,NA,0.5726172466,0.5680970149,PS,0,1,2,Crafton Hills College,www.craftonhills.edu/,42553,0,00927200,0,0,0.0114,0.073,0.1461,0.2872,2,NA,NA,2,CA,5074,0.4594,0.5406,0.0526,0.0022,0.0642,0.0404,0.5402,0.0014,6e-4,0.0071,0.2913,2025-11-17
NA,25.206995885,12090,San Luis Obispo,1,20561,32745827,0.5864197531,0.4285714286,13750,0,0,2,Cuesta College,https://www.cuesta.edu/,46047,0,00119200,0.018,0.0016,0.0047,0.2327,0.1809,0.3237,1,NA,NA,2,CA,6879,0.4723,0.5277,0.0669,0.0047,0.0313,0.0237,0.3535,0.0025,0.0026,0.0188,0.4961,2025-11-17
NA,29.288176491,10572,El Cajon,1,15940,1194034,0.5663564288,0.6101134216,PS,0,1,2,Cuyamaca College,https://www.cuyamaca.edu/,32435,0,02111300,0,0.0133,0.0492,0.1335,0.2378,0.2741,2,NA,NA,2,CA,6788,0.4546,0.5454,0.0423,0.005,0.0446,0.0365,0.3198,0.0021,0.0019,0.0361,0.5116,2025-11-17
NA,23.849432427,13349,Cypress,1,15752,NA,0.6001285072,0.5358838313,10000,0,1,1,Cypress College,www.cypresscollege.edu/,43533,0,00119300,0,0,0.0076,0.0873,0.3215,0.3592,1,NA,NA,2,CA,12309,0.4248,0.5752,0.0626,0.0016,0.212,0.0375,0.548,0.0036,0.0076,0.011,0.1162,2025-11-17
NA,22.931807229,11456,Cupertino,1,13167,14592334,0.5175903614,0.520590043,5625,0,1,2,De Anza College,https://www.deanza.edu/,56596,0,00448000,0,0,0.0232,0.1731,0.1799,0.3693,2,NA,NA,2,CA,14953,0.5115,0.4885,0.0526,0.0011,0.3809,0.0273,0.2854,0.005,0.0745,0.0077,0.1656,2025-11-17
NA,23.975514202,11492,Palm Desert,1,20053,59122685,0.5592556317,0.6212863206,PS,0,1,2,College of the Desert,www.collegeofthedesert.edu/,39020,0,00118200,0.0079,8e-4,0.005,0.0796,0.3244,0.246,2,NA,NA,2,CA,8900,0.4287,0.5713,0.0278,0.0027,0.0285,0.0245,0.761,0.0012,0.009,0.0058,0.1394,2025-11-17
NA,24.938764045,11276,Pleasant Hill,1,14804,7760595,0.5539325843,0.4531835206,10021,0,1,2,Diablo Valley College,https://www.dvc.edu/,51378,0,00119100,0.0017,0.0036,0.014,0.1331,0.1673,0.4037,2,NA,NA,2,CA,14734,0.5019,0.4981,0.0882,0.0017,0.1822,0.0582,0.3073,0.0052,0.0431,0.0189,0.2953,2025-11-17
0.9562,21.482954545,9432,San Rafael,2,68620,30059220,0.7291666667,0.306122449,27000,0,1,1,Dominican University of California,https://www.dominican.edu/,84713,0,00119600,0.0157,0,0,0.1505,0.2958,0.3267,3,NA,1194,3,CA,1178,0.2784,0.7216,0.0662,0.0034,0.3022,0.0628,0.3098,0.0076,0.0255,0.0059,0.2165,2025-11-17
NA,23.331306991,12540,Monterey Park,1,18645,NA,0.5692755826,0.6852031888,10500,0,1,2,East Los Angeles College,www.elac.edu/,42006,0,02226000,0.0134,5e-4,0.0051,0.0821,0.2227,0.3312,2,NA,NA,1,CA,24401,0.5173,0.4827,0.0098,0.002,0.0616,0.0636,0.6488,0.0016,0.0066,0.0895,0.1166,2025-11-17
NA,23.458235594,12762,Torrance,1,13376,NA,0.5622641509,0.5655002892,PS,0,1,2,El Camino Community College District,www.elcamino.edu/,41589,0,00119700,0,0.0035,0.0155,0.108,0.2937,0.3641,2,NA,NA,2,CA,18994,0.4764,0.5236,0.0208,0.0028,0.0931,0.1277,0.4925,0.0045,0.0155,0.0913,0.1517,2025-11-17
NA,26.270679771,16877,San Jose,1,22557,NA,0.5925470925,0.6373152709,13219,0,0,2,Evergreen Valley College,https://www.evc.edu/,53077,0,01245200,0.0667,0.004,0.0302,0.1143,0.2405,0.3724,2,NA,NA,2,CA,7670,0.4606,0.5394,0.0316,0.0047,0.3446,0.0339,0.4511,0.0029,0.0094,0.0276,0.0943,2025-11-17
NA,23.130620985,12374,Quincy,1,16502,48286,0.5331905782,0.4843373494,10750,0,0,1,Feather River Community College District,www.frc.edu/,38142,0,00859700,0,0,0.0028,0.0366,0.2031,0.3125,2,NA,NA,2,CA,1574,0.4682,0.5318,0.0267,0.0216,0.033,0.0978,0.3806,0.0095,0.0172,0.0864,0.3272,2025-11-17
NA,25.276225947,11800,Los Altos Hills,1,15772,10523559,0.6058348852,0.4988575781,10500,0,1,1,Foothill College,https://foothill.edu/,57072,0,00119900,0.0759,0.0023,0.0187,0.0946,0.0843,0.3367,1,NA,NA,2,CA,10922,0.5251,0.4749,0.0614,0.0024,0.237,0.0331,0.3231,0.007,0.0371,0.0192,0.2796,2025-11-17
NA,23.22880172,11385,Fresno,1,12063,7503993,0.5574422354,0.522885101,4058,0,1,2,Fresno City College,www.fresnocitycollege.edu/,37361,0,00130700,0.0279,0.0111,0.0057,0.0634,0.2827,0.4139,2,NA,NA,2,CA,18774,0.4679,0.5321,0.0298,0.0043,0.1058,0.0475,0.6541,0.0015,0.001,0.0053,0.1507,2025-11-17
0.5752,28.673539519,8134,Fresno,2,42673,18810594,0.7451317297,0.4657631954,23146,0,1,1,Fresno Pacific University,www.fresno.edu/,58896,0,00125300,0.0884,0,0,0.1619,0.5872,1,3,43,NA,3,CA,1614,0.2825,0.7175,0.0087,0.0087,0.0496,0.053900000000000003,0.6152,0.0056,0.0341,0.0211,0.2032,2025-11-17
NA,22.971085027,13188,Fullerton,1,16206,NA,0.5429430289,0.5327430363,4500,0,1,2,Fullerton College,www.fullcoll.edu/,43366,0,00120100,0.0199,0.0042,0.007,0.0827,0.259,0.364,2,NA,NA,2,CA,16637,0.4744,0.5256,0.0528,0.0014,0.1335,0.0301,0.6017,0.0023,0.0103,0.0166,0.151,2025-11-17
NA,23.753462604,11659,Gilroy,1,10484,NA,0.6101108033,0.5640552995,PS,0,1,2,Gavilan College,https://www.gavilan.edu/,47169,0,00120200,0,0.0036,0.0089,0.0902,0.2412,0.2601,2,NA,NA,1,CA,4410,0.4696,0.5304,0.0356,0.0025,0.046,0.0195,0.6544,0.0039,7e-4,0.0277,0.2098,2025-11-17
NA,29.03968254,NA,Carlsbad,2,NA,NA,0.5793650794,0.3333333333,PS,0,0,3,Gemological Institute of America-Carlsbad,www.gia.edu/gem-education,42588,0,02231900,0,0,0,0,0.129,NA,1,NA,NA,1,CA,308,0.4773,0.5227,0.0032,0,0.1104,0.0292,0.1136,0,0.3506,0.1331,0.2597,2025-11-17
NA,27.109621451,10159,Glendale,1,15802,17107543,0.5621056782,0.6018289669,8972,0,1,2,Glendale Community College,https://www.glendale.edu/,41540,0,00120300,0,0.0037,0.0207,0.3027,0.353,0.3308,2,NA,NA,2,CA,9807,0.4718,0.5282,0.0187,0.0019,0.0754,0.0254,0.2895,0.0015,0.0209,0.0215,0.5452,2025-11-17
NA,33.274853801,9992,San Francisco,2,NA,43299581,0.5438596491,0.5273972603,29875,0,0,1,Golden Gate University,www.ggu.edu/,87434,0,00120500,0,0,0,0.8824,0.2196,1,3,NA,NA,3,CA,550,0.6036,0.3964,0,0.0182,0.0855,0.1691,0.1691,0.0273,0.0182,0.2255,0.2873,2025-11-17
NA,23.921736472,13842,Huntington Beach,1,12206,11371011,0.540813207,0.533719487,7179,0,1,2,Golden West College,https://www.goldenwestcollege.edu/,43145,0,00120600,0.0071,0,0.0086,0.0402,0.2274,0.3088,2,NA,NA,1,CA,8919,0.4725,0.5275,0.052,0.0019,0.2988,0.0196,0.3341,0.0053,0.0265,0.0266,0.2352,2025-11-17
NA,25.254988102,11224,El Cajon,1,11543,1974665,0.5998535603,0.5503894265,8625,0,1,2,Grossmont College,https://www.grossmont.edu/,40309,0,00120800,0,0,0.0166,0.134,0.2367,0.316,2,NA,NA,2,CA,11467,0.4203,0.5797,0.0498,0.0028,0.0665,0.0461,0.3815,0.0037,0.0157,0.0365,0.3973,2025-11-17
NA,22.736133122,11716,Salinas,1,12050,10775522,0.5629952456,0.6476552598,PS,0,1,2,Hartnell College,www.hartnell.edu/,44316,0,00120900,0,0.0166,0.0156,0.0504,0.2747,0.6699,2,NA,NA,2,CA,7153,0.475,0.525,0.021,0.0021,0.0337,0.0176,0.8285,0.0022,3e-4,0.033,0.0617,2025-11-17
0.1306,19.230392157,14751,Claremont,2,84896,401525407,0.4362745098,PS,25000,0,0,1,Harvey Mudd College,https://www.hmc.edu/,138687,0,00117100,0,0.25,0.066,0,0.141,0.931,3,NA,1537,3,CA,915,0.5038,0.4962,0.1082,0.0022,0.223,0.0525,0.2317,0.0011,0.1038,0.047,0.2306,2025-11-17
0.9883,22.30773496,10596,Arcata,1,24412,29965657,0.5871915719,0.44061178,18000,0,1,1,California State Polytechnic University-Humboldt,www.humboldt.edu/,47626,0,00114900,0,0.0265,0.0088,0.0662,0.4571,0.5283,3,NA,NA,3,CA,5491,0.4453,0.5547,0.0727,0.0118,0.0306,0.0262,0.2972,0.0031,0.0027,0.0461,0.5096,2025-11-17
NA,28.439873418,6176,Stockton,2,20286,202645,0.7753164557,0.5897435897,35500,0,1,1,Humphreys University-Stockton and Modesto Campuses,www.humphreys.edu/,39248,0,00121200,0.1613,0,0,0.4086,0.5535,0.1899,3,NA,NA,3,CA,178,0.1742,0.8258,0.0337,0.0056,0.0843,0.0787,0.4326,0.0225,0.073,0.0056,0.264,2025-11-17
NA,23.070826751,11834,Imperial,1,12466,2439942,0.5408109531,0.6092073382,PS,0,1,2,Imperial Valley College,www.imperial.edu/,34487,0,00121400,4e-4,0.0011,0.0062,0.0261,0.5042,0.5618,2,NA,NA,2,CA,6881,0.456,0.544,0.0067,0.0015,0.0048,0.0096,0.9082,4e-4,0,0.0315,0.0373,2025-11-17
NA,24.315597668,12857,Irvine,1,11750,2385486,0.5244169096,0.4255226481,6500,0,0,2,Irvine Valley College,https://www.ivc.edu/,49156,0,02539500,0,0.0022,0.0283,0.2009,0.2061,0.2832,2,NA,NA,1,CA,9577,0.5229,0.4771,0.06,0.0014,0.2995,0.0218,0.2495,0.0019,0.0553,0.0239,0.2867,2025-11-17
NA,22.444653693,11346,Reedley,1,11413,1724438,0.5875706215,0.5395617772,2819,0,1,2,Reedley College,www.reedleycollege.edu/,38493,0,00130800,0,0.0054,0.0089,0.0823,0.2821,0.449,1,NA,NA,2,CA,4853,0.4498,0.5502,0.0229,0.0029,0.0449,0.0274,0.7231,0.0014,0,0.0078,0.1696,2025-11-17
0.9395,21.878594249,6177,San Dimas,2,33193,4376960,0.552715655,0.3714285714,22395,0,1,1,Life Pacific University,https://lifepacific.edu/,43299,0,02270600,0,0,0,0.2222,0.4861,0.2833,3,79,NA,3,CA,393,0.4427,0.5573,0.0509,0.0102,0.0433,0.0712,0.4249,0.0025,0.0051,0.0331,0.3588,2025-11-17
0.4848,26.103714085,10820,La Verne,2,61564,122161420,0.6243868255,0.5062086093,23500,0,1,1,University of La Verne,https://www.laverne.edu/,65464,0,00121600,0.1732,0,0.0096,0.3417,0.4754,0.2809,3,NA,1116,3,CA,3341,0.387,0.613,0.0371,0.0021,0.0527,0.079,0.6324,0.0036,0.0207,0.0159,0.1565,2025-11-17
0.7761,21.415458937,7673,Laguna Beach,2,56183,3498204,0.7198067633,0.219895288,27000,0,0,1,Laguna College of Art and Design,www.lcad.edu/,47867,0,02330500,0,0,0,0,0.3141,0.1148,3,NA,NA,3,CA,776,0.2513,0.7487,0.0786,0.0052,0.1778,0.0206,0.2255,0.0039,0.0425,0.0064,0.4394,2025-11-17
NA,25.854875283,9620,South Lake Tahoe,1,17731,3549395,0.5850340136,0.4683195592,PS,0,1,2,Lake Tahoe Community College,www.ltcc.edu/,36657,0,01290700,0.0038,0,0.0153,0.1374,0.1476,0.1954,2,NA,NA,2,CA,2909,0.6662,0.3338,0.0265,0.012,0.0681,0.0468,0.2901,0.0086,0.0038,0.1158,0.4283,2025-11-17
NA,29.286415094,11650,Oakland,1,22777,NA,0.5645283019,0.6118421053,PS,0,1,2,Laney College,laney.edu/,37282,0,00126600,0,0,0.04,0.1467,0.1604,0.4613,2,NA,NA,2,CA,7158,0.4753,0.5247,0.0602,0.0029,0.2133,0.215,0.2639,0.005,0.0115,0.0481,0.1801,2025-11-17
NA,25.031331593,7969,Susanville,1,17063,248094,0.4804177546,0.549382716,PS,0,1,2,Lassen Community College,https://www.lassencollege.edu/,35994,0,00121700,0,0,0,0.0709,0.1334,0.3952,2,NA,NA,2,CA,1564,0.6624,0.3376,0.0448,0.0281,0.0396,0.0959,0.3178,0.0102,0.0058,0.0377,0.4201,2025-11-17
NA,26.117647059,5583,Oakland,2,NA,NA,PS,PS,PS,0,0,1,Lincoln University,https://lincolnuca.edu/,53695,0,00697500,0,0,0,0.5,0,0.3793,3,NA,NA,3,CA,223,0.7623,0.2377,0,0,0.0135,0.4978,0.0493,0,0.3543,0,0.0852,2025-11-17
0.933,21.089770355,8180,Riverside,2,49365,22453216,0.633611691,0.3961584634,27000,0,1,1,La Sierra University,https://lasierra.edu/,61824,0,00121500,0,0,0,0.1282,0.4735,0.4573,3,95,NA,3,CA,1155,0.43120000000000003,0.5688,0.0623,9e-4,0.1706,0.0701,0.5177,0.0078,0.0762,0.0017,0.0926,2025-11-17
NA,25.97398374,11167,Loma Linda,2,NA,533762000,0.7089430894,0.3838951311,20854,0,1,1,Loma Linda University,www.llu.edu/index.html,89816,0,00121800,0,0,0,0,0.3241,0.9724,3,95,NA,3,CA,867,0.2722,0.7278,0.0427,0,0.2353,0.0323,0.4602,0.0012,0.0254,0,0.203,2025-11-17
NA,23.605074403,7932,Long Beach,1,12664,NA,0.5667487421,0.5643939394,10500,0,1,2,Long Beach City College,www.lbcc.edu/,38870,0,00121900,8e-4,0.001,0.0073,0.1369,0.3726,0.3502,1,NA,NA,2,CA,21899,0.4429,0.5571,0.053,0.0016,0.0899,0.1195,0.6004,0.0062,0.0035,0.0061,0.1199,2025-11-17
NA,32.702702703,8520,Whittier,2,50742,1548334,0.7567567568,PS,11400,0,1,1,Southern California University of Health Sciences,https://www.scuhs.edu/,70649,0,00122900,0,0,0,0,0.0922,0.2946,1,NA,NA,1,CA,132,0.1742,0.8258,0.0758,0.0076,0.2045,0.1136,0.3485,0,0.0152,0.0379,0.197,2025-11-17
NA,24.234979424,12086,Wilmington,1,19463,NA,0.5839506173,0.5535714286,PS,0,1,2,Los Angeles Harbor College,https://www.lahc.edu/,41133,0,00122400,0,4e-4,0.0072,0.036,0.228,0.2831,2,NA,NA,2,CA,6496,0.4027,0.5973,0.0363,0.002,0.0776,0.1096,0.585,0.0051,0.0031,0.0248,0.1566,2025-11-17
NA,25.257829181,12494,Woodland Hills,1,19844,NA,0.5526690391,0.554770318,12936,0,1,2,Los Angeles Pierce College,www.lapc.edu/,44521,0,00122600,0,0.0029,0.0206,0.0514,0.268,0.3504,2,NA,NA,2,CA,13029,0.4622,0.5378,0.0445,0.0015,0.0848,0.05,0.4944,0.0016,0.0105,0.0308,0.2819,2025-11-17
NA,27.250643146,11581,Los Angeles,1,14768,NA,0.7034178611,0.583461736,PS,0,0,2,Los Angeles Southwest College,https://www.lasc.edu/,32172,0,00704700,0,0,0.0044,0.0663,0.2459,0.3056,2,NA,NA,2,CA,3793,0.3496,0.6504,0.0401,0.0011,0.0345,0.3593,0.4242,0.0016,0.0013,0.0158,0.1221,2025-11-17
NA,26.753042709,12669,Los Angeles,1,18516,NA,0.4784244302,0.612590799,10500,0,1,2,Los Angeles Trade Technical College,www.lattc.edu/,35233,0,00122700,0.0069,4e-4,0.0041,0.0363,0.3123,0.3646,1,NA,NA,1,CA,10165,0.5991,0.4009,0.0212,0.0025,0.0284,0.1417,0.7089,0.001,0.0036,0.0148,0.078,2025-11-17
NA,26.499631404,12465,Valley Glen,1,18625,NA,0.5809067453,0.5610231425,10500,0,1,2,Los Angeles Valley College,www.lavc.edu/,42678,0,00122800,0.0192,0,0.0073,0.1494,0.2594,0.3072,2,NA,NA,1,CA,12470,0.4342,0.5658,0.0286,0.0012,0.0551,0.0573,0.5088,0.0014,0.0055,0.0251,0.3169,2025-11-17
0.7589,22.258474576,7859,Santa Clarita,2,48682,44398271,0.4597457627,0.2282608696,20500,0,0,1,The Master's University and Seminary,www.masters.edu/,57106,0,00122000,0,0,0.0082,0.2346,0.1938,0.2657,3,42,NA,3,CA,1606,0.5286,0.4714,0.0579,0.0037,0.0648,0.0255,0.2042,0.0044,0,0.0305,0.609,2025-11-17
NA,28.01390155,13069,Los Angeles,1,16176,NA,0.5731540565,0.5897435897,12750,0,1,2,Los Angeles City College,www.lacc.edu/,36190,0,00122300,0.0035,0,0.0094,0.0875,0.2624,0.3191,2,NA,NA,1,CA,10857,0.4413,0.5587,0.0356,0.0016,0.0947,0.0932,0.5025,0.0011,0.0309,0.0271,0.2132,2025-11-17
NA,31.207407407,11986,Los Angeles,1,NA,465677,0.7481481481,0.4579439252,9500,0,0,2,Los Angeles County College of Nursing and Allied Health,https://dhs.lacounty.gov/college-of-nursing-and-allied-health/,115318,0,00616500,0,0,0,0,0.359,1,2,NA,NA,2,CA,220,0.3,0.7,0.0545,0.0091,0.2636,0.0682,0.5045,0,0,0,0.1,2025-11-17
NA,25.323938507,12181,Sylmar,1,19525,NA,0.5882137628,0.6992930941,12678,0,1,2,Los Angeles Mission College,https://www.lamission.edu/,39834,0,01255000,0,0.0024,0.0053,0.0499,0.2113,0.2815,2,NA,NA,2,CA,8031,0.4156,0.5844,0.0171,0.0012,0.0432,0.0493,0.7055,7e-4,0.0029,0.0314,0.1487,2025-11-17
NA,25.04284145,11177,Pittsburg,1,13850,1353111,0.5785426584,0.5125973431,PS,0,1,2,Los Medanos College,https://www.losmedanos.edu/,42454,0,01034000,0,0.0044,0.0089,0.0754,0.2499,0.4331,2,NA,NA,2,CA,7100,0.4354,0.5646,0.0706,0.002,0.1199,0.1289,0.4683,0.007,0.0038,0.0135,0.1861,2025-11-17
0.4029,20.600768808,13292,Los Angeles,2,75867,637303000,0.5991213619,0.2240373396,19500,0,1,1,Loyola Marymount University,https://www.lmu.edu/,78349,0,01164900,0,0.047,0.0061,0.268,0.1303,0.5684,3,30,NA,3,CA,7171,0.467,0.533,0.0824,3e-4,0.1011,0.0775,0.2457,8e-4,0.0968,1e-4,0.3952,2025-11-17
NA,26.450322581,13169,Kentfield,1,23789,2523200,0.5974193548,0.4635761589,10062,0,0,2,College of Marin,www.marin.edu/,42654,0,00117800,0,0,0.0072,0.1295,0.1684,0.4444,2,NA,NA,2,CA,3928,0.4323,0.5677,0.0634,0.0013,0.0619,0.0344,0.361,0.0031,0.0135,0.0132,0.4483,2025-11-17
NA,26.465414176,12745,Ukiah,1,16746,10801249,0.6122971819,0.5447761194,10836,0,1,2,Mendocino College,www.mendocino.edu/,40243,0,01167200,0,0,0.0064,0.197,0.2541,0.1958,2,NA,NA,2,CA,2857,0.3287,0.6713,0.0165,0.0522,0.0378,0.0231,0.3861,0.0035,4e-4,0.0893,0.3913,2025-11-17
0.6781,20.857594937,10112,Atherton,2,69879,23818188,0.5094936709,0.4006849315,21750,0,1,1,Menlo College,www.menlo.edu/,76419,0,00123600,0,0,0,0.7527,0.2938,0.1782,3,NA,NA,3,CA,811,0.5734,0.4266,0.1097,0.0086,0.0666,0.0432,0.3255,0.0197,0.2256,0.0382,0.1628,2025-11-17
NA,22.660441426,9403,Merced,1,12722,10084923,0.5682755275,0.5942228336,PS,0,1,2,Merced College,www.mccd.edu/,37815,0,00123700,0,0.0021,0.0062,0.1074,0.3339,0.3722,2,NA,NA,2,CA,9677,0.4124,0.5876,0.0353,0.0041,0.0714,0.0385,0.6619,0.003,0.005,0.0117,0.1691,2025-11-17
NA,27.608133087,11786,Oakland,1,22559,NA,0.6876155268,0.5478991597,PS,0,1,2,Merritt College,www.merritt.edu/,44392,0,00126700,0.0011,0,0.0044,0.0709,0.0936,0.3544,2,NA,NA,1,CA,5153,0.3464,0.6536,0.0586,0.0016,0.1725,0.2366,0.2884,0.0047,0.0085,0.0415,0.1877,2025-11-17
0.1654,21.600877193,13020,Oakland,2,NA,NA,0.541089566,0.1851581509,24250,0,0,1,Northeastern University Oakland,https://oakland.northeastern.edu/,92538,0,00219917,0,0,0,0,NA,1,3,NA,1472,3,CA,542,0.4889,0.5111,0.0664,0,0.3782,0.0535,0.1365,0,0.059,0.0498,0.2565,2025-11-17
NA,25.405693177,14341,Oceanside,1,15713,12537023,0.6114732725,0.5097139773,9000,0,1,1,MiraCosta College,www.miracosta.edu/,43845,0,00123900,0.0138,0,0.0059,0.1217,0.2724,0.2333,1,NA,NA,1,CA,10474,0.4247,0.5753,0.0655,0.0037,0.0722,0.0358,0.4364,0.0068,0.0082,0.0261,0.3453,2025-11-17
NA,27.873056995,14394,Santa Clara,1,15047,NA,0.5887305699,0.5602094241,PS,0,1,2,Mission College,www.missioncollege.edu/,50936,0,02119100,0,0.0105,0.016,0.1039,0.1622,0.429,2,NA,NA,2,CA,5557,0.4673,0.5327,0.0664,0.0027,0.352,0.0396,0.3711,0.0074,0.0184,0.0236,0.1189,2025-11-17
NA,24.644315757,10447,Modesto,1,14769,7414175,0.5973788479,0.5986489171,PS,0,1,1,Modesto Junior College,https://www.mjc.edu/,42368,0,00124000,7e-4,0.0011,0.0064,0.1271,0.2617,0.4687,2,NA,NA,2,CA,14714,0.393,0.607,5e-4,0.0054,0.0637,0.0342,0.5603,0.0096,0.0021,0.0069,0.3173,2025-11-17
NA,24.249859944,11492,Monterey,1,21993,NA,0.5708683473,0.5387453875,PS,0,1,2,Monterey Peninsula College,www.mpc.edu/,42176,0,00124200,0.0054,0.0045,0.0107,0.1036,0.194,0.4045,2,NA,NA,2,CA,5759,0.4588,0.5412,0.0667,0.0023,0.0642,0.026,0.4978,0.0089,0.0028,0.0273,0.304,2025-11-17
NA,23.416399287,10891,Moorpark,1,9685,NA,0.5490196078,0.4641932701,9500,0,1,2,Moorpark College,www.moorparkcollege.edu/index.shtml,49044,0,00711500,0.0071,0.0069,0.0112,0.068,0.1874,0.336,2,NA,NA,2,CA,12011,0.4703,0.5297,0.0935,0.0017,0.0803,0.0217,0.4259,0.0023,0.0046,0.0107,0.3593,2025-11-17
NA,23.179360922,11553,Walnut,1,12077,NA,0.5370350969,0.5493533016,5880,0,1,2,Mt San Antonio College,www.mtsac.edu/,46283,0,00124500,0.0014,0,0.0119,0.2014,0.3422,0.4041,2,NA,NA,2,CA,25311,0.473,0.527,0.0315,0.0013,0.1795,0.0374,0.6545,0.0019,0.009,0.0021,0.0827,2025-11-17
0.6872,23.69490485,9244,Los Angeles,2,64637,157775106,0.9312461633,0.4972592013,25949,0,1,1,Mount Saint Mary's University,https://www.msmu.edu/,72379,0,00124300,0.0067,0,0.0067,0.0646,0.5515,0.2811,3,30,NA,3,CA,1746,0.0745,0.9255,0.0172,0.0092,0.1901,0.0538,0.5447,0.0029,0.0052,0.0865,0.0905,2025-11-17
NA,24.983367654,12842,San Jacinto,1,15091,4085598,0.6096942816,0.5195806962,PS,0,1,2,Mt San Jacinto Community College District,www.msjc.edu/,38319,0,00124600,0.0266,0,0.0204,0.1209,0.3319,0.1734,2,NA,NA,2,CA,14859,0.4013,0.5987,0.0501,0.0036,0.0726,0.0553,0.5178,0.0042,0,0.0752,0.2211,2025-11-17
NA,24.501086169,11674,Napa,1,21563,NA,0.5879797248,0.5110913931,10147,0,1,2,Napa Valley College,https://www.napavalley.edu/,49517,0,00124700,0.0086,0,0.0193,0.1009,0.1905,0.3913,2,NA,NA,2,CA,3205,0.4084,0.5916,0.0546,0.0031,0.1385,0.0406,0.4889,0.0066,9e-4,0.0406,0.2262,2025-11-17
NA,31.653004884,9109,San Diego,2,37116,1088382165,0.6353790614,0.4400887574,25000,0,1,1,National University,www.nu.edu/,67548,0,01146000,0.0473,0.0131,0.0016,0.1947,0.2553,0.107,3,NA,NA,3,CA,9725,0.4666,0.5334,0.0364,0.0075,0.0706,0.1566,0.3295,0.0108,1e-4,0.0908,0.2977,2025-11-17
0.3989,19.459507042,12015,Los Angeles,2,80636,575933105,0.5845070423,0.1759259259,23000,0,0,1,Occidental College,https://www.oxy.edu/,75951,0,00124900,0,0,0.0279,0,0.1595,0.7174,3,NA,1461,3,CA,1844,0.4121,0.5879,0.1128,0.0011,0.1329,0.0412,0.1746,0.0011,0.0412,0.0152,0.4799,2025-11-17
NA,24.064042695,11533,Fremont,1,22906,3989107,0.5743829219,0.4797734628,PS,0,1,2,Ohlone College,www.ohlone.edu/,54278,0,00448100,0.0015,0.0044,0.0501,0.2087,0.1127,0.2801,2,NA,NA,2,CA,6958,0.5195,0.4805,0.054,0.0013,0.4306,0.0328,0.2489,0.0082,0.0415,0.0487,0.1339,2025-11-17
NA,22.950699301,13564,Costa Mesa,1,13191,42348878,0.4886363636,0.5051807506,9500,0,1,2,Orange Coast College,https://orangecoastcollege.edu/,47348,0,00125000,0,0.0023,0.0102,0.0877,0.2358,0.3511,1,NA,NA,1,CA,16117,0.5018,0.4982,0.0533,0.0019,0.2157,0.0168,0.361,0.0025,0.0523,0.0102,0.2863,2025-11-17
0.8398,21.628742515,9145,Los Angeles,2,71880,20785714,0.6167664671,0.2419354839,27000,0,0,1,Otis College of Art and Design,www.otis.edu/,58152,0,00125100,0,0,0,0,0.3068,0.1545,3,NA,NA,3,CA,1242,0.3092,0.6908,0.0797,8e-4,0.1731,0.0556,0.2174,0,0.2407,0.0089,0.2238,2025-11-17
NA,23.553172475,10634,Oxnard,1,9317,NA,0.5393208222,0.6403394256,PS,0,1,2,Oxnard College,www.oxnardcollege.edu/,41393,0,01284200,0.0089,0.0025,0.0132,0.0435,0.3547,0.3878,2,NA,NA,2,CA,6059,0.4729,0.5271,0.0323,0.0023,0.0523,0.0177,0.7529,0.002,0.004,0.0107,0.1258,2025-11-17
0.3539,22.495145631,7186,Fullerton,2,51153,9210838,0.5436893204,0.3863134658,23000,0,1,1,Hope International University,www.hiu.edu/,49697,0,00125200,0.1447,0,0,0.239,0.4288,0.2836,3,48,NA,3,CA,549,0.4463,0.5537,0.1749,0.0146,0.0455,0.0674,0.2678,0.0109,0.0328,0.1148,0.2714,2025-11-17
0.1,34.693415638,6379,Pasadena,2,NA,11442360,0.9341563786,0.5784883721,29105,0,1,1,Pacific Oaks College,https://www.pacificoaks.edu/,52485,0,00125500,0.3232,0,0,0,0.5503,0.129,3,NA,NA,3,CA,346,0.1069,0.8931,0.0462,0,0.0231,0.1243,0.5665,0.0029,0.0116,0.052,0.1734,2025-11-17
0.4248,21.49078727,6485,Angwin,2,47244,31215552,0.6164154104,0.2572463768,27500,0,1,1,Pacific Union College,https://www.puc.edu/,70484,0,00125800,0.0179,0,0,0.0491,0.3337,0.95,3,95,1093,3,CA,910,0.3692,0.6308,0.1264,0,0.211,0.0593,0.2967,0.0088,0.0264,0.0934,0.178,2025-11-17
0.9486,20.865177196,11592,Stockton,2,68173,568233594,0.5901386749,0.350177305,19500,0,1,1,University of the Pacific,https://www.pacific.edu/,78445,0,00132900,0.0367,0.0884,0.0103,0.1389,0.343,0.4983,3,NA,1303,3,CA,3247,0.4463,0.5537,0.0533,0.0018,0.3437,0.0311,0.2664,0.0043,0.0711,0.065,0.1632,2025-11-17
NA,25.378723404,10969,Blythe,1,21205,1662785,0.6808510638,0.6395348837,PS,0,1,2,Palo Verde College,https://www.paloverde.edu/,36389,0,00125900,0.0063,0,0,0.0946,0.0639,0.3964,2,NA,NA,1,CA,2909,0.8463,0.1537,0.0265,0.0117,0.0358,0.1189,0.5125,0.0065,0,0.0468,0.2413,2025-11-17
NA,23.826185102,12988,San Marcos,1,13997,18978358,0.5095936795,0.5383654086,PS,0,1,2,Palomar College,www2.palomar.edu/,42300,0,00126000,0.0125,9e-4,0.0116,0.1344,0.1716,0.3378,1,NA,NA,1,CA,16167,0.5593,0.4407,0.0593,0.0045,0.0598,0.031,0.4851,0.0046,0.0082,0.0111,0.3364,2025-11-17
NA,22.59582157,9614,Pasadena,1,12166,NA,0.5426312818,0.5635898978,6651,0,1,2,Pasadena City College,pasadena.edu/,43937,0,00126100,0.0131,2e-4,0.0133,0.1738,0.2995,0.4808,2,NA,NA,2,CA,20624,0.4645,0.5355,0.0371,0.0016,0.2363,0.0342,0.4759,0.0012,0.0261,0.0175,0.1701,2025-11-17
0.4985,20.930761622,13919,Malibu,2,85202,1200868000,0.587537092,0.1761658031,23510,0,0,1,Pepperdine University,www.pepperdine.edu/,82939,0,01014900,0.0092,0,0.0046,0.2722,0.1961,0.4626,3,74,1367,3,CA,3629,0.4103,0.5897,0.0755,0.0019,0.1499,0.0361,0.1874,0.003,0.0835,0.0163,0.4464,2025-11-17
0.1666,20.453703704,12183,Claremont,2,82832,168248383,0.5833333333,0.23,16750,0,0,1,Pitzer College,https://www.pitzer.edu/,69512,0,00117200,0.0037,0,0.0259,0.0963,0.1015,0.7681,3,NA,NA,3,CA,1191,0.4039,0.5961,0.0999,0.0059,0.1192,0.0445,0.1276,0.0034,0.0806,0.0327,0.4861,2025-11-17
0.8176,23.331598513,11281,San Diego,2,56664,67948300,0.6855018587,0.2931174089,22990,0,0,1,Point Loma Nazarene University,www.pointloma.edu/,63998,0,00126200,0.0526,0.0086,0.0061,0.2375,0.2273,1,3,59,1278,3,CA,3132,0.3368,0.6632,0.0811,0.0032,0.0651,0.0204,0.2634,0.0029,0.0115,0.0227,0.5297,2025-11-17
0.0676,19.430188679,14385,Claremont,2,81196,2764972000,0.5018867925,0.2991803279,11782,0,0,1,Pomona College,www.pomona.edu/,77779,0,00117300,0,0.0022,0.0464,0,0.1853,0.9409,3,NA,1520,3,CA,1638,0.4518,0.5482,0.0946,0,0.1777,0.1081,0.1654,0.0049,0.1239,0.033,0.2924,2025-11-17
NA,22.908401084,11498,Porterville,1,12522,511484,0.6027100271,0.6300578035,PS,0,1,2,Porterville College,https://www.portervillecollege.edu/,36328,0,00126800,0,0.0076,0.0151,0.0666,0.3584,0.4114,2,NA,NA,2,CA,2775,0.3946,0.6054,0.0223,0.0043,0.0205,0.0231,0.7294,0.0011,7e-4,0.0014,0.1971,2025-11-17
NA,23.027400835,13155,Santa Ana,1,11848,13378787,0.5407098121,0.6960576515,6871,0,1,1,Santa Ana College,www.sac.edu/,43552,0,00128400,0.0113,0.0042,0.0046,0.0951,0.1608,0.27,1,NA,NA,2,CA,22011,0.6107,0.3893,0.019,0.002,0.0747,0.0157,0.5311,0.0025,0.0065,0.1707,0.1778,2025-11-17
0.8092,23.381469115,10670,Redlands,2,70233,232004342,0.592654424,0.3523459062,26000,0,1,1,University of Redlands,www.redlands.edu/,72690,0,00132200,0.0188,0,0.0151,0.3413,0.3511,0.9742,3,NA,1231,3,CA,2095,0.4267,0.5733,0.0644,0.0095,0.0496,0.0501,0.4305,0.0048,0.0095,0.0134,0.368,2025-11-17
NA,25.313270844,10957,Eureka,1,12251,3422881,0.5407005427,0.4694976077,8080,0,1,2,College of the Redwoods,https://www.redwoods.edu/,36243,0,00118500,0,0,0.0056,0.1032,0.3339,0.372,2,NA,NA,2,CA,3514,0.502,0.498,0.0965,0.0569,0.029,0.0361,0.2351,0.0026,3e-4,0.0347,0.5088,2025-11-17
NA,22.611238972,12761,Whittier,1,19308,2926312,0.5421940928,0.6826999734,5500,0,1,1,Rio Hondo College,www.riohondo.edu/,44950,0,00126900,0.0067,0.0039,0.0072,0.0908,0.2385,0.3648,2,NA,NA,2,CA,15365,0.5787,0.4213,0.01,0.0015,0.0525,0.0213,0.7103,0.0016,0.0017,0.0971,0.1041,2025-11-17
NA,23.348687532,14699,Riverside,1,12427,5926251,0.6024734982,0.5571788413,8000,0,1,2,Riverside City College,www.rcc.edu/,41091,0,00127000,0.0149,0,0.0072,0.1218,0.329,0.3765,2,NA,NA,2,CA,17361,0.4196,0.5804,0.0423,0.0019,0.0622,0.0713,0.6751,0.0033,0.0059,0.005,0.1329,2025-11-17
NA,25.041857193,10871,Sacramento,1,13062,NA,0.5675342948,0.5058058523,10500,0,1,2,Sacramento City College,https://www.scc.losrios.edu/,42214,0,00123300,0.0036,0.0051,0.0157,0.1467,0.2503,0.4036,2,NA,NA,2,CA,16952,0.4149,0.5851,0.0669,0.0044,0.159,0.094,0.325,0.0126,0.0031,0.0677,0.2673,2025-11-17
NA,25.553465347,12987,Mission Viejo,1,11792,7315260,0.5557755776,0.4118329466,9500,0,1,2,Saddleback College,https://www.saddleback.edu/,50874,0,00891800,0.0068,0.0015,0.0078,0.0874,0.1532,0.2873,2,NA,NA,1,CA,15959,0.4569,0.5431,0.0626,0.0026,0.1208,0.0231,0.3024,0.0023,0.015,0.0243,0.4468,2025-11-17
NA,29.558348294,11218,Oakland,2,NA,31463462,0.8061041293,0.3201581028,20825,0,0,1,Samuel Merritt University,www.samuelmerritt.edu/,143238,0,00701200,0,0,0,0,0.1776,0.4644,3,NA,NA,3,CA,712,0.1868,0.8132,0.1096,0.0042,0.2683,0.0646,0.2388,0.0084,0,0.0183,0.2879,2025-11-17
NA,25.166517457,10317,San Diego,1,13255,NA,0.5607878245,0.5816831683,7689,0,1,2,San Diego City College,www.sdcity.edu/,38503,0,00127300,0,0.0055,0.0079,0.0767,0.2195,0.4105,2,NA,NA,2,CA,10584,0.4635,0.5365,0.0667,0.0015,0.1033,0.0948,0.4881,0.0044,0.0011,0.0116,0.2285,2025-11-17
NA,23.961108151,10591,San Diego,1,12964,NA,0.5331202273,0.48779415,4725,0,1,1,San Diego Mesa College,www.sdmesa.edu/,45120,0,00127500,0,0.0045,0.0197,0.1969,0.1556,0.4014,2,NA,NA,2,CA,15899,0.4472,0.5528,0.0798,0.0018,0.1421,0.0673,0.4086,0.0042,0.0039,0.0109,0.2813,2025-11-17
NA,25.402404302,10212,San Diego,1,11428,NA,0.4789623537,0.4462074303,6750,0,1,2,San Diego Miramar College,www.sdmiramar.edu/,48224,0,01182000,0,0.0186,0.0237,0.157,0.1147,0.395,2,NA,NA,2,CA,10740,0.5494,0.4506,0.0807,0.0019,0.1879,0.052,0.3344,0.006,0.0017,0.0166,0.3189,2025-11-17
0.3444,22.602686728,11862,San Diego,1,27357,398039847,0.5842020419,0.4119461928,15000,0,1,1,San Diego State University,https://www.sdsu.edu/,64909,0,00115100,0.0162,0.0903,0.0121,0.2528,0.3142,0.4922,3,NA,NA,3,CA,33654,0.4358,0.5642,0.0702,0.0022,0.1336,0.0366,0.3617,0.0032,0.0207,0.0292,0.3426,2025-11-17
0.4675,20.776548673,13153,San Diego,2,74879,652516000,0.5730088496,0.2486231314,22940,0,0,1,University of San Diego,www.sandiego.edu/,86522,0,01039500,0,0.1032,0.0064,0.3623,0.1935,0.5274,3,30,NA,3,CA,5619,0.4424,0.5576,0.0753,0.0025,0.0705,0.0457,0.2552,0.0034,0.0626,0.0288,0.456,2025-11-17
0.5194,21.084745763,15040,San Francisco,2,78209,49497000,0.3728813559,PS,27000,0,0,1,San Francisco Conservatory of Music,https://sfcm.edu/,NA,0,00127800,0,0,0,0,0.1584,1,3,NA,NA,3,CA,215,0.6326,0.3674,0.1023,0,0.0744,0.0372,0.1349,0,0.3023,0.0465,0.3023,2025-11-17
0.9615,22.6117357,11816,San Francisco,1,25258,156882606,0.5840236686,0.4820712432,15371,0,1,1,San Francisco State University,www.sfsu.edu/,68077,0,00115400,0.0442,0.0341,0.0078,0.1894,0.414,0.4966,3,NA,NA,3,CA,20033,0.4583,0.5417,0.0593,0.0016,0.2386,0.0646,0.3985,0.0059,0.0354,0.0418,0.1542,2025-11-17
0.5077,20.968253968,14029,San Francisco,2,76421,502806000,0.6755368814,0.2801204819,23000,0,0,1,University of San Francisco,https://www.usfca.edu/,89812,0,00132500,0,0,0.0077,0.2386,0.2722,0.4033,3,30,1313,3,CA,5697,0.3493,0.6507,0.1018,0.0018,0.2617,0.0753,0.215,0.0033,0.095,0.0156,0.2305,2025-11-17
NA,24.32249742,9622,Stockton,1,17137,NA,0.5975232198,0.5642076503,7500,0,1,2,San Joaquin Delta College,www.deltacollege.edu/,43212,0,00128000,3e-4,0.0079,0.0061,0.1143,0.2309,0.502,2,NA,NA,2,CA,13964,0.4101,0.5899,0.0591,0.0025,0.182,0.072,0.5231,0.0062,6e-4,0.0079,0.1464,2025-11-17
0.7682,24.384244373,7973,Rocklin,2,52172,5290818,0.6221864952,0.3268892794,23700,0,1,1,William Jessup University,www.jessup.edu/,56257,0,00128100,0.0757,0,0.0239,0.2789,0.343,0.301,3,79,NA,3,CA,1021,0.4251,0.5749,0.0578,0.0176,0.0431,0.0558,0.2488,0.0127,0.0343,0.0833,0.4466,2025-11-17
NA,27.435830278,16319,San Jose,1,24038,NA,0.587218439,0.58111031,PS,0,1,2,San Jose City College,www.sjcc.edu/,46215,0,00128200,0.0157,0,0.009,0.0884,0.2074,0.4323,1,NA,NA,1,CA,7039,0.4351,0.5649,0.0425,0.002,0.2152,0.0493,0.5286,0.0067,0.0172,0.0287,0.1098,2025-11-17
0.8023,22.704903455,11665,San Jose,1,25695,167381342,0.521976626,0.4904813496,15000,0,1,1,San Jose State University,www.sjsu.edu/,78988,0,00115500,0.0264,0.1243,0.0134,0.2474,0.3545,0.4358,3,NA,NA,3,CA,26757,0.5213,0.4787,0.0543,7e-4,0.3911,0.0348,0.3193,0.0047,0.0372,0.0324,0.1256,2025-11-17
NA,23.685779817,11643,San Mateo,1,11875,NA,0.5152905199,0.5095238095,14695,0,1,2,College of San Mateo,www.collegeofsanmateo.edu/,54172,0,00118100,0,0.0084,0.0364,0.1673,0.1271,0.423,2,NA,NA,1,CA,7359,0.4904,0.5096,0.0641,0.001,0.209,0.0272,0.3492,0.023,0.0428,0.0272,0.2566,2025-11-17
NA,24.78446234,12490,Santa Barbara,1,18682,64005207,0.5440549503,0.4572147651,11000,0,1,2,Santa Barbara City College,www.sbcc.edu/,47647,0,00128500,0.0011,0.0043,0.0131,0.0593,0.1552,0.3307,2,NA,NA,2,CA,10070,0.445,0.555,0.0583,0.0023,0.0478,0.0248,0.3843,0.0025,0.0412,0.0369,0.4019,2025-11-17
0.4384,20.242943548,14126,Santa Clara,2,77768,1471579000,0.5423387097,0.1650589496,19162,0,0,1,Santa Clara University,www.scu.edu/,109183,0,00132600,0,0.1443,0.0115,0.2974,0.1087,0.7155,3,30,1417,3,CA,6235,0.5144,0.4856,0.0889,3e-4,0.2148,0.035,0.1873,0.0024,0.0776,0.0186,0.3751,2025-11-17
NA,22.606413595,13732,Santa Monica,1,11353,14430702,0.5404960943,0.501534573,6450,0,1,1,Santa Monica College,https://www.smc.edu/,42193,0,00128600,0.0043,0.0015,0.0028,0.0697,0.2627,0.2903,2,NA,NA,2,CA,21194,0.4473,0.5527,0.0538,0.0013,0.0864,0.0917,0.4116,0.001,0.0777,0.0241,0.2523,2025-11-17
NA,24.56423499,12294,Santa Rosa,1,13649,54759426,0.5890897353,0.47703765,9500,0,1,2,Santa Rosa Junior College,www.santarosa.edu/,47224,0,00128700,0,0.0023,0.0052,0.0699,0.165,0.3059,1,NA,NA,1,CA,14327,0.455,0.545,0.0528,0.0053,0.0436,0.0198,0.4068,0.003,0.0063,0.056,0.4064,2025-11-17
0.3394,20.087431694,12586,Claremont,2,83330,460616238,0.9453551913,PS,13500,0,0,1,Scripps College,www.scrippscollege.edu/,77539,0,00117400,0,0.0237,0.0119,0.0079,0.1147,0.7246,3,NA,1480,3,CA,1077,0,1,0.1133,0,0.1365,0.0409,0.1226,0,0.0399,0.0111,0.5357,2025-11-17
NA,23.060180912,12358,Visalia,1,8553,16366826,0.5615654421,0.5736533061,4500,0,1,2,College of the Sequoias,https://www.cos.edu/,39092,0,00118600,0.0193,0.0027,0.0069,0.0517,0.3515,0.4872,2,NA,NA,2,CA,10752,0.4388,0.5612,0.0299,0.0032,0.0339,0.018,0.7212,0.0012,0.0014,0.0151,0.1762,2025-11-17
NA,26.273891318,10110,Redding,1,11881,NA,0.5971267958,0.5265336846,14250,0,0,1,Shasta College,https://www.shastacollege.edu/,39269,0,00128900,0,0.0054,0.0049,0.1198,0.3662,0.4154,2,NA,NA,2,CA,5536,0.3958,0.6042,0.0831,0.0222,0.0466,0.0228,0.2001,0.0042,0,0.022,0.599,2025-11-17
NA,25.663193749,9055,Rocklin,1,12628,9793312,0.5856541775,0.4471715755,10500,0,1,2,Sierra College,https://www.sierracollege.edu/,45294,0,00129000,0,0.0019,0.0119,0.1255,0.1992,0.3093,2,NA,NA,2,CA,13455,0.4565,0.5435,0.0796,0.0055,0.0823,0.0342,0.2378,0.0049,0.0044,0.012,0.5392,2025-11-17
0.9903,27.892086331,7441,Redding,2,52366,7425064,0.7032374101,0.3757455268,18750,0,1,1,Simpson University,www.simpsonu.edu/,54340,0,00129100,0,0,0,0.2135,0.4221,1,3,34,NA,3,CA,751,0.4407,0.5593,0.0919,0.0133,0.0439,0.0333,0.2783,0.0093,0.0466,0.0093,0.474,2025-11-17
NA,24.956790123,10739,Weed,1,14448,1932442,0.4888888889,0.4460431655,10750,0,0,2,College of the Siskiyous,www.siskiyous.edu/,39098,0,00118700,0,0,0,0.0324,0.2786,0.3211,2,NA,NA,2,CA,1080,0.538,0.462,0.0926,0.0222,0.0213,0.0296,0.187,0.0074,0.0111,0.0361,0.5926,2025-11-17
NA,23.801409353,11722,San Bruno,1,10461,NA,0.5464445868,0.5275526742,PS,0,1,1,Skyline College,skylinecollege.edu/,55702,0,00771300,0.0017,0.0017,0.022,0.0854,0.1009,0.4441,2,NA,NA,2,CA,7132,0.4574,0.5426,0.058,0.0014,0.30620000000000003,0.0286,0.3437,0.0126,0.0414,0.0255,0.1826,2025-11-17
NA,25.611238772,11052,San Bernardino,1,14655,NA,0.6060162941,0.5953674578,PS,0,0,2,San Bernardino Valley College,www.valleycollege.edu/,39676,0,00127200,0.0276,0,0.004,0.094,0.2699,0.314,1,NA,NA,2,CA,11106,0.3881,0.6119,0.0355,0.0013,0.0448,0.1018,0.7006,0.0044,6e-4,0.0051,0.1059,2025-11-17
0.8858,20.803393214,11128,Moraga,2,73655,184865000,0.629740519,0.2552083333,23691,0,1,1,Saint Mary's College of California,https://www.stmarys-ca.edu/,78812,0,00130200,0,0.0058,0.0193,0.2471,0.2381,0.6182,3,30,NA,3,CA,2024,0.4466,0.5534,0.0929,0.0025,0.0949,0.0519,0.3137,0.0124,0.0267,0.0227,0.3824,2025-11-17
NA,25.468680586,11108,Fairfield,1,11440,NA,0.6446023989,0.484508547,12000,0,1,1,Solano Community College,welcome.solano.edu/,44170,0,00129200,0,0.0048,0.0103,0.0682,0.2081,0.4,2,NA,NA,2,CA,7688,0.456,0.544,0.0881,0.0042,0.1476,0.1431,0.3777,0.0077,0.0016,0.0173,0.2128,2025-11-17
0.9473,22.006471495,11609,Rohnert Park,1,24739,50212263,0.6668721109,0.4147465438,16705,0,1,1,Sonoma State University,https://sonoma.edu/,65986,0,00115600,0.0466,0.0107,0.0171,0.1725,0.3615,0.4956,3,NA,NA,3,CA,5374,0.388,0.612,0.0566,0.0032,0.0493,0.0272,0.4168,0.0037,0.005,0.0341,0.4042,2025-11-17
0.647,21.842307692,7625,Costa Mesa,2,50178,9083226,0.6605769231,0.3588362069,22000,0,1,1,Vanguard University of Southern California,https://www.vanguard.edu/,59541,0,00129300,0.0613,0,0.0049,0.1863,0.4288,0.9773,3,27,NA,3,CA,1975,0.3458,0.6542,0.0238,0.0025,0.0446,0.0532,0.4765,0.0061,5e-4,0.0866,0.3063,2025-11-17
NA,23.447002319,11392,Chula Vista,1,19717,2468449,0.5640940709,0.5653573728,4500,0,1,2,Southwestern College,https://www.swccd.edu/,40060,0,00129400,0.0123,0,0.0071,0.1432,0.3504,0.2581,2,NA,NA,2,CA,16640,0.4582,0.5418,0.0383,0.0019,0.1046,0.0436,0.6883,0.004,7e-4,0.0201,0.0985,2025-11-17
0.8267,24.548387097,9281,Los Angeles,2,67014,5221000,0.4193548387,PS,PS,0,0,1,Southern California Institute of Architecture,www.sciarc.edu/,71909,0,02075800,0,0,0,0,0.212,0.6324,3,NA,NA,3,CA,236,0.5975,0.4025,0.0339,0,0.1186,0.0169,0.1271,0,0.5508,0.0042,0.1483,2025-11-17
0.1002,20.633517495,17488,Los Angeles,2,84678,7400081000,0.5540647198,0.2471783296,18000,0,0,1,University of Southern California,www.usc.edu/,92498,0,00132800,0,0.0865,0.026,0.2331,0.2166,0.5955,3,NA,1501,3,CA,20817,0.4824,0.5176,0.0645,0.0017,0.2477,0.0705,0.1827,0.0024,0.1373,0.0176,0.2757,2025-11-17
NA,24.630914826,12776,Taft,1,13012,2430412,0.6687697161,0.626911315,PS,0,1,2,Taft College,www.taftcollege.edu/,38861,0,00130900,0.0014,0.0086,0.0115,0.0719,0.1788,0.5043,2,NA,NA,2,CA,3216,0.537,0.463,0.0221,0.005,0.0162,0.0398,0.6676,0.0016,0.0016,0.0653,0.181,2025-11-17
0.7871,19.861842105,9302,Santa Paula,2,40000,29370705,0.4868421053,PS,18000,0,0,1,Thomas Aquinas College,https://thomasaquinas.edu/,55619,0,02358000,0,0,0,0,0.1977,0.9855,3,30,1277,3,CA,539,0.4972,0.5028,0.0557,0,0.0223,0,0.1967,0.0019,0.0649,0.0371,0.6215,2025-11-17
NA,23.332230908,10903,Ventura,1,9762,NA,0.5580276609,0.5665634675,13876,0,1,2,Ventura College,www.venturacollege.edu/,43430,0,00133400,0.0083,0.0131,0.0059,0.081,0.2548,0.3542,2,NA,NA,2,CA,9971,0.4324,0.5676,0.0447,0.0029,0.0446,0.0209,0.6612,0.002,0.0049,0.0129,0.2058,2025-11-17
NA,24.661992742,11565,Victorville,1,11786,NA,0.6009567799,0.5647259544,PS,0,0,2,Victor Valley College,www.vvc.edu/,36119,0,00133500,0,0,0.0051,0.0512,0.3478,0.1786,1,NA,NA,2,CA,12107,0.4036,0.5964,0.0454,0.0033,0.0194,0.1052,0.6416,0.0024,7e-4,0.0072,0.1747,2025-11-17
NA,25.059064327,12048,Berkeley,1,17110,NA,0.5625730994,0.4682997118,PS,0,1,2,Berkeley City College,www.berkeleycitycollege.edu/,41217,0,02242700,0.0214,0,0.0183,0.078,0.1258,0.4294,2,NA,NA,2,CA,4541,0.4349,0.5651,0.0751,0.0018,0.1865,0.1678,0.2803,0.0031,0.0152,0.0399,0.2303,2025-11-17
NA,23.075,11111,Coalinga,1,17249,NA,0.5027777778,0.636977058,6750,0,1,2,Coalinga College,https://www.westhillscollege.com/coalinga/,37633,0,00117600,0.0084,0,0,0.0357,0.2207,0.3529,2,NA,NA,2,CA,2177,0.4984,0.5016,0.0193,0.0092,0.023,0.0528,0.7382,0.0041,0.0032,0.0225,0.1277,2025-11-17
NA,26.148990826,12427,Culver City,1,15839,NA,0.6018348624,0.5406326034,13500,0,1,1,West Los Angeles College,www.wlac.edu/,38537,0,00859600,0,0,0.0056,0.0949,0.1998,0.2807,2,NA,NA,1,CA,7277,0.4179,0.5821,0.0431,0.0027,0.0414,0.224,0.4718,0.0019,0.0052,0.0304,0.1795,2025-11-17
NA,25.421465969,14753,Saratoga,1,13351,NA,0.5811518325,0.4591057797,PS,0,1,2,West Valley College,www.westvalley.edu/,51688,0,00133800,0.0103,0.0028,0.0314,0.0553,0.1056,0.3714,2,NA,NA,2,CA,6086,0.4402,0.5598,0.1132,8e-4,0.1873,0.0274,0.3414,0.0035,0.0069,0.0164,0.303,2025-11-17
0.7986,19.672032193,10671,Santa Barbara,2,68826,94513072,0.6036217304,0.16875,23250,0,0,1,Westmont College,www.westmont.edu/,64778,0,00134100,0.018,0.0269,0.012,0.1557,0.1858,0.6303,3,108,1367,3,CA,1310,0.3863,0.6137,0.0809,0.0023,0.0649,0.0244,0.2344,0.0015,0.0168,0.0588,0.516,2025-11-17
0.8538,19.681578947,9706,Whittier,2,63925,126453835,0.5736842105,0.3352517986,24937,0,1,1,Whittier College,www.whittier.edu/,59492,0,00134200,0,0.0178,0.0325,0.1893,0.3185,0.7619,3,NA,NA,3,CA,812,0.4064,0.5936,0.069,0,0.053,0.0369,0.4901,0.0025,0.1158,0.0049,0.2278,2025-11-17
0.7287,22.738095238,7835,Burbank,2,58180,19155677,0.5687830688,0.4097859327,26960,0,1,1,Woodbury University,https://woodbury.edu/,65668,0,00134300,0,0,0,0.1042,0.4896,0.3189,3,NA,NA,3,CA,825,0.4521,0.5479,0.023,0.0109,0.1261,0.0485,0.2933,0.0024,0.0436,0.0448,0.4073,2025-11-17
0.6168,18.569620253,6711,Los Angeles,2,27600,NA,PS,PS,PS,0,0,1,Yeshiva Ohr Elchonon Chabad West Coast Talmudical Seminary,www.yoec.edu/,48361,0,02262400,0,0,0,0,0.5461,0.75,3,NA,NA,3,CA,157,1,0,0,0,0,0,0,0,0.0064,0,0.9936,2025-11-17
NA,24.781342183,12606,Marysville,1,12200,NA,0.5781710914,0.5844277674,PS,0,1,2,Yuba College,https://yc.yccd.edu/,39552,0,00134400,3e-4,0,0.0064,0.0676,0.2799,0.401,2,NA,NA,2,CA,4311,0.3997,0.6003,0.0733,0.0063,0.1538,0.0309,0.405,0.0037,0,0.0431,0.2839,2025-11-17
NA,22.287336245,7075,Alamosa,1,23800,62674,0.4890829694,0.4151309408,19500,0,1,1,Adams State University,www.adams.edu/,44372,0,00134500,0.0144,0,0.0123,0.1437,0.3499,0.4472,3,NA,NA,3,CO,1239,0.5456,0.4544,0.0541,0.0178,0.0056,0.0815,0.3705,0.0113,0.0145,0.0831,0.3616,2025-11-17
NA,25.364897178,8066,Greeley,1,14478,5202928,0.5925394548,0.5454545455,6844,0,0,1,Aims Community College,www.aims.edu/,41887,0,00758200,0.0011,0,0,0.0233,0.1712,1,1,NA,NA,1,CO,3182,0.4673,0.5327,0.0226,0.0069,0.016,0.0239,0.4032,0.0028,0.0016,0.0387,0.4843,2025-11-17
NA,27.727693733,8852,Littleton,1,16348,NA,0.6350725533,0.3844566713,11884,0,0,1,Arapahoe Community College,www.arapahoe.edu/,48341,0,00134600,0.0493,0,0,0.0425,0.1049,0.2201,1,NA,NA,2,CO,5392,0.4021,0.5979,0.046,0.0054,0.0408,0.0393,0.1907,0.0019,0.0159,0.0467,0.6133,2025-11-17
0.7781,24.234349593,11669,Denver,1,23369,NA,0.5792682927,0.3794204883,20500,0,1,1,University of Colorado Denver/Anschutz Medical Campus,www.ucdenver.edu/,64270,0,00450800,0.0176,0.0668,0.0098,0.1684,0.2579,0.6674,3,NA,1119,3,CO,10686,0.4396,0.5604,0.0561,0.004,0.1072,0.0682,0.2766,0.0019,0.0952,0.0119,0.3789,2025-11-17
0.9657,23.317987152,9185,Colorado Springs,1,23713,NA,0.5588865096,0.3134053805,20000,0,0,1,University of Colorado Colorado Springs,https://www.uccs.edu/,54659,0,00450900,0.0485,0.063,0.0145,0.177,0.2625,0.6058,3,NA,1140,3,CO,8870,0.483,0.517,0.0755,0.0047,0.0383,0.052,0.205,0.0027,0.009,0.0163,0.5964,2025-11-17
0.8328,20.481829574,13016,Boulder,1,33466,NA,0.4815162907,0.2035731847,19500,0,0,1,University of Colorado Boulder,https://www.colorado.edu/,69738,0,00137000,0.0116,0.1242,0.0185,0.1724,0.1477,0.745,3,NA,1353,3,CO,31578,0.5332,0.4668,0.0674,0.0018,0.0621,0.0182,0.1349,0.0011,0.0272,0.0097,0.6776,2025-11-17
NA,33.999248873,7514,Lakewood,2,50206,6129395,0.7275913871,0.4485098849,28312,0,0,1,Colorado Christian University,https://www.ccu.edu/,50416,0,00940100,0.0797,0.0061,0,0.1978,0.329,0.1936,3,88,NA,3,CO,5363,0.2998,0.7002,0.0373,0.0084,0.0127,0.1467,0.1503,0.0032,2e-4,0.027,0.6142,2025-11-17
0.2003,19.440729483,12307,Colorado Springs,2,83228,822930608,0.6200607903,0.1757188498,18257,0,0,1,Colorado College,www.coloradocollege.edu/,65222,0,00134700,0.011,0,0.0202,0,0.1381,0.8076,3,NA,1445,3,CO,2139,0.4268,0.5732,0.0715,0.0019,0.05,0.0257,0.1127,0.0019,0.05,0.0108,0.6755,2025-11-17
NA,24.978518519,8933,Glenwood Springs,1,13717,18291178,0.5096296296,0.374796748,9000,0,1,1,Colorado Mountain College,coloradomtn.edu/,44127,0,00450600,0.0497,0,0,0.145,0.1343,0.2305,1,NA,NA,1,CO,2821,0.3761,0.6239,0.033,0.0039,0.0103,0.0113,0.3343,0.0011,0,0.0291,0.5771,2025-11-17
NA,24.846638655,6783,Rangely,1,21006,NA,0.6428571429,0.4589371981,12000,0,0,2,Colorado Northwestern Community College,www.cncc.edu/,43526,0,00135900,0.0905,0,0,0.019,0.1764,1,2,NA,NA,2,CO,500,0.382,0.618,0.032,0.016,0.01,0.024,0.22,0,0.012,0.008,0.678,2025-11-17
0.5971,20.823731728,13650,Golden,1,38556,322221638,0.2837489252,0.1544642857,23000,0,0,1,Colorado School of Mines,www.mines.edu/,97335,0,00134800,0,0.7572,0.0264,0,0.1333,0.7604,3,NA,1403,3,CO,5801,0.6794,0.3206,0.0645,0.005,0.0653,0.0138,0.13,9e-4,0.0241,0.0155,0.6809,2025-11-17
0.8959,21.382301548,11718,Fort Collins,1,29696,549312222,0.5496754868,0.2421371233,20000,0,0,1,Colorado State University-Fort Collins,colostate.edu/,60543,0,00135000,0.006,0.094,0.01,0.1392,0.1889,0.7525,3,NA,NA,3,CO,25148,0.4549,0.5451,0.0514,0.0055,0.0292,0.0247,0.1564,0.0016,0.0231,0.0071,0.701,2025-11-17
NA,27.508513425,7822,Aurora,1,16210,940439,0.6149312377,0.5111925112,10500,0,1,2,Community College of Aurora,https://www.ccaurora.edu/,44592,0,02276900,0.0906,0,0,0.0926,0.1647,1,2,NA,NA,2,CO,3346,0.4127,0.5873,0.0478,0.0063,0.0619,0.2197,0.3449,0.0057,0.0406,0.0126,0.2606,2025-11-17
NA,28.535714286,NA,Delta,1,NA,NA,0.6632653061,0.5517241379,4750,0,0,3,Technical College of the Rockies,www.tcr.edu/,45516,0,02156200,0,0,0,0,0.2703,NA,1,NA,NA,1,CO,142,0.3451,0.6549,0,0.0352,0,0.0141,0.3873,0,0,0,0.5634,2025-11-17
NA,25.993571716,8153,Denver,1,18377,NA,0.5895942145,0.4940652819,12495,0,1,1,Community College of Denver,www.ccd.edu/,39095,0,00954200,0.1558,0,0,0.0477,0.3098,0.314,2,NA,NA,2,CO,5156,0.3673,0.6327,0.0436,0.0078,0.0576,0.1197,0.3755,0.0029,0.0357,0.0099,0.3474,2025-11-17
0.7119,20.264305177,12410,Denver,2,75020,990340196,0.6021798365,0.1903064861,21844,0,0,1,University of Denver,www.du.edu/,71155,0,00137100,0,0.0313,0.0094,0.313,0.1471,0.5336,3,NA,1344,3,CO,6059,0.4486,0.5514,0.0635,0.0043,0.0376,0.0279,0.137,0.0012,0.032,0.0163,0.6801,2025-11-17
NA,29.437919463,NA,Denver,1,NA,NA,0.5687919463,0.6039119804,PS,0,0,3,Emily Griffith Technical College,www.emilygriffith.edu/,35487,0,00559600,0,0,0,0.0064,0.0729,NA,1,NA,NA,1,CO,5914,0.871,0.129,0.002,0.0299,0.0172,0.0551,0.3713,0.0057,0.0041,0.0435,0.4711,2025-11-17
0.932,21.814338235,7719,Durango,1,25558,15010898,0.5287990196,0.3085036256,18389,0,0,1,Fort Lewis College,fortlewis.edu/,46349,1,00135300,0.0307,0.0529,0.0017,0.1689,0.361,0.7711,3,NA,1084,3,CO,3070,0.4759,0.5241,0.1192,0.2824,0.0046,0.0124,0.1469,0.0016,0.0055,0.0013,0.4261,2025-11-17
NA,26.032059943,7918,Westminster,1,18087,1917405,0.5958727429,0.4115857874,12251,0,1,1,Front Range Community College,https://www.frontrange.edu/,45910,0,00793300,0.0447,8e-4,0,0.0698,0.1649,1,1,NA,NA,1,CO,11132,0.4067,0.5933,0.0406,0.0067,0.0402,0.0245,0.2782,0.0022,0.0163,0.0136,0.5776,2025-11-17
NA,23.052401747,4865,Lamar,1,19366,NA,0.5218340611,0.472361809,8750,0,0,2,Lamar Community College,https://www.lamarcc.edu/,38719,0,00135500,0.0199,0,0,0.0299,0.3174,0.4182,2,NA,NA,2,CO,406,0.4483,0.5517,0.0345,0.032,0.0049,0.0591,0.4335,0.0074,0.0369,0.0123,0.3793,2025-11-17
0.8139,22.303197884,7579,Grand Junction,1,22883,42109580,0.5292137533,0.3937549616,22000,0,0,1,Colorado Mesa University,www.coloradomesa.edu/,45823,0,00135800,0.005,0,0.0084,0.1439,0.274,0.5751,3,NA,1070,3,CO,7604,0.4654,0.5346,0.0433,0.0067,0.0139,0.0158,0.2102,0.0039,0.0138,0.0438,0.6486,2025-11-17
0.9914,25.353740664,9925,Denver,1,22825,19765432,0.5682625199,0.4046665746,21500,0,1,1,Metropolitan State University of Denver,www.msudenver.edu/,52093,0,00136000,0.0457,0.0168,0.0118,0.1981,0.3508,1,3,NA,1014,3,CO,14932,0.4486,0.5514,0.0546,0.0097,0.0446,0.0782,0.3665,0.0027,0.0059,0.01,0.4278,2025-11-17
NA,27.539112051,7179,Fort  Morgan,1,15797,7129602,0.6871035941,0.4961439589,8501,0,1,1,Morgan Community College,https://www.morgancc.edu/,39429,0,00998100,0.0031,0,0,0.1046,0.212,1,1,NA,NA,1,CO,619,0.3053,0.6947,0.0113,0.0032,0.0145,0.0856,0.4685,0,0,0.0097,0.4071,2025-11-17
0.94,24.546938776,5946,Boulder,2,52900,4510367,0.6612244898,0.1948051948,24712,0,0,1,Naropa University,https://www.naropa.edu/,28720,0,02117500,0.0571,0,0,0,0.5656,0.3878,3,NA,NA,3,CO,368,0.288,0.712,0.0761,0.0027,0.0245,0.0217,0.1196,0,0.0272,0.0788,0.6495,2025-11-17
NA,22.246753247,6042,Sterling,1,20246,1238005,0.5053128689,0.3808882907,9376,0,0,2,Northeastern Junior College,www.njc.edu/,39893,0,00136100,0.0404,0,0,0.1077,0.3734,1,1,NA,NA,1,CO,825,0.4121,0.5879,0.0352,0.0048,0.0024,0.0339,0.1733,0.0012,0.0594,0.0085,0.6812,2025-11-17
0.8643,21.62580338,8688,Greeley,1,26989,101029881,0.6510354677,0.35173132,20470,0,1,1,University of Northern Colorado,https://www.unco.edu/,52231,0,00134900,0.1349,0.0064,0.0076,0.1069,0.2619,0.5744,3,NA,1077,3,CO,5693,0.3276,0.6724,0.0499,0.0042,0.0214,0.0425,0.2607,0.0019,0.0119,0.0056,0.6018,2025-11-17
NA,26.905006418,5805,La Junta,1,20413,740435,0.485237484,0.5103550296,10250,0,1,2,Otero College,www.otero.edu/,39018,0,00136200,0,0,0,0.0258,0.3423,1,1,NA,NA,1,CO,642,0.4346,0.5654,0.0327,0.0125,0.0093,0.0576,0.3863,0.0031,0.0701,0.0125,0.4159,2025-11-17
NA,26.822281521,7403,Colorado Springs,1,18345,4100029,0.5845230153,0.4259485924,9000,0,1,1,Pikes Peak State College,https://www.pikespeak.edu/,40796,0,00889600,0.0176,0,0,0.0469,0.3078,0.9487,2,NA,NA,1,CO,9307,0.4094,0.5906,0.0676,0.0074,0.0342,0.0829,0.251,0.0055,0.015,0.0132,0.5232,2025-11-17
NA,28.238111413,7055,Pueblo,1,19251,NA,0.6294157609,0.4738336714,10000,0,1,1,Pueblo Community College,www.pueblocc.edu/,37434,0,02116300,0.0589,0,0,0.1158,0.2833,1,1,NA,NA,1,CO,3293,0.3058,0.6942,0.0361,0.0276,0.0137,0.031,0.4057,0.0012,0.0043,0.0094,0.471,2025-11-17
NA,27.207484028,8076,Lakewood,1,18048,NA,0.5558259811,0.4531568228,9500,0,0,1,Red Rocks Community College,www.rrcc.edu/,46288,0,00954300,0.025,0.0025,0,0.123,0.1931,1,1,NA,NA,1,CO,4281,0.4838,0.5162,0.0362,0.0068,0.0318,0.0271,0.2345,0.0026,0.0194,0.0262,0.6155,2025-11-17
0.8727,27.834658188,8767,Denver,2,54889,86329241,0.6412294648,0.36,25000,0,1,1,Regis University,https://www.regis.edu/,72105,0,00136300,0.0206,0,0.0029,0.1468,0.2615,0.4257,3,30,NA,3,CO,2599,0.3128,0.6872,0.0385,0.0038,0.0646,0.0635,0.317,0.0035,0.01,0.0389,0.4602,2025-11-17
0.9984,23.515789474,8114,Pueblo,1,23891,24292591,0.5299771167,0.4086781029,21500,0,1,1,Colorado State University Pueblo,https://www.csupueblo.edu/,55563,0,00136500,0.0016,0.0313,0.0063,0.152,0.2785,0.4745,3,NA,1005,3,CO,3028,0.4706,0.5294,0.0918,0.0073,0.0192,0.0624,0.3616,0.0036,0.0205,0.0165,0.4171,2025-11-17
NA,27.764573991,NA,Aurora,1,11474,NA,0.5515695067,0.5802469136,PS,0,0,2,Pickens Technical College,www.pickenstech.org/,39210,0,01287500,0,0,0,0.0612,0.3302,NA,1,NA,NA,1,CO,646,0.5077,0.4923,0.0263,0.0015,0.0557,0.1594,0.4954,0.0031,0.0263,0,0.2322,2025-11-17
NA,25.71025641,5974,Trinidad,1,21373,7607694,0.5051282051,0.5574018127,8908,0,1,1,Trinidad State College,www.trinidadstate.edu/,36475,0,00136800,0.0349,0,0,0.0168,0.4106,1,1,NA,NA,1,CO,1168,0.4957,0.5043,0.0334,0.0231,0.0068,0.083,0.4443,0,0.0231,0.0317,0.3545,2025-11-17
0.1393,NA,10800,USAF Academy,1,NA,127842170,NA,NA,NA,0,0,1,United States Air Force Academy,www.usafa.edu/,NA,0,00136900,0,0.3045,0.0169,0.1686,NA,1,3,NA,1362,NA,CO,4124,0.7061,0.2939,0.0827,0.0017,0.0723,0.058,0.1193,0.0058,0.0145,0.0116,0.6341,2025-11-17
0.9747,20.96287703,7506,Gunnison,1,25426,9021836,0.4164733179,0.2496924969,20250,0,0,1,Western Colorado University,www.western.edu/,46833,0,00137200,0.0292,0,0.0265,0.2042,0.1347,0.6239,3,NA,1130,3,CO,1653,0.5681,0.4319,0.0375,0.0115,0.0121,0.0315,0.1289,0.0018,0.0079,0.0442,0.7247,2025-11-17
0.6437,28.57354759,8289,New Haven,2,56268,25962284,0.694684796,0.5338235294,30964,0,1,1,Albertus Magnus College,https://www.albertus.edu/,60144,0,00137400,0,0,0.0098,0.3779,0.4711,0.4545,3,30,NA,3,CT,882,0.407,0.593,0.0351,0.0011,0.0159,0.2732,0.2574,0,0.042,0.0181,0.3571,2025-11-17
0.6431,24.483914209,7276,Bridgeport,2,52786,2368000,0.7091152815,0.424291498,25750,0,1,1,University of Bridgeport,www.bridgeport.edu/,50323,0,00141600,0,0.0425,0.0021,0.0913,0.5168,0.3326,3,NA,985,3,CT,1450,0.2952,0.7048,0.0048,0.0034,0.0448,0.3262,0.3055,0,0.0421,0.02,0.2531,2025-11-17
0.7553,22.070153997,10593,New Britain,1,24112,89049879,0.4913224151,0.3874829932,22300,0,0,1,Central Connecticut State University,www.ccsu.edu/,58562,0,00137800,0.053900000000000003,0.0359,0.0073,0.2469,0.3486,0.4793,3,NA,1091,3,CT,7670,0.543,0.457,0.0306,0.001,0.0501,0.1349,0.2,4e-4,0.0186,0.0218,0.5425,2025-11-17
0.3828,19.53346856,9825,New London,2,82219,416635000,0.6673427992,0.1404255319,23500,0,0,1,Connecticut College,www.conncoll.edu/,75001,0,00137900,0.0167,0,0.0119,0,0.1432,0.7474,3,NA,1412,3,CT,1960,0.3888,0.6112,0.0388,0,0.0362,0.0439,0.1158,0.001,0.0607,0.0168,0.6867,2025-11-17
0.5395,20.321323247,14158,Storrs,1,36572,564285745,0.5309655084,0.2664932932,21500,0,1,1,University of Connecticut,https://uconn.edu/,73997,0,00141700,0.025,0.1128,0.0322,0.1384,0.2416,0.6735,3,NA,1338,3,CT,19147,0.4595,0.5405,0.0462,9e-4,0.1304,0.0728,0.1614,4e-4,0.0776,0.0068,0.5034,2025-11-17
NA,29.899585591,6539,East Hartford,2,39745,12411000,0.8310487727,0.5281116712,33500,0,0,1,Goodwin University,www.goodwin.edu/,43596,0,02244900,0,0,0,0.0339,0.4843,0.3271,2,NA,NA,2,CT,2761,0.1333,0.8667,0.0087,0.0054,0.0272,0.2633,0.2485,0.0022,0.004,0.0692,0.3716,2025-11-17
0.8055,21.013141162,10776,Willimantic,1,30805,16569400,0.5811784655,0.3446535108,24250,0,0,1,Eastern Connecticut State University,https://www.easternct.edu/,56469,0,00142500,0.034,0,0.0246,0.1817,0.2817,0.616,3,NA,1200,3,CT,3377,0.4163,0.5837,0.0403,3e-4,0.0234,0.0891,0.1377,9e-4,0.0038,0.0601,0.6444,2025-11-17
0.4498,19.908876669,12997,Fairfield,2,73371,357565000,0.6457187745,0.1654441728,26000,0,0,1,Fairfield University,fairfield.edu/,88794,0,00138500,0,0.0475,0.0121,0.4175,0.0683,1,3,30,1323,3,CT,4938,0.4259,0.5741,0.0174,2e-4,0.019,0.0113,0.0751,4e-4,0.02,0.0417,0.8147,2025-11-17
NA,27.254931715,9270,New Britain,1,15360,58072730,0.7076378351,0.576844956,9200,0,1,2,Connecticut State Community College,https://ctstate.edu/,41344,0,00763500,0.0326,0.0148,0.0034,0.1712,0.4371,1,2,NA,NA,2,CT,32292,0.399,0.601,0.0377,0.0023,0.0413,0.1691,0.3234,0.0015,0.0051,0.0234,0.396,2025-11-17
0.8301,20.24865758,8557,West Hartford,2,62273,191364000,0.5671210244,0.2869217082,27000,0,0,1,University of Hartford,www.hartford.edu/,60823,0,00142200,0.0502,0.1175,0.0032,0.0994,0.2976,0.437,3,NA,1207,3,CT,4032,0.4323,0.5677,0.0206,0.0042,0.0392,0.1639,0.1726,0.0017,0.034,0.0531,0.5107,2025-11-17
NA,28.375,5577,Cromwell,2,20740,NA,0.275,PS,12541,0,0,1,Holy Apostles College and Seminary,www.holyapostles.edu/,NA,0,00138900,0,0,0,0,0.1624,0.3333,3,30,NA,3,CT,203,0.5025,0.4975,0.0049,0.0049,0.0591,0.0099,0.202,0,0.0591,0.0099,0.6502,2025-11-17
0.7336,20.620805369,6927,New London,2,54089,7947276,0.4362416107,0.3516483516,25150,0,0,1,Mitchell College,https://www.mitchell.edu/,39115,0,00139300,0.1282,0,0,0.094,0.3933,1,3,NA,NA,3,CT,421,0.5534,0.4466,0.0333,0.0071,0.0119,0.1473,0.1948,0.0024,0.0048,0.0404,0.5582,2025-11-17
0.8055,20.310183213,11376,West Haven,2,63970,86882337,0.575202386,0.285648785,27000,0,0,1,University of New Haven,www.newhaven.edu/,60126,0,00139700,0,0.0751,0.0128,0.1071,0.274,0.3561,3,NA,1190,3,CT,4799,0.4226,0.5774,0.0363,0.0017,0.031,0.1084,0.2069,6e-4,0.0342,0.0436,0.5374,2025-11-17
0.77,20.070648464,11314,Hamden,2,69666,718760681,0.6232081911,0.1993603412,26000,0,0,1,Quinnipiac University,www.qu.edu/,83759,0,00140200,0,0.0342,0.0056,0.2072,0.1551,0.3542,3,NA,1212,3,CT,6208,0.394,0.606,0.0282,0.001,0.0345,0.0412,0.1149,6e-4,0.0185,0.0227,0.7384,2025-11-17
0.6768,20.50951087,10752,Fairfield,2,66669,238461481,0.6625905797,0.22906641,25000,0,0,1,Sacred Heart University,https://www.sacredheart.edu/,75059,0,00140300,0,0.0031,0.0069,0.2424,0.1517,0.3343,3,30,NA,3,CT,6904,0.3582,0.6418,0.0236,0.001,0.0169,0.0346,0.1301,3e-4,0.0109,0.018,0.7646,2025-11-17
0.7964,23.075046904,8223,West Hartford,2,56786,40425000,0.9681050657,0.4221748401,27000,0,0,1,University of Saint Joseph,https://www.usj.edu/,59908,0,00140900,0.0476,0,0.0043,0.0909,0.361,1,3,30,1100,3,CT,825,0.2909,0.7091,0.0364,0,0.057,0.1042,0.1818,0,0.017,0.0109,0.5927,2025-11-17
0.8112,21.450685654,10742,New Haven,1,28592,32290983,0.6305379747,0.390459364,22250,0,1,1,Southern Connecticut State University,www.southernct.edu/,55043,0,00140600,0.0678,0,0.0024,0.138,0.3727,0.4862,3,NA,NA,3,CT,6180,0.3914,0.6086,0.0443,0.0013,0.0395,0.1994,0.2458,2e-4,0.0068,0.0272,0.4356,2025-11-17
0.3352,20.398785425,11347,Hartford,2,83090,795976337,0.528340081,0.1784946237,23000,0,0,1,Trinity College,https://www.trincoll.edu/,90779,0,00141400,0.0158,0.0356,0.0178,0,0.1518,0.8726,3,NA,1396,3,CT,2193,0.4738,0.5262,0.0392,0.0023,0.0451,0.0561,0.0907,0,0.1377,0.0192,0.6097,2025-11-17
0.2432,NA,7856,New London,1,NA,29661815,NA,NA,NA,0,0,1,United States Coast Guard Academy,https://www.uscga.edu/,NA,0,00141500,0,0.4858,0,0.1822,NA,0.9398,3,NA,1290,NA,CT,1081,0.6059,0.3941,0.1073,9e-4,0.0574,0.0287,0.136,0.0028,0.0278,0.0111,0.6281,2025-11-17
0.171,19.821100917,13708,Middletown,2,85172,1564521000,0.5581039755,0.196013289,17000,0,0,1,Wesleyan University,https://www.wesleyan.edu/,73897,0,00142400,0.0131,0,0.0315,0,0.1499,0.899,3,NA,1513,3,CT,2973,0.4692,0.5308,0.073,3e-4,0.0928,0.0585,0.1026,7e-4,0.1036,0.0283,0.5402,2025-11-17
0.8136,21.581449008,10902,Danbury,1,24534,23411311,0.5140747577,0.3798052281,24147,0,1,1,Western Connecticut State University,https://www.wcsu.edu/,59115,0,00138000,0.0598,0,0.0059,0.2732,0.3464,1,3,NA,1044,3,CT,3434,0.4921,0.5079,0.0536,0.0047,0.0451,0.0944,0.2941,3e-4,0.0029,0.0082,0.4968,2025-11-17
0.045,19.532147743,22124,New Haven,2,85120,41383260000,0.5006839945,0.25,12975,0,0,1,Yale University,https://www.yale.edu/,100533,0,00142600,0,0.0683,0.069,0,0.1916,0.7363,3,NA,1534,3,CT,6811,0.4823,0.5177,0.0722,0.0041,0.2283,0.0881,0.1571,0.0015,0.1063,0.0185,0.3239,2025-11-17
NA,25.809596875,8092,Dover,1,13177,NA,0.6438833868,0.4992614476,10500,0,0,1,Delaware Technical Community College-Terry,https://www.dtcc.edu/,41448,0,01172700,0.0646,0.0052,0,0.1129,0.3849,0.3573,2,NA,NA,2,DE,11012,0.3158,0.6842,0.0459,0.0041,0.032,0.2813,0.1762,9e-4,0.0093,0.0321,0.4182,2025-11-17
0.6167,20.151656556,8320,Dover,1,27536,36397735,0.6654223052,0.3550453817,26000,1,0,1,Delaware State University,www.desu.edu/,49307,0,00142800,0.0593,0.0208,0.0015,0.1083,0.4335,0.5842,3,NA,984,3,DE,4630,0.3501,0.6499,0.0587,0.0015,0.0108,0.7514,0.0849,6e-4,0.0188,0.0017,0.0715,2025-11-17
0.6511,19.693425606,14139,Newark,1,29347,1781176682,0.585467128,0.170937108,24572,0,0,1,University of Delaware,www.udel.edu/,72950,0,00143100,0.0629,0.0893,0.0117,0.1864,0.1565,0.989,3,NA,1297,3,DE,18812,0.4014,0.5986,0.0521,0.0013,0.0552,0.0637,0.0988,3e-4,0.0379,0.0163,0.6743,2025-11-17
0.7653,21.212389381,8469,Wilmington,2,24633,163216236,0.587020649,0.4217252396,18900,0,0,1,Goldey-Beacom College,www.gbc.edu/,59892,0,00142900,0,0,0,0.574,0.3887,0.2556,3,NA,NA,3,DE,634,0.5079,0.4921,0.0473,0.0016,0.0142,0.2145,0.1656,0.0016,0.0789,0.1041,0.3722,2025-11-17
NA,28.968642041,8450,New Castle,2,19326,155137083,0.6885463726,0.4708194738,20000,0,0,1,Wilmington University,www.wilmu.edu/,53844,0,00794800,0.0894,0,0,0.2201,0.2631,0.0659,3,NA,NA,3,DE,8497,0.3894,0.6106,0.0455,0.0044,0.0326,0.2243,0.1619,0.0021,0.0307,0.0284,0.47,2025-11-17
0.4738,19.730314157,13264,Washington,2,71549,908905000,0.6609547124,0.156343443,22750,0,0,1,American University,www.american.edu/,77370,0,00143400,0.006,0,0.0154,0.1696,0.1273,0.5369,3,71,1392,3,DC,7593,0.3645,0.6355,0.0569,3e-4,0.0711,0.0788,0.128,5e-4,0.0661,0.0296,0.5687,2025-11-17
0.8384,20.094304388,10955,Washington,2,73198,358681337,0.5798319328,0.1012658228,26000,0,0,1,The Catholic University of America,https://www.catholic.edu/,73250,0,00143700,0.0224,0.1021,0.0098,0.2755,0.1674,0.4807,3,30,NA,3,DC,3063,0.4345,0.5655,0.0464,7e-4,0.03,0.093,0.1943,3e-4,0.0307,0.0287,0.5759,2025-11-17
NA,26.363914373,9578,Washington,1,20911,53496262,0.6024464832,0.5079113924,24872,1,0,1,University of the District of Columbia,www.udc.edu/,44236,0,00144100,0.1568,0.0497,0.0031,0.1972,0.4282,0.3711,3,NA,NA,3,DC,3080,0.3305,0.6695,0.0273,0.0029,0.013,0.5419,0.2789,3e-4,0.036,0.0675,0.0321,2025-11-17
0.6094,22.75984252,10725,Washington,2,39416,191649039,0.5157480315,0.3385650224,18000,0,0,1,Gallaudet University,https://gallaudet.edu/,43101,0,00144300,0.0128,0,0.034,0.1064,0.5427,1,3,NA,857,3,DC,879,0.4812,0.5188,0.0171,0.0068,0.0501,0.1752,0.2298,0.0068,0.0444,0.0489,0.4209,2025-11-17
0.4354,21.262289562,16011,Washington,2,80727,2340361000,0.6346801347,0.1606580329,20449,0,0,1,George Washington University,https://www.gwu.edu/,90873,0,00144400,0,0.0537,0.0096,0.1525,0.1483,0.5194,3,NA,1433,3,DC,10848,0.3678,0.6322,0.0548,5e-4,0.1495,0.0765,0.1309,7e-4,0.0768,0.0173,0.4929,2025-11-17
0.1308,20.123156342,17306,Washington,2,84696,3210032000,0.5899705015,0.1606456572,15500,0,0,1,Georgetown University,https://www.georgetown.edu/,103494,0,00144500,0,0,0.0214,0.1976,0.1032,0.471,3,30,1494,3,DC,7462,0.415,0.585,0.0607,7e-4,0.1514,0.0505,0.0622,0.0015,0.1375,0.0501,0.4854,2025-11-17
0.3489,20.340277778,11536,Washington,2,51450,862784000,0.7177579365,0.2363936229,24500,1,0,1,Howard University,www.howard.edu/,63066,0,00144800,0.0108,0.0396,0.0054,0.155,0.4053,0.6661,3,NA,1205,3,DC,9604,0.273,0.727,0.0514,0.0037,0.0308,0.7143,0.0691,0.0011,0.0494,0.0775,0.0026,2025-11-17
0.9919,24.540256709,7898,Washington,2,35061,37262062,0.9789964994,0.5321821036,28250,0,1,1,Trinity Washington University,www2.trinitydc.edu/,53804,0,00146000,0.186,0,0.0116,0.093,0.5131,0.1948,3,30,NA,3,DC,1415,0.0226,0.9774,0.0219,0,0.0106,0.5809,0.3371,0,0.0113,0.0233,0.0148,2025-11-17
NA,26.901818182,NA,Coconut Creek,1,NA,NA,0.4945454545,0.5474452555,PS,0,0,2,Atlantic Technical College,www.atlantictechnicalcollege.edu/,38560,0,01226300,0,0,0,0.0777,0.0618,NA,1,NA,NA,1,FL,2672,0.8728,0.1272,0.0206,0.0037,0.0079,0.2882,0.3031,0.0019,0,0,0.3746,2025-11-17
0.641,26.005376344,5241,Graceville,2,20596,8326187,0.4731182796,0.3414634146,23590,0,0,1,Baptist University of Florida,www.buf.edu/,42836,0,02159600,0.0625,0,0,0.1042,0.3403,1,3,75,1045,3,FL,248,0.5242,0.4758,0.0685,0.004,0.0161,0.0565,0.0121,0,0,0.2097,0.6331,2025-11-17
0.5907,26.625468165,8784,Miami,2,48300,49943246,0.6736222579,0.4355670103,26997,0,1,1,Barry University,www.barry.edu/,55966,0,00146600,0.0315,0,0,0.2137,0.4571,0.2524,3,30,NA,3,FL,2245,0.3693,0.6307,0.0312,0.0031,0.0143,0.3782,0.3479,9e-4,0.1065,0.0094,0.1087,2025-11-17
0.9985,20.22826087,7196,Daytona Beach,2,29782,33794414,0.60409699,0.4223088164,31000,1,0,1,Bethune-Cookman University,https://www.cookman.edu/,38518,0,00146700,0.0208,0.0148,0,0.1365,0.7694,0.7136,3,71,913,3,FL,2414,0.3666,0.6334,0.0162,0.0017,4e-4,0.5812,0.0331,4e-4,0.0186,0.343,0.0054,2025-11-17
0.7395,21.295352324,6502,Boca Raton,2,60817,35987284,0.5967016492,0.270096463,17940,0,0,1,Lynn University,https://www.lynn.edu/,49006,0,00150500,0.0392,0,0,0.3868,0.2272,0.4518,3,NA,1136,3,FL,2820,0.4957,0.5043,0.0333,0.0018,0.0145,0.0915,0.1922,0.0011,0.1301,0.0323,0.5032,2025-11-17
NA,25.451760325,6487,Melbourne,1,11174,18661055,0.5937711578,0.4004611837,12250,0,0,1,Eastern Florida State College,https://www.easternflorida.edu/,37195,0,00147000,0.005,0,0,0.1503,0.2788,0.3548,2,NA,NA,2,FL,10162,0.4129,0.5871,0.0562,0.0024,0.0248,0.1167,0.1848,0.0018,0.0163,0.0133,0.5837,2025-11-17
NA,24.374647017,6815,Fort Lauderdale,1,24948,44257918,0.5896134839,0.4873697419,7500,0,1,1,Broward College,www.broward.edu/,41939,0,00150000,0.01,0,0,0.2979,0.4002,0.3197,2,NA,NA,2,FL,23799,0.4038,0.5962,0.0416,0.002,0.0327,0.3307,0.377,0.0024,0.0623,0.0287,0.1227,2025-11-17
1,26.48,8982,Miami,2,48144,NA,0.8042105263,0.2505800464,5500,0,1,1,Albizu University-Miami,https://www.albizu.edu/,41544,0,01072401,0.0909,0,0,0,0.5161,0.9474,3,NA,NA,3,FL,225,0.1378,0.8622,0,0,0,0.0178,0.8756,0,0.0089,0.0667,0.0311,2025-11-17
NA,24.306709265,6148,Ocala,1,17950,91682945,0.6081905315,0.4876564085,13000,0,0,1,College of Central Florida,www.cf.edu/,38203,0,00147100,0.0163,0,0,0.3357,0.4047,0.4464,1,NA,NA,2,FL,4717,0.3617,0.6383,0.0411,0.0017,0.0267,0.109,0.2039,0.0032,0.0201,0.0204,0.5739,2025-11-17
0.3952,23.064686174,11465,Orlando,1,22819,174724636,0.5891445164,0.3526400468,18190,0,1,1,University of Central Florida,https://www.ucf.edu/,58308,0,00395400,0.0342,0.0833,0.0067,0.1542,0.3342,0.9848,3,NA,1277,3,FL,59095,0.4573,0.5427,0.0479,0.0011,0.0772,0.0919,0.3078,0.0012,0.0289,0.009,0.435,2025-11-17
NA,26.962962963,NA,Port Charlotte,1,15126,NA,0.7851851852,0.4909090909,PS,0,0,3,Charlotte Technical College,www.charlottetechcollege.net/ctc,36349,0,02297000,0,0,0,0,0.3015,NA,1,NA,NA,1,FL,295,0.5966,0.4034,0.0305,0.0102,0.0237,0.1254,0.1763,0.0034,0.0102,0,0.6203,2025-11-17
NA,23.479946524,6169,Marianna,1,8804,17601676,0.6189839572,0.5083969466,PS,0,0,1,Chipola College,https://www.chipola.edu/,37378,0,00147200,0.0463,0,0,0.0328,0.2689,0.4624,2,NA,NA,2,FL,1218,0.3966,0.6034,0.0517,0.0025,0.0074,0.1585,0.0649,0.0016,0.0181,0.0369,0.6585,2025-11-17
NA,25.170305677,NA,Naples,1,NA,NA,0.5589519651,0.5769230769,PS,0,0,3,Lorenzo Walker Technical College,lwtc.edu/,36853,0,01323400,0,0,0,0.0362,0.1723,NA,1,NA,NA,1,FL,767,0.4537,0.5463,0.013,0.0013,0.013,0.193,0.575,0.0013,0,0,0.2034,2025-11-17
NA,25.346264151,7406,Daytona Beach,1,11662,19529676,0.6061886792,0.41995441,8250,0,1,1,Daytona State College,www.daytonastate.edu/,37096,0,00147500,0.0221,0.0144,0,0.104,0.3393,0.2785,2,NA,NA,2,FL,9367,0.4119,0.5881,0.0501,0.0018,0.024,0.1429,0.2269,9e-4,0.006,0.0189,0.5286,2025-11-17
0.7869,21.316455696,8901,Saint Petersburg,2,66936,75413467,0.653164557,0.2037533512,27000,0,0,1,Eckerd College,https://www.eckerd.edu/,51819,0,00148700,0,0,0.0048,0.0993,0.1621,0.8265,3,66,1256,3,FL,1984,0.2949,0.7051,0.0585,0.0015,0.0197,0.0257,0.0993,0.001,0.0368,0.0015,0.756,2025-11-17
NA,23.134093464,6990,Fort Myers,1,14644,49679138,0.6214870724,0.504302926,8000,0,1,1,Florida SouthWestern State College,https://www.fsw.edu/,43421,0,00147700,0.0213,0,0,0.0632,0.3357,0.2716,2,NA,NA,2,FL,10613,0.3708,0.6292,0.0237,0.004,0.02,0.1387,0.379,0.001,0.0301,0.065,0.3386,2025-11-17
0.8481,22.303278689,5834,Jacksonville,2,26973,3482848,0.4631147541,0.5041322314,PS,1,0,1,Edward Waters University,www.ew.edu/,34782,0,00147800,0,0,0.0091,0.4273,0.7557,1,3,51,NA,3,FL,1113,0.5274,0.4726,0.0171,0.0036,0.0027,0.8401,0.0198,0.0018,0.0027,0.0629,0.0494,2025-11-17
0.6628,25.385231459,10661,Daytona Beach,2,59972,166178000,0.1816434407,0.3554592721,23666,0,0,1,Embry-Riddle Aeronautical University-Daytona Beach,daytonabeach.erau.edu/,84131,0,00147900,0,0.3272,0.0232,0.0521,0.1507,0.8805,3,NA,1256,3,FL,7535,0.7301,0.2699,0.053,0.002,0.049,0.0451,0.1521,0.0013,0.1011,0.023,0.5735,2025-11-17
0.2112,20.577104025,9044,Tallahassee,1,24047,98299059,0.6479351803,0.3659409484,23548,1,0,1,Florida Agricultural and Mechanical University,www.famu.edu/,44349,0,00148000,0.025,0.0324,0.0013,0.087,0.5557,1,3,NA,1100,3,FL,7516,0.3371,0.6629,0.0184,9e-4,0.0028,0.8924,0.054,0,9e-4,1e-4,0.0305,2025-11-17
0.7344,23.286651455,10381,Boca Raton,1,21054,334780801,0.6122837041,0.3877728309,17236,0,1,1,Florida Atlantic University,www.fau.edu/,56746,0,00148100,0.03,0.0437,0.0031,0.2007,0.3515,0.7496,3,NA,1119,3,FL,23458,0.4286,0.5714,0.0408,8e-4,0.0393,0.1733,0.2887,9e-4,0.0279,0.0132,0.415,2025-11-17
NA,25.216086306,6412,Jacksonville,1,8994,38533487,0.6176030763,0.4410528917,13562,0,0,1,Florida State College at Jacksonville,www.fscj.edu/,42244,0,00148400,0.0064,0,0,0.2613,0.3336,0.3681,2,NA,NA,2,FL,17739,0.3575,0.6425,0.119,0.0032,0.0317,0.2746,0.0938,0.0045,0.0402,0.0077,0.4253,2025-11-17
0.7809,22.130147059,7446,Saint Augustine,2,41734,93200395,0.6926470588,0.2803738318,24250,0,0,1,Flagler College,https://www.flagler.edu/,49483,0,00789300,0.0906,0,0.0036,0.2717,0.2831,0.8503,3,NA,1099,3,FL,2404,0.3211,0.6789,0.0387,0.0017,0.0096,0.0295,0.1344,8e-4,0.0308,0.0304,0.7242,2025-11-17
0.6645,19.975524476,6609,Temple Terrace,2,32188,18635137,0.5244755245,0.2350746269,12000,0,0,1,Florida College,www.floridacollege.edu/,43445,0,00148200,0.0739,0,0,0.0985,0.209,0.7857,2,108,1068,2,FL,589,0.489,0.511,0.0441,0.0051,0.0187,0.034,0.0645,0.0051,0.0374,0.0357,0.7555,2025-11-17
NA,26.983074753,8762,Orlando,2,38194,10320727,0.8251057828,0.3902053712,24590,0,1,1,AdventHealth University,www.ahu.edu/,72282,0,03115500,0,0,0,0,0.3739,0.9626,3,95,NA,3,FL,1068,0.147,0.853,0.0281,0,0.0403,0.1713,0.3708,0.0056,0.0449,0.03,0.309,2025-11-17
0.6253,28.412055336,11169,Melbourne,2,60387,89442037,0.5243741765,0.4013402829,27000,0,0,1,Florida Institute of Technology,https://www.fit.edu/,43137,0,00146900,0,0.4165,0.0125,0.0764,0.201,1,3,NA,1213,3,FL,3235,0.673,0.327,0.0303,0.0028,0.025,0.0488,0.1598,0.0015,0.162,0.0269,0.5428,2025-11-17
0.5884,23.494468329,11232,Miami,1,20556,284292410,0.6069360848,0.4140373893,16500,0,1,1,Florida International University,www.fiu.edu/,60249,0,00963500,0.0375,0.0654,0.0034,0.2192,0.4042,0.9755,3,NA,1154,3,FL,38761,0.4419,0.5581,0.0206,5e-4,0.0271,0.1109,0.6768,4e-4,0.0703,0.005,0.0885,2025-11-17
NA,26.159036145,7468,Key West,1,19965,6366597,0.5831325301,0.4184782609,9500,0,1,1,The College of the Florida Keys,https://www.cfk.edu/,42508,0,00148500,0,0,0,0.128,0.2999,0.265,1,NA,NA,2,FL,823,0.4204,0.5796,0.0231,0.0012,0.0085,0.1021,0.3123,0.0024,0.0194,0.0583,0.4727,2025-11-17
0.7431,20.478065242,7205,Miami Gardens,2,31940,5103989,0.6096737908,0.4601889339,30063,1,0,1,Florida Memorial University,www.fmuniv.edu/,36624,0,00148600,0.0448,0,0,0.2612,0.6621,0.6579,3,54,NA,3,FL,1299,0.465,0.535,0.0054,8e-4,0.0015,0.7737,0.0377,0,0.1316,0.02,0.0293,2025-11-17
0.5907,21.217206133,8834,Lakeland,2,57174,106785429,0.6856899489,0.2761989343,25000,0,0,1,Florida Southern College,www.flsouthern.edu/,55294,0,00148800,0.0567,0,0.0133,0.24,0.2602,1,3,71,1263,3,FL,2607,0.3682,0.6318,0.0395,0.0042,0.0269,0.0633,0.1542,0.0015,0.0418,0.0027,0.6659,2025-11-17
0.2538,20.6220056,12781,Tallahassee,1,23683,898119860,0.5844654153,0.2763640404,18000,0,0,1,Florida State University,https://www.fsu.edu/,61675,0,00148900,0.0181,0.0385,0.011,0.2455,0.2375,0.8355,3,NA,1323,3,FL,31812,0.4347,0.5653,0.0435,9e-4,0.0373,0.0739,0.2318,7e-4,0.0166,0.0132,0.5821,2025-11-17
0.2403,21.401052858,12837,Gainesville,1,21719,2272548000,0.5937902879,0.3076658251,15000,0,0,1,University of Florida,https://www.ufl.edu/,71588,0,00153500,0.0223,0.1285,0.0174,0.1242,0.2198,0.8916,3,NA,1397,3,FL,34102,0.4446,0.5554,0.0491,5e-4,0.1194,0.0508,0.2424,4e-4,0.0215,0.016,0.4999,2025-11-17
NA,29.15282392,NA,Pensacola,1,NA,NA,0.2591362126,0.4979919679,PS,0,0,2,George Stone Technical College,www.georgestonecollege.edu/,35234,0,02307400,0,0,0,0.0025,0.2094,NA,1,NA,NA,1,FL,566,0.818,0.182,0.0901,0.0035,0.0124,0.1873,0.076,0.0035,0,0,0.6272,2025-11-17
NA,23.531343284,NA,Miami,1,NA,NA,0.0388059701,0.4925925926,PS,0,0,3,George T Baker Aviation Technical College,https://www.bakeraviationtechcollege.com/,52312,0,03079800,0,0,0,0,0.2594,NA,1,NA,NA,1,FL,922,0.9273,0.0727,0.0043,0,0,0.1128,0.8026,0,0,0.0011,0.0792,2025-11-17
NA,25.028927681,5829,Panama City,1,12208,35134439,0.6364089776,0.4887218045,7147,0,0,1,Gulf Coast State College,https://gulfcoast.edu/,38359,0,00149000,0.0031,0,0,0.0283,0.2763,0.6034,2,NA,NA,2,FL,3614,0.3484,0.6516,0.0551,0.0066,0.0335,0.1253,0.0814,3e-4,0.0072,0.0105,0.6801,2025-11-17
NA,24.63183396,7652,Tampa,1,10168,6202352,0.6047873879,0.4631021524,9762,0,1,1,Hillsborough Community College,https://www.hccfl.edu/,40782,0,00787000,0.0097,0,0,0.0647,0.416,0.3588,2,NA,NA,2,FL,19998,0.4076,0.5924,0.0482,0.0019,0.035,0.1754,0.3874,0.0018,0.0173,0.0251,0.308,2025-11-17
NA,26.239130435,3395,Hobe Sound,2,17545,2749037,0.5543478261,0.3417721519,PS,0,0,1,Hobe Sound Bible College,https://hsbc.edu/,39863,0,02188900,0.4444,0,0,0.037,0.2667,0.6154,3,99,NA,3,FL,125,0.52,0.48,0.008,0,0,0.04,0.088,0,0.112,0.08,0.672,2025-11-17
NA,23.996579442,8195,Fort Pierce,1,11764,29320209,0.5956900975,0.4801352494,8023,0,1,1,Indian River State College,www.irsc.edu/,38315,0,00149300,0.0143,0,0,0.1113,0.3302,0.3622,2,NA,NA,2,FL,11571,0.4025,0.5975,0.0227,0.0014,0.0118,0.1294,0.4785,9e-4,0.0178,0.0219,0.3156,2025-11-17
0.5729,26.625,8295,Jacksonville,2,61414,55653324,0.664921466,0.356017192,22000,0,0,1,Jacksonville University,https://www.ju.edu/index.php,68010,0,00149500,0.024,0.0288,0.0032,0.1166,0.2993,0.5888,3,NA,1211,3,FL,2649,0.4035,0.5965,0.0464,0.0026,0.0227,0.1487,0.1601,0.0023,0.0506,0.0332,0.5334,2025-11-17
0.9742,28.921110852,6062,Fort Lauderdale,2,45701,NA,0.7434210526,0.4765165664,26125,0,1,1,Keiser University-Ft Lauderdale,www.keiseruniversity.edu/,39696,0,02151900,0,0.0056,0,0.1003,0.5756,0.6188,2,NA,NA,2,FL,17370,0.2884,0.7116,0.0151,0.0072,0.0161,0.1873,0.2718,0.0033,0.0184,0.2676,0.2131,2025-11-17
NA,26.452419355,6379,Lake City,1,11879,17562238,0.6241935484,0.5539906103,6992,0,0,1,Florida Gateway College,https://www.fgc.edu/,37894,0,00150100,0.063,0,0,0.0107,0.3755,0.4138,1,NA,NA,2,FL,2231,0.3156,0.6844,0.0296,0.0031,0.0081,0.1784,0.0896,0,9e-4,0.0018,0.6885,2025-11-17
NA,27.002457002,NA,Eustis,1,NA,NA,0.5184275184,0.5180722892,PS,0,0,3,Lake Technical College,www.laketech.org/,32793,0,02228300,0,0,0,0.0279,0.2766,NA,1,NA,NA,1,FL,738,0.5271,0.4729,0.0149,0.0027,0.0163,0.1409,0.2371,0.0027,0,0,0.5854,2025-11-17
NA,23.595979248,6485,Leesburg,1,12292,13903847,0.6335927367,0.4565217391,6750,0,1,1,Lake-Sumter State College,www.lssc.edu/,39876,0,00150200,0,0,0,0.0808,0.3002,0.4085,2,NA,NA,2,FL,3572,0.3813,0.6187,0.0218,0.0073,0.0398,0.1271,0.2982,0.0031,0.0084,0.0244,0.47,2025-11-17
NA,26.489361702,NA,Fort Myers,1,NA,NA,0.36643026,0.5105105105,PS,0,0,2,Fort Myers Technical College,www.fortmyerstech.edu/,40082,0,00755800,0,0,0,0,0.265,NA,1,NA,NA,1,FL,668,0.726,0.274,0.0284,0.0015,0.0045,0.1347,0.3653,0.0015,0.015,0,0.4491,2025-11-17
NA,26.671368124,NA,Tallahassee,1,NA,NA,0.5232722144,0.486440678,PS,0,0,3,Lively Technical College,www.livelytech.com/,30413,0,00558500,0,0,0,0,0.2359,NA,1,NA,NA,1,FL,785,0.6064,0.3936,0.0446,0.0025,0.0076,0.5083,0.0624,0,0.0025,0,0.372,2025-11-17
NA,28.828507795,NA,Miami,1,NA,NA,0.4632516704,0.6058394161,PS,0,0,2,Lindsey Hopkins Technical College,www.lindseyhopkins.edu/,34107,0,00558600,0,0,0,0,0.2015,NA,1,NA,NA,1,FL,388,0.5825,0.4175,0.0052,0,0.0052,0.4948,0.2964,0,0.1624,0,0.0361,2025-11-17
0.3429,38.424418605,4041,Lithonia,2,11544,1311137,0.3430232558,0.5436241611,34153,0,0,1,Luther Rice College & Seminary,www.lutherrice.edu/,47003,0,03100900,0,0,0,0,0.4953,0.5833,3,54,NA,3,GA,195,0.6821,0.3179,0,0.0051,0.0154,0.441,0.0308,0,0,0.0154,0.4923,2025-11-17
NA,24.329946783,6790,Bradenton,1,28277,57898788,0.6173197871,0.4584276018,9000,0,1,1,State College of Florida-Manatee-Sarasota,www.scf.edu/,40318,0,00150400,0.0413,0,0,0.0717,0.3606,0.3863,2,NA,NA,2,FL,7161,0.3692,0.6308,0.0034,0.0057,0.0388,0.0876,0.256,0.0013,0.0268,0.0378,0.5427,2025-11-17
NA,26.715867159,NA,Bradenton,1,NA,NA,0.479704797,0.52433281,PS,0,0,2,Manatee Technical College,www.manateetech.edu/,38129,0,00561200,0,0,0,0.0344,0.282,NA,1,NA,NA,1,FL,1117,0.6061,0.3939,0.0555,0,0.0134,0.1074,0.3697,9e-4,0.0206,0,0.4324,2025-11-17
NA,26.883248731,NA,Lakeland,1,NA,NA,0.5837563452,0.5273311897,PS,0,0,3,Traviss Technical College,www.traviss.edu/,39813,0,00560800,0,0,0,0.0136,0.4014,NA,1,NA,NA,1,FL,336,0.6518,0.3482,0.0357,0.003,0.0089,0.1935,0.3006,0.003,0.0387,0,0.4167,2025-11-17
NA,26.67209776,NA,Miami Lakes,1,NA,NA,0.4745417515,0.5734463277,PS,0,0,2,Miami Lakes Educational Center and Technical College,https://miamilakes.edu/,35014,0,02316200,0,0,0,0,0.1017,NA,1,NA,NA,1,FL,730,0.6397,0.3603,0.0041,0.0027,0.0096,0.3288,0.5658,0.0014,0.0411,0,0.0466,2025-11-17
NA,22.985173164,7876,Miami,1,12535,259013444,0.581049681,0.4858954041,9252,0,1,1,Miami Dade College,www.mdc.edu/,40654,0,00150600,0.0096,0,0,0.2288,0.4504,0.202,2,NA,NA,2,FL,35001,0.4204,0.5796,0.0085,4e-4,0.0097,0.1393,0.7184,4e-4,0.0791,0.0061,0.0381,2025-11-17
0.1851,20.856624319,14668,Coral Gables,2,77708,1344283912,0.5744101633,0.2009592326,17500,0,0,1,University of Miami,www.miami.edu/,75328,0,00153600,0.0077,0.0685,0.0099,0.2109,0.154,0.721,3,NA,1416,3,FL,12570,0.4603,0.5397,0.0426,0.001,0.0475,0.0824,0.2359,8e-4,0.0798,0.0271,0.4829,2025-11-17
NA,26.292035398,NA,Orlando,1,NA,NA,0.1563421829,0.4391143911,PS,0,0,2,Orange Technical College-South Campus,www.orangetechcollege.net/,33350,0,02501500,0,0,0,0.0048,0.0797,NA,1,NA,NA,1,FL,1157,0.8876,0.1124,0.0043,0.0078,0.0294,0.21,0.3639,0.0043,0.0233,0,0.357,2025-11-17
NA,24.676950998,5541,Madison,1,8897,4257317,0.6878402904,0.5452586207,PS,0,0,1,North Florida College,https://www.nfc.edu/,33929,0,00150800,0,0,0,0.0515,0.3878,0.4308,2,NA,NA,2,FL,817,0.2852,0.7148,0.0196,0.0049,0.0061,0.2938,0.0942,0.0024,0.0024,0.0073,0.5692,2025-11-17
0.6227,22.839098636,9154,Jacksonville,1,20229,126531762,0.6145483297,0.31708351,15531,0,0,1,University of North Florida,https://www.unf.edu/,56343,0,00984100,0.0406,0.0439,0.009,0.1545,0.3075,0.9686,3,NA,1115,3,FL,13915,0.4243,0.5757,0.0561,0.0022,0.0584,0.122,0.1626,0.0013,0.0191,0.0108,0.5676,2025-11-17
0.7267,24.438069217,11232,Fort Lauderdale,2,55647,200766000,0.7459016393,0.373340143,24250,0,1,1,Nova Southeastern University,www.nova.edu/,59209,0,00150900,0.0361,0.0027,0.0013,0.1009,0.3685,0.4334,3,NA,1182,3,FL,7171,0.2822,0.7178,0.0296,8e-4,0.1178,0.1517,0.3357,0.0011,0.0622,0.0257,0.2754,2025-11-17
NA,25.158452901,5875,Niceville,1,12217,38328700,0.6088583905,0.4357734807,7932,0,0,1,Northwest Florida State College,https://www.nwfsc.edu/,39664,0,00151000,0.0383,0,0,0.0795,0.2187,0.29,2,NA,NA,2,FL,3193,0.3874,0.6126,0.0758,0.0078,0.0288,0.099,0.1334,0.0034,0.0113,0.015,0.6254,2025-11-17
NA,26.711805556,NA,Orlando,1,NA,NA,0.7048611111,0.4601769912,PS,0,0,3,Orange Technical College,https://www.orangetechcollege.net/,36650,0,02513200,0,0,0,0,0.0994,NA,1,NA,NA,1,FL,189,0.1799,0.8201,0.0106,0,0.0476,0.455,0.3175,0,0,0.0053,0.164,2025-11-17
0.8832,22.171328671,8829,West Palm Beach,2,55576,97755235,0.6783216783,0.2200374532,22500,0,0,1,Palm Beach Atlantic University,www.pba.edu/,49232,0,00884900,0.0374,0,0.0023,0.257,0.251,1,3,42,1101,3,FL,2427,0.3486,0.6514,0.1075,0.0037,0.0231,0.0952,0.1739,8e-4,0.0532,0.0161,0.5266,2025-11-17
NA,23.163148117,6812,Lake Worth,1,16741,21228494,0.5921297078,0.4944391484,7081,0,1,1,Palm Beach State College,www.palmbeachstate.edu/,41923,0,00151200,0.0058,0,0,0.0826,0.3811,0.3636,2,NA,NA,2,FL,20532,0.3997,0.6003,0.0253,0.0017,0.0248,0.3031,0.355,0.0015,0.0254,0.0172,0.2461,2025-11-17
NA,24.49325736,6598,New Port Richey,1,11152,68385681,0.6106362773,0.431160221,9535,0,1,1,Pasco-Hernando State College,https://www.phsc.edu/,39903,0,01065200,0.0038,0,0,0.113,0.2963,0.4656,2,NA,NA,2,FL,6933,0.3954,0.6046,0.044,0.0016,0.028,0.0676,0.2565,0.0014,0.0149,0.0679,0.5181,2025-11-17
NA,25.456890013,5678,Pensacola,1,9718,14466368,0.6295828066,0.4935842601,7500,0,0,1,Pensacola State College,www.pensacolastate.edu/,36739,0,00151300,0.0041,0,0,0.1168,0.3496,0.3927,2,NA,NA,2,FL,6725,0.3453,0.6547,0.0724,0.007,0.023,0.2034,0.1007,0.0039,0.0147,0,0.5749,2025-11-17
NA,30.555555556,NA,Clearwater,1,NA,NA,0.406779661,0.4798206278,PS,0,0,2,Pinellas Technical College-Clearwater,https://www.myptc.edu/,34627,0,00560500,0,0,0,0.0191,0.1942,NA,1,NA,NA,1,FL,730,0.6123,0.3877,0.0233,0,0.0384,0.1616,0.2205,0.0055,0.0411,0,0.5096,2025-11-17
NA,24.835129557,7210,Winter Haven,1,12709,37621889,0.6191240541,0.5143329658,10076,0,1,1,Polk State College,www.polk.edu/,40624,0,00151400,0.0331,0,0,0.1389,0.3256,0.3833,2,NA,NA,2,FL,5954,0.3467,0.6533,0.0341,0.002,0.0277,0.1896,0.2961,0.002,0.0148,0.0102,0.4234,2025-11-17
NA,28.172972973,NA,Milton,1,NA,NA,0.4486486486,0.6768292683,PS,0,0,2,Radford M Locklin Technical College,www.locklintech.com/,35997,0,02554200,0,0,0,0,0.1599,NA,1,NA,NA,1,FL,235,0.8213,0.1787,0.0553,0.0085,0.0085,0.0638,0.0426,0,0,0,0.8213,2025-11-17
NA,26.87761194,NA,Winter Haven,1,27493,NA,0.6119402985,0.5764705882,PS,0,0,3,Ridge Technical College,www.ridge.edu/,33484,0,02511700,0,0,0,0.0326,0.5672,NA,1,NA,NA,1,FL,375,0.512,0.488,0,0,0.0027,0.256,0.424,0,0,0.0053,0.312,2025-11-17
0.6737,20.704545455,9531,Sarasota,2,75726,61659431,0.6837121212,0.1683168317,27000,0,0,1,Ringling College of Art and Design,https://www.ringling.edu/,43325,0,01257400,0,0,0,0,0.2111,0.6095,3,NA,NA,3,FL,1719,0.2583,0.7417,0.0471,0.0023,0.0948,0.0303,0.1507,0.0017,0.2059,0.0244,0.4427,2025-11-17
NA,26.091644205,NA,Miami,1,NA,NA,0.4420485175,0.5155709343,PS,0,0,2,Robert Morgan Educational Center and Technical College,www.robertmorgantech.net/,37543,0,02524200,0,0,0,0,0.223,NA,1,NA,NA,1,FL,868,0.6475,0.3525,0.0115,0.0023,0.0081,0.2074,0.6302,0.0012,0.0645,0,0.0749,2025-11-17
0.4056,22.0975,9883,Winter Park,2,72790,467238000,0.6425,0.2375328084,25500,0,0,1,Rollins College,https://www.rollins.edu/,58295,0,00151500,0.0413,0.0048,0.0159,0.3148,0.221,0.7939,3,NA,1304,3,FL,2582,0.4047,0.5953,0.0418,8e-4,0.0325,0.0577,0.1805,0.0015,0.0778,0.0167,0.5906,2025-11-17
NA,27.646511628,NA,Saint Augustine,1,NA,NA,0.6255813953,0.5054644809,PS,0,0,3,First Coast Technical College,fctc.edu/,33784,0,01254400,0,0,0,0,0.2914,NA,1,NA,NA,1,FL,369,0.5041,0.4959,0.0325,0,0.019,0.1707,0.1274,0,0,0,0.6504,2025-11-17
0.721,30.968371976,8692,Saint Leo,2,41727,67564541,0.6721270161,0.4910432034,25278,0,0,1,Saint Leo University,www.saintleo.edu/,48364,0,00152600,0.0635,0.0047,0.0034,0.2883,0.3682,0.225,3,30,NA,3,FL,6999,0.4099,0.5901,0.0173,0.0031,0.0081,0.181,0.1572,0.0011,0.048,0.3342,0.2499,2025-11-17
NA,26.653210371,6800,St. Petersburg,1,10634,33992804,0.6171915782,0.4442639594,16868,0,0,1,St Petersburg College,www.spcollege.edu/,42557,0,00152800,0.0268,0,0,0.0963,0.3309,0.2578,2,NA,NA,2,FL,18759,0.3824,0.6176,0.0423,0.003,0.0424,0.1398,0.1973,0.0025,0.0098,0.0179,0.545,2025-11-17
NA,29.519578313,NA,Saint Petersburg,1,NA,NA,0.4277108434,0.5009823183,PS,0,0,2,Pinellas Technical College-St. Petersburg,www.myptc.edu/,36188,0,02115300,0,0,0,0,0.2109,NA,1,NA,NA,1,FL,1421,0.5165,0.4835,0.0415,0.0021,0.0246,0.3251,0.1541,7e-4,0.0225,0,0.4293,2025-11-17
NA,22.499367089,6803,Gainesville,1,14353,36217622,0.5685126582,0.4184346586,11310,0,1,1,Santa Fe College,www.sfcollege.edu/,41631,0,00151900,0.0105,0,0,0.0392,0.275,0.4133,2,NA,NA,2,FL,11133,0.4653,0.5347,0.0469,0.0027,0.0393,0.1204,0.2258,0.0011,0.031,0.0284,0.5045,2025-11-17
NA,26.927007299,NA,Sarasota,1,NA,NA,0.5693430657,0.5133928571,PS,0,0,2,Suncoast Technical College,www.sarasotacountyschools.net/o/stcsmc,40621,0,00560700,0,0,0,0.0129,0.1052,NA,1,NA,NA,1,FL,1102,0.6416,0.3584,0.0318,0,0.0209,0.0917,0.235,0,0,0,0.6207,2025-11-17
NA,24.593502174,6871,Sanford,1,9152,13094440,0.607828089,0.4066587396,11047,0,0,1,Seminole State College of Florida,https://www.seminolestate.edu/,41733,0,00152000,0.01,0,0,0.1871,0.2695,0.3582,1,NA,NA,2,FL,11790,0.4262,0.5738,0.0405,0.0016,0.0377,0.1556,0.3152,0.0018,0.0232,0.0163,0.4081,2025-11-17
NA,28.113614104,NA,Hollywood,1,NA,NA,0.5426052889,0.5440613027,PS,0,0,2,Sheridan Technical College,www.sheridantechnicalcollege.edu/,33166,0,00990200,0,0,0,0.0334,0.2654,NA,1,NA,NA,1,FL,1245,0.5189,0.4811,0.0353,0.0072,0.0169,0.5213,0.2755,0.0016,0,0,0.1422,2025-11-17
NA,25.188514851,5779,Palatka,1,12215,3326788,0.6574257426,0.4292929293,12000,0,0,1,Saint Johns River State College,www.sjrstate.edu/,41728,0,00152300,0.035,0,0,0.0905,0.1916,0.9521,2,NA,NA,2,FL,3909,0.3512,0.6488,0.0448,0.0038,0.0279,0.12,0.1522,0.0026,0.0059,0.0263,0.6165,2025-11-17
NA,23.416797488,6382,Avon Park,1,9865,17420690,0.6499215071,0.5544354839,7368,0,1,1,South Florida State College,www.southflorida.edu/,39990,0,00152200,0.0221,0,0,0.0901,0.4374,0.3395,2,NA,NA,2,FL,2084,0.3162,0.6838,0.0182,5e-4,0.0216,0.12,0.4453,0.0038,0.0144,0.0216,0.3546,2025-11-17
0.4096,22.945783544,11199,Tampa,1,22301,604516638,0.605735746,0.3575418994,17988,0,0,1,University of South Florida,www.usf.edu/,57743,0,00153700,0.0242,0.0567,0.0075,0.166,0.2988,0.724,3,NA,1235,3,FL,36299,0.4364,0.5636,0.0437,0.001,0.0863,0.079,0.2325,0.0011,0.0829,0.0294,0.4439,2025-11-17
0.994,24.237623762,8192,Miami Gardens,2,49762,34405192,0.5425742574,0.4127358491,19125,0,1,1,St. Thomas University,www.stu.edu/,54272,0,00146800,0.008,0,0,0.2735,0.2498,1,3,30,NA,3,FL,1963,0.5257,0.4743,0.0367,0.002,0.0036,0.3561,0.3072,0.0025,0.1381,0.0464,0.1075,2025-11-17
0.8643,20.056784661,10579,DeLand,2,69807,352639796,0.6157817109,0.2672482157,23250,0,0,1,Stetson University,https://www.stetson.edu/,51642,0,00153100,0.0324,0,0.0095,0.2797,0.3542,0.6699,3,NA,1208,3,FL,2292,0.4311,0.5689,0.062,0.0013,0.0166,0.1222,0.1968,0.0013,0.086,0.01,0.5039,2025-11-17
0.7429,23.390426328,7636,Lakeland,2,43803,10299383,0.5587135378,0.3458522493,21500,0,1,1,Southeastern University,https://www.seu.edu/,46744,0,00152100,0.0457,0,0.0018,0.1647,0.2214,1,3,27,NA,3,FL,4646,0.3956,0.6044,0.0411,0.008,0.0146,0.1119,0.2383,0.0032,0.0146,0.0088,0.5594,2025-11-17
NA,25.533333333,NA,Live Oak,1,NA,NA,0.7407407407,0.6666666667,PS,0,0,2,Riveroak Technical College,rtc.suwannee.k12.fl.us/o/rtc,31778,0,00752500,0,0,0,0,0.3326,NA,1,NA,NA,1,FL,241,0.4025,0.5975,0.029,0,0.0041,0.1867,0.1909,0.0041,0,0,0.5851,2025-11-17
NA,22.307568697,5672,Tallahassee,1,13188,17884735,0.5381648722,0.4186651794,7668,0,1,1,Tallahassee State College,www.tsc.fl.edu/,37561,0,00153300,0.0092,0,0,0.0144,0.3699,0.2493,2,NA,NA,2,FL,10357,0.4397,0.5603,0.0323,0.0016,0.0129,0.2639,0.2871,0.001,0.0218,0.0051,0.3741,2025-11-17
0.4093,20.279962547,10472,Tampa,2,49841,56608582,0.6351435705,0.2523762701,24211,0,0,1,The University of Tampa,https://www.ut.edu/,59436,0,00153800,0.0278,0,0.0024,0.3068,0.1561,1,3,NA,NA,3,FL,10093,0.4129,0.5871,0.0345,0.0016,0.0177,0.0269,0.1292,4e-4,0.0525,0.0319,0.7053,2025-11-17
NA,25.9375,NA,Perry,1,NA,NA,0.6354166667,0.6666666667,PS,0,0,3,Big Bend Technical College,https://www.bbtc.edu/,27609,0,03100800,0,0,0,0,0.3902,NA,1,NA,NA,1,FL,160,0.5313,0.4688,0.0125,0,0,0.2563,0.0438,0,0,0,0.6875,2025-11-17
NA,28.880851064,NA,Panama City,1,NA,NA,0.5595744681,0.5319693095,PS,0,0,3,Tom P. Haney Technical College,www.haney.edu/,28254,0,01082600,0,0,0,0.0043,0.4342,NA,1,NA,NA,1,FL,432,0.5671,0.4329,0.0949,0.0069,0.0069,0.1736,0.0856,0,0.0185,0,0.6134,2025-11-17
0.625,22.528957529,4671,Jacksonville,2,25662,95233,0.4015444015,0.3406113537,24250,0,0,1,Trinity Baptist College,www.tbc.edu/,37275,0,03101900,0.0753,0,0,0.1505,0.4647,0.2,3,54,1007,3,FL,363,0.6006,0.3994,0.0331,0.0055,0.0028,0.1708,0.146,0.0028,0.0055,0.0303,0.6033,2025-11-17
0.963,27.325203252,5071,Trinity,2,25585,862703,0.4227642276,0.4112149533,23250,0,0,1,Trinity College of Florida,trinitycollege.edu/,32465,0,03028200,0.0652,0,0,0.2609,0.5637,0.3548,3,42,905,3,FL,187,0.5187,0.4813,0.0481,0,0.0107,0.2193,0.1765,0.0107,0.0053,0.0535,0.4759,2025-11-17
NA,22.700196367,7427,Orlando,1,16577,91586993,0.5756013746,0.4214585852,9300,0,1,1,Valencia College,valenciacollege.edu/,40594,0,00675000,0.005,0,0,0.3262,0.3892,0.3135,2,NA,NA,2,FL,35125,0.4091,0.5909,0.0316,0.002,0.0422,0.1673,0.4394,0.002,0.0727,0.015,0.2277,2025-11-17
0.4779,25.363380282,5632,Lake Wales,2,41556,6604180,0.4591549296,0.4251207729,22250,0,0,1,Warner University,www.warner.edu/,46086,0,00884800,0.1788,0,0,0.2185,0.5348,0.3204,3,57,937,3,FL,753,0.5126,0.4874,0.0398,0.0053,0.0066,0.2722,0.2151,0.0013,0.0452,0,0.4143,2025-11-17
NA,25.579124579,NA,Chipley,1,NA,NA,0.6666666667,0.5301204819,PS,0,0,3,Florida Panhandle Technical College,fptc.edu/,32320,0,00752600,0,0,0,0,0.3405,NA,1,NA,NA,1,FL,201,0.5323,0.4677,0.0149,0.0199,0.0149,0.2289,0.0398,0,0,0,0.6816,2025-11-17
0.7756,21.516959064,4984,Babson Park,2,48464,6700351,0.3461988304,0.3668341709,25250,0,0,1,Webber International University,www.webber.edu/,45606,0,00154000,0.0138,0,0,0.2759,0.5435,0.3333,3,NA,NA,3,FL,879,0.6826,0.3174,0.0137,0.0034,0.0125,0.3117,0.1081,0.0034,0.1013,0.0307,0.4152,2025-11-17
0.5687,24.359405458,10167,Pensacola,1,18504,86874886,0.5969785575,0.3610013175,16624,0,0,1,University of West Florida,uwf.edu/,49137,0,00395500,0.028,0.0464,0.0059,0.1021,0.3255,1,3,NA,1137,3,FL,9042,0.4263,0.5737,0.0627,0.0041,0.0331,0.1023,0.1128,0.0023,0.0201,0.0457,0.6169,2025-11-17
NA,25.735632184,NA,Ocoee,1,NA,NA,0.6034482759,0.5149253731,PS,0,0,2,Orange Technical College-West Campus,https://www.orangetechcollege.net/campuses/west_campus,25145,0,02321200,0,0,0,0,0.0665,NA,1,NA,NA,1,FL,607,0.7644,0.2356,0.0066,0.0049,0.0231,0.2422,0.3245,0.0066,0,0.0082,0.3839,2025-11-17
NA,26.137681159,NA,Davie,1,NA,NA,0.5265700483,0.44,PS,0,0,2,William T McFatter Technical College,www.mcfattertechnicalcollege.edu/,41656,0,03003600,0.0278,0,0,0.0249,0.2678,NA,1,NA,NA,1,FL,617,0.6045,0.3955,0.0308,0.0016,0.0211,0.4327,0.316,0.0032,0,0,0.1945,2025-11-17
NA,28.276995305,NA,Winter Park,1,NA,NA,0.7370892019,0.4835164835,PS,0,0,2,Orange Technical College-East Campus,https://www.orangetechcollege.net/campuses/east_campus,31858,0,02504600,0,0,0,0.0465,0.025,NA,1,NA,NA,1,FL,372,0.6559,0.3441,0.0161,0,0.0188,0.2661,0.3683,0.0054,0,0.0081,0.3172,2025-11-17
NA,28.361445783,NA,Inverness,1,NA,NA,0.3765060241,0.4763636364,PS,0,0,2,Withlacoochee Technical College,www.wtcollege.org/,34279,0,02300900,0,0,0,0,0.3574,NA,1,NA,NA,1,FL,262,0.6718,0.3282,0.0763,0,0.0115,0.0687,0.145,0,0,0,0.6985,2025-11-17
0.7716,21.321301474,7368,Tifton,1,13103,19053103,0.5739705135,0.3443449048,16750,0,0,1,Abraham Baldwin Agricultural College,https://www.abac.edu/,34996,0,00154100,0.0632,0,0,0.0462,0.3412,0.7566,3,NA,994,2,GA,3218,0.4055,0.5945,0.0149,0.0025,0.0081,0.0752,0.1035,6e-4,0.0078,0.0012,0.7862,2025-11-17
0.6731,19.9525,9149,Decatur,2,60585,218548954,PS,0.2119565217,26749,0,0,1,Agnes Scott College,www.agnesscott.edu/,56274,0,00154200,0,0,0.0352,0.0854,0.3613,0.7239,3,66,1296,3,GA,898,0,1,0.0635,0.0011,0.0445,0.314,0.1392,0.0033,0.0212,0.0122,0.4009,2025-11-17
NA,26.831296992,5433,Albany,1,13811,NA,0.6296992481,0.4639423077,12412,0,0,2,Albany Technical College,www.albanytech.edu/,30541,0,00560100,0.027,0,0,0.2702,0.6151,0.3114,1,NA,NA,1,GA,2214,0.30620000000000003,0.6938,0.0285,0.0018,0.0041,0.7886,0.0271,5e-4,0.0014,0,0.1481,2025-11-17
NA,23.117001828,7703,Albany,1,20574,4043047,0.6648385131,0.3351686167,25024,1,0,1,Albany State University,https://www.asurams.edu/,40674,0,00154400,0.1221,0,8e-4,0.0654,0.6498,0.7077,3,NA,NA,2,GA,5829,0.2613,0.7387,0.0196,0.0021,0.0034,0.8245,0.0429,0,0.0034,0.0367,0.0674,2025-11-17
0.5115,19.88961039,5255,Cuthbert,2,35996,8904436,0.4902597403,0.3296296296,12533,0,0,1,Andrew College,www.andrewcollege.edu/,38475,0,00154500,0.0577,0,0,0.4038,0.6235,0.9259,2,71,NA,2,GA,287,0.3972,0.6028,0.0383,0,0.007,0.3206,0.115,0,0.0139,0.0523,0.453,2025-11-17
NA,29.182402806,5090,Atlanta,1,9678,NA,0.6807950892,0.484984985,9500,0,0,2,Atlanta Technical College,https://atlantatech.edu/,30350,0,00854300,0.0239,0,0,0.0992,0.5376,0.2527,1,NA,NA,1,GA,3044,0.3614,0.6386,0.0348,0.0023,0.0138,0.8282,0.0703,0,0.0102,0.0069,0.0335,2025-11-17
0.6751,23.644139388,5969,West Point,2,34418,5259269,0.4329461457,0.3634259259,25250,0,0,1,Point University,point.edu/,38740,0,00154700,0.022,0,0,0.2582,0.3217,1,3,48,1059,3,GA,2617,0.4597,0.5403,0.0107,0.0038,0.0222,0.1804,0.136,0.0011,0.0057,0.086,0.5541,2025-11-17
NA,24.264351852,7745,Atlanta,1,11528,533698,0.6287037037,0.3948094975,14123,0,0,1,Atlanta Metropolitan State College,https://www.atlm.edu/,33252,0,01216500,0,0,0,0.2076,0.5382,0.4648,2,NA,NA,2,GA,1348,0.3464,0.6536,0.0326,0.0015,0.0104,0.8702,0.0467,0,0.0134,0.003,0.0223,2025-11-17
0.6463,19.823749416,8245,Atlanta,2,40924,92509648,0.762973352,0.3224773091,27000,1,0,1,Clark Atlanta University,www.cau.edu/,42712,0,00155900,0.042,0,0.0088,0.1969,0.691,0.633,3,71,NA,3,GA,3482,0.2298,0.7702,0.0752,0.0014,3e-4,0.6238,0.0146,0,0.0037,0.2774,0.0034,2025-11-17
NA,26.639851902,5695,Augusta,1,16410,NA,0.6132615281,0.4495338468,4500,0,0,2,Augusta Technical College,https://www.augustatech.edu/,33523,0,00559900,0.0205,0,0,0.0918,0.4234,0.5631,1,NA,NA,1,GA,3531,0.36870000000000003,0.6313,0.0496,0.0023,0.0156,0.5214,0.0725,0.0028,0.0017,0.0057,0.3285,2025-11-17
0.6185,19.653846154,9163,Mount Berry,2,55714,1236197740,0.6193633952,0.1687413555,23250,0,0,1,Berry College,https://www.berry.edu/,53800,0,00155400,0.0475,0,0.013,0.162,0.2434,0.7739,3,NA,1223,3,GA,2213,0.3732,0.6268,0.0474,0.0018,0.028,0.0859,0.1008,0.0014,0.0036,0.0072,0.7239,2025-11-17
NA,43.598870056,5789,Atlanta,2,9992,NA,0.4802259887,0.4573643411,PS,0,0,1,Beulah Heights University,www.beulah.edu/,35236,0,03076300,0,0,0,0.5333,0.2238,0.1296,3,42,NA,3,GA,158,0.4557,0.5443,0,0.019,0.0949,0.4684,0.1139,0.0127,0.0127,0.1076,0.1709,2025-11-17
0.8696,29.514096186,7796,Gainesville,2,45931,50668512,0.8980099502,0.4032411821,27000,0,0,1,Brenau University,https://www.brenau.edu/,54003,0,00155600,0.1803,0,0,0.102,0.4671,0.5058,3,NA,1087,3,GA,981,0.0754,0.9246,0.0398,0,0.0183,0.2446,0.1896,0.001,0.0581,0.0112,0.4373,2025-11-17
0.8635,20.842975207,5812,Mount Vernon,2,35557,7928344,0.3719008264,0.376146789,24990,0,0,1,Brewton-Parker College,https://www.bpc.edu/,42009,0,00155700,0.0397,0,0,0.2381,0.461,0.9111,3,54,NA,3,GA,684,0.6784,0.3216,0.0234,0.0102,0.0058,0.3538,0.0994,0.0029,0.0336,0.0132,0.4576,2025-11-17
0.9851,22.928900256,8292,Brunswick,1,18975,11706195,0.6828644501,0.3782559456,15039,0,0,1,College of Coastal Georgia,https://www.ccga.edu/,39318,0,00155800,0.0559,0,0.0017,0.1559,0.4051,0.72,3,NA,1001,2,GA,2794,0.2899,0.7101,0.0168,0.0025,0.0143,0.2058,0.0823,0.0029,0.0157,0.0619,0.5977,2025-11-17
NA,25.920353982,4954,Waco,1,10012,NA,0.6790733993,0.4755351682,11110,0,0,2,West Georgia Technical College,https://www.westgatech.edu/,35479,0,01048700,0.0123,0,0,0.1045,0.3878,0.3368,1,NA,NA,1,GA,4811,0.3087,0.6913,0.0482,0.0033,0.0102,0.3457,0.1087,8e-4,0.0017,0.0052,0.4762,2025-11-17
0.7059,25.827098675,8671,Morrow,1,17940,17554648,0.7063328424,0.3792387543,25706,0,0,1,Clayton  State University,www.clayton.edu/,49179,0,00897600,0.0205,0,0.0065,0.1778,0.5191,0.7129,3,NA,973,3,GA,4390,0.2991,0.7009,0.031,0.003,0.0542,0.6492,0.12,9e-4,0.0125,0.0335,0.0957,2025-11-17
NA,26.221571498,5379,Columbus,1,12783,NA,0.6910688141,0.4165232358,8756,0,0,2,Columbus Technical College,www.columbustech.edu/,34238,0,00562400,0.0048,0,0,0.1175,0.5428,0.5188,1,NA,NA,1,GA,2668,0.3107,0.6893,0.0551,0.0034,0.012,0.5199,0.093,0.0022,0.0034,0.0056,0.3055,2025-11-17
0.9924,23.558638083,8592,Columbus,1,19953,86943548,0.631778058,0.3295178633,26000,0,0,1,Columbus State University,www.columbusstate.edu/,44544,0,00156100,0.0528,0.0027,0.0064,0.1483,0.444,0.5866,3,NA,994,3,GA,5537,0.4165,0.5835,0.0453,0.0033,0.0262,0.3798,0.0941,0.0013,0.011,0.026,0.413,2025-11-17
NA,25.877367896,5485,Rome,1,11575,NA,0.640412097,0.547123623,6421,0,0,2,Georgia Northwestern Technical College,www.gntc.edu/,35759,0,00402400,0.0161,0,0,0.2197,0.3882,NA,1,NA,NA,1,GA,4080,0.338,0.662,0.0299,0.0022,0.0049,0.0936,0.2453,2e-4,0.0049,5e-4,0.6184,2025-11-17
0.8176,19.584615385,8458,Lookout Mountain,2,53368,53641234,0.4861538462,PS,22500,0,0,1,Covenant College,www.covenant.edu/,50412,0,00348400,0.0774,0,0.0065,0.1097,0.1845,0.9861,3,97,1254,3,GA,858,0.4685,0.5315,0.0117,0.0035,0.0315,0.0128,0.035,0,0.028,0.007,0.8706,2025-11-17
NA,21.509624198,8337,Dalton,1,11292,19963771,0.5985334555,0.5118196811,12937,0,1,1,Dalton State College,https://www.daltonstate.edu/,40251,0,00395600,0.0701,0,0.007,0.2006,0.4977,0.6711,3,NA,NA,3,GA,4419,0.379,0.621,0.019,0.0029,0.0172,0.0425,0.3729,0.0011,0.0122,0.0179,0.5141,2025-11-17
NA,20.983559685,6908,Swainsboro,1,15472,357523,0.5818441744,0.3310702875,11750,0,0,1,East Georgia State College,https://www.ega.edu/,37174,0,01099700,0.113,0,0.0042,0.1339,0.4958,0.6456,2,NA,NA,2,GA,1368,0.4474,0.5526,0.0475,0.0015,0.0073,0.4605,0.076,0,0.0029,0.0219,0.3823,2025-11-17
0.5336,20.096114519,4989,Franklin Springs,2,35188,2015316,0.4519427403,0.3561946903,24325,0,0,1,Emmanuel University,www.ec.edu/,38208,0,00156300,0.1678,0,0.014,0.2168,0.2976,0.4074,3,47,NA,3,GA,719,0.548,0.452,0.0542,0.0028,0.007,0.1266,0.064,0.0056,0.1474,0,0.5925,2025-11-17
0.111,20.600106213,16158,Atlanta,2,78814,11155404520,0.6606479023,0.1638702461,18250,0,0,1,Emory University,www.emory.edu/,80137,0,00156400,0,0,0.079,0.2364,0.1818,0.7412,3,71,1507,3,GA,7275,0.429,0.571,0.0477,7e-4,0.2518,0.0932,0.1182,0,0.1622,0.0147,0.3115,2025-11-17
NA,22.759463087,7002,Rome,1,12829,2475595,0.6437583893,0.4076452599,12000,0,0,1,Georgia Highlands College,www.highlands.edu/,43184,0,00950700,0,0,0,0.0292,0.3936,0.5296,2,NA,NA,2,GA,4441,0.3443,0.6557,0.041,0.0014,0.0113,0.1718,0.1997,9e-4,0.0097,0.0054,0.5589,2025-11-17
0.628,21.706813489,7782,Fort Valley,1,20342,13200000,0.5739848589,0.3423493045,31000,1,0,1,Fort Valley State University,www.fvsu.edu/,36666,0,00156600,0.0567,0,0.0267,0.2067,0.7195,0.7128,3,NA,864,3,GA,2541,0.3451,0.6549,0.0283,0.0012,0.002,0.9244,0.0244,0.0012,0.0016,0.0012,0.0157,2025-11-17
0.1646,20.528551532,15224,Atlanta,1,27797,2927741911,0.3774373259,0.1491513182,21672,0,0,1,Georgia Institute of Technology-Main Campus,www.gatech.edu/,102772,0,00156900,0,0.4646,0.0215,0.083,0.1367,0.8922,3,NA,1447,3,GA,18260,0.6023,0.3977,0.0464,4e-4,0.3273,0.0827,0.0848,4e-4,0.0882,0.0096,0.3602,2025-11-17
0.7716,24.136039886,8194,Americus,1,19234,35924941,0.6595441595,0.3452012384,18851,0,0,1,Georgia Southwestern State University,https://gsw.edu/,48757,0,00157300,0.1185,0,0.0058,0.4133,0.4066,0.701,3,NA,998,3,GA,2291,0.3156,0.6844,0.0327,0.0044,0.0135,0.344,0.0502,0,0.0113,0.0026,0.5412,2025-11-17
0.8777,20.107355865,8645,Milledgeville,1,27781,57612368,0.6411530815,0.199066874,22250,0,0,1,Georgia College & State University,www.gcsu.edu/,58140,0,00160200,0.0767,0,0.0035,0.2326,0.1637,0.8026,3,NA,1150,3,GA,5599,0.3545,0.6455,0.0332,0.0018,0.0166,0.0329,0.0704,9e-4,0.0052,0.015,0.8241,2025-11-17
0.8963,20.740237005,9080,Statesboro,1,24563,98401763,0.5293563156,0.2510034404,23250,0,0,1,Georgia Southern University,www.georgiasouthern.edu/,53236,0,00157200,0.0606,0.0807,0.0033,0.1841,0.3549,0.841,3,NA,1057,3,GA,21029,0.4336,0.5664,0.0489,0.0027,0.0185,0.246,0.0843,8e-4,0.0126,0.005,0.5811,2025-11-17
0.6228,23.290572339,10118,Atlanta,1,26535,219510836,0.6300794494,0.3232381391,20903,0,0,1,Georgia State University,www.gsu.edu/,47384,0,00157400,0.0449,0,0.006,0.1893,0.5011,0.7386,3,NA,1149,3,GA,27109,0.4056,0.5944,0.0509,6e-4,0.1663,0.4239,0.146,5e-4,0.04,0.0052,0.1664,2025-11-17
0.372,20.454007884,12651,Athens,1,27436,1685035351,0.5743758213,0.1815059082,18500,0,0,1,University of Georgia,www.uga.edu/,68726,0,00159800,0.0239,0.0465,0.0101,0.2808,0.1722,0.897,3,NA,1301,3,GA,31310,0.4217,0.5783,0.0423,8e-4,0.1275,0.0599,0.0762,6e-4,0.0102,0.0121,0.6705,2025-11-17
0.8678,21.516701031,7665,Barnesville,1,14944,4249951,0.6329896907,0.3781278962,17500,0,0,1,Gordon State College,https://www.gordonstate.edu/,37871,0,00157500,0.0745,0.017,0.0021,0.1809,0.4723,0.5029,2,NA,950,2,GA,2605,0.3436,0.6564,0.0365,0,0.0092,0.4219,0.056,4e-4,0.0038,0.0054,0.4668,2025-11-17
NA,26.869308307,5358,Griffin,1,13806,NA,0.6750086896,0.492650147,9500,0,0,2,Southern Crescent Technical College,www.sctech.edu/,36104,0,00562100,0.0178,0,0,0.1212,0.4853,NA,1,NA,NA,1,GA,4035,0.3046,0.6954,0.0349,0.0015,0.0154,0.5497,0.0798,0.0015,0.0035,0.005,0.3088,2025-11-17
NA,29.075301205,4761,Decatur,2,25265,NA,0.656626506,0.4355400697,16417,0,0,2,Gupton Jones College of Funeral Service,www.gupton-jones.edu/,42636,0,01077100,0,0,0,0,0.3688,0.375,2,NA,NA,2,GA,451,0.3193,0.6807,0.0044,0,0.0044,0.4922,0.1197,0,0,0,0.3792,2025-11-17
NA,27.514515787,5639,Lawrenceville,1,19078,NA,0.6175037084,0.4030079021,13000,0,1,2,Gwinnett Technical College,https://www.gwinnetttech.edu/,45025,0,02288400,0.0184,0,0,0.1632,0.3944,0.2602,1,NA,NA,1,GA,7395,0.4072,0.5928,0.0395,8e-4,0.0745,0.3885,0.2471,0.0016,0.0201,0.0124,0.2154,2025-11-17
0.6321,21.045075125,6913,Lagrange,2,47370,54064652,0.4323873122,0.2545126354,25730,0,0,1,LaGrange College,www.lagrange.edu/,51745,0,00157800,0.0308,0,0.0154,0.2,0.4366,1,3,71,NA,3,GA,566,0.5795,0.4205,0.0371,0.0053,0.0106,0.265,0.0671,0,0.0124,0,0.6025,2025-11-17
NA,26.536764706,5657,Gainesville,1,13193,NA,0.6660539216,0.5151515152,PS,0,0,2,Lanier Technical College,https://www.laniertech.edu/,37623,0,00525400,0.0152,0,0,0.1203,0.2781,1,1,NA,NA,1,GA,4147,0.3998,0.6002,0.0256,0.0029,0.0287,0.0885,0.2862,0.001,0.0096,0.0039,0.5537,2025-11-17
0.9381,24.52259332,7493,Marietta,2,41192,3477455,0.5776031434,0.2921108742,16666,0,0,1,Life University,www.life.edu/,47397,0,02074800,0,0,0,0.141,0.3923,0.5421,3,NA,994,3,GA,869,0.5201,0.4799,0,0.0219,0.0299,0.2555,0.1922,0,0.1646,0.0334,0.3026,2025-11-17
NA,25.891814068,5335,Marietta,1,12295,NA,0.6254627725,0.4184714961,PS,0,0,2,Chattahoochee Technical College,www.chattahoocheetech.edu/,37138,0,00562000,0.0147,0,0,0.1208,0.3308,1,1,NA,NA,1,GA,7555,0.4402,0.5598,0.0425,0.0029,0.0282,0.2974,0.2045,5e-4,0.0169,0.0058,0.4012,2025-11-17
0.9412,31.289940828,7306,Atlanta,2,27195,NA,0.8135465189,0.5209032652,21500,0,0,1,Herzing University-Atlanta,https://www.herzing.edu/,36909,0,00962106,0,0,0,0.1345,0.6829,0.2564,2,NA,NA,2,GA,499,0.1383,0.8617,0.024,0.002,0.0521,0.7194,0.0641,0.002,0,0.0641,0.0721,2025-11-17
0.6646,25.524951076,9391,Macon,2,56494,452556294,0.6638943249,0.2819956616,24199,0,0,1,Mercer University,https://www.mercer.edu/,58354,0,00158000,0.0547,0.1178,0.0051,0.152,0.333,0.9734,3,NA,1280,3,GA,4620,0.3554,0.6446,0.0424,0.0017,0.0825,0.3186,0.0833,0.0013,0.0201,0.0216,0.4284,2025-11-17
0.5139,19.719101124,8349,Atlanta,2,47347,246017759,PS,0.1971698113,25000,1,0,1,Morehouse College,www.morehouse.edu/,52889,0,00158200,0,0.0452,0.0126,0.3216,0.4438,0.5528,3,NA,1050,3,GA,2736,0.9996,4e-4,0.0146,4e-4,4e-4,0.9784,0.0011,0,0.004,0,0.0011,2025-11-17
NA,NA,3178,Atlanta,2,26005,342181,NA,NA,NA,1,0,1,Morris Brown College,https://www.morrisbrown.edu/,NA,0,00158300,0,0,0,0.4118,0.6245,0.0167,3,51,NA,NA,GA,338,0.4467,0.5533,0.0178,0.0059,0,0.9408,0.0355,0,0,0,0,2025-11-17
NA,24.754879449,4900,Clarkesville,1,12572,NA,0.6119402985,0.4933949802,7823,0,0,2,North Georgia Technical College,https://northgatech.edu/,32932,0,00561900,0.0163,0,0,0.1433,0.4218,0.3953,1,NA,NA,1,GA,1966,0.4115,0.5885,0.0331,0.0046,0.0097,0.0621,0.1043,5e-4,0.002,0.0051,0.7787,2025-11-17
0.6006,20.604938272,7613,Atlanta,2,59320,41533040,0.6014109347,0.1992409867,25000,0,0,1,Oglethorpe University,oglethorpe.edu/,55232,0,00158600,0,0.0214,0,0.2308,0.3374,0.6977,3,NA,1230,3,GA,1429,0.3807,0.6193,0.0378,0.0035,0.0378,0.2022,0.2827,0,0.0287,0.112,0.2953,2025-11-17
0.8336,20.809677419,3393,Augusta,2,27310,12042232,0.5548387097,0.3785714286,PS,1,0,1,Paine College,www.paine.edu/,33338,0,00158700,0,0,0,0.6364,0.7129,0.6216,3,71,NA,3,GA,338,0.4201,0.5799,0.0325,0.003,0,0.858,0.0325,0,0.0385,0.0178,0.0178,2025-11-17
0.9284,23.332080201,7337,Demorest,2,45359,43570462,0.6679197995,0.3148648649,25000,0,0,1,Piedmont University,https://www.piedmont.edu/,49130,0,00158800,0.1698,0.0075,0.0075,0.1585,0.4145,0.586,3,76,1074,3,GA,1235,0.319,0.681,0.0275,0.0024,0.0146,0.1142,0.1126,0,0.0105,0.0397,0.6785,2025-11-17
0.5516,23.955377574,5982,Waleska,2,45689,42400131,0.4279176201,0.365456821,23900,0,0,1,Reinhardt University,https://www.reinhardt.edu/,46541,0,00158900,0.1,0,0,0.2308,0.3909,0.5591,3,71,NA,3,GA,1012,0.5494,0.4506,0.0109,0.0059,0.0099,0.2144,0.0929,0.002,0.0435,0.0504,0.5702,2025-11-17
NA,26.596308186,5222,Savannah,1,14545,NA,0.6452648475,0.4419836302,3258,0,0,2,Savannah Technical College,www.savannahtech.edu/,33018,0,00561800,0.0105,0,0,0.0605,0.4681,0.2981,1,NA,NA,1,GA,2967,0.3809,0.6191,0.0445,0.0024,0.0145,0.5106,0.1223,0.0013,0.0084,0.0017,0.2942,2025-11-17
0.8368,20.956806673,10467,Savannah,2,59670,255300000,0.690795353,0.1763042112,25148,0,0,1,Savannah College of Art and Design,www.scad.edu/,45954,0,02141500,0,0.0381,0,0.0124,0.1854,0.8812,3,NA,1178,3,GA,14423,0.2969,0.7031,0.0095,0.0064,0.0627,0.12,0.0708,0.002,0.1482,0.0567,0.5236,2025-11-17
NA,20.596701164,8336,Savannah,1,17185,11964916,0.6047865459,0.3279648609,28000,1,0,1,Savannah State University,www.savannahstate.edu/,37981,0,00159000,0.0255,0,0.0039,0.2043,0.6485,0.6813,3,NA,NA,3,GA,2727,0.3656,0.6344,0.0319,7e-4,0,0.8577,0.0488,0.0011,0.0198,0.0095,0.0304,2025-11-17
0.9693,26.018572825,4903,Rome,2,34985,14657745,0.5464320626,0.3538461538,25000,0,0,1,Shorter University,https://www.shorter.edu/,44604,0,00159100,0.1575,0,0.0039,0.189,0.3744,0.6111,3,54,1075,3,GA,1091,0.472,0.528,0.0431,0.0073,0.0101,0.1897,0.0944,9e-4,0.0293,0.0064,0.6187,2025-11-17
NA,23.968911917,4914,Americus,1,13115,NA,0.5621761658,0.4782608696,PS,0,0,2,South Georgia Technical College,www.southgatech.edu/,30364,0,00561700,0.0208,0,0,0.0944,0.5108,0.5273,1,NA,NA,1,GA,1302,0.4969,0.5031,0.0353,0.0046,0.0046,0.5384,0.0538,0,0.0131,0.0023,0.3479,2025-11-17
0.3409,19.419321686,9334,Atlanta,2,49349,497744540,PS,0.2070874862,25000,1,0,1,Spelman College,www.spelman.edu/,59993,0,00159400,0.0193,0.0012,0.0133,0.494,0.2937,0.6457,3,NA,1184,3,GA,3633,0.071,0.929,0.0094,0.0063,0.008,0.7363,0,0.0011,0.0063,0.2015,0.0311,2025-11-17
0.4316,27.933085502,6341,Thomasville,2,26189,6654592,0.5724907063,0.4551148225,21198,0,0,1,Thomas University,www.thomasu.edu/,49716,0,00155500,0.0402,0,0,0.1563,0.4678,0.2448,3,NA,1037,3,GA,813,0.4957,0.5043,0.0025,0.0098,0.0172,0.3469,0.0664,0,0.0012,0.203,0.353,2025-11-17
0.6381,22.21010101,5642,Toccoa Falls,2,35666,3469987,0.5070707071,0.2995689655,22250,0,0,1,Toccoa Falls College,https://tfc.edu/,36630,0,00159600,0.0941,0,0,0.1,0.1972,0.2692,3,34,1155,3,GA,820,0.3927,0.6073,0.0293,0.0049,0.028,0.1073,0.0768,0,0.0207,0.0061,0.7268,2025-11-17
0.9068,20.986636971,4857,Cleveland,2,37692,6435557,0.561247216,0.2894736842,23439,0,0,1,Truett McConnell University,https://truett.edu/,46700,0,00159700,0.0898,0,0,0.3413,0.1037,1,3,75,NA,3,GA,768,0.4987,0.5013,0.0039,0.0026,0.0104,0.0885,0.0482,0.0026,0.0169,0.0742,0.7526,2025-11-17
NA,26.475699558,4632,Valdosta,1,10925,NA,0.6593028964,0.4798798799,PS,0,0,2,Wiregrass Georgia Technical College,https://www.wiregrass.edu/,30864,0,00525600,0.0079,0,0,0.0826,0.394,0.6957,1,NA,NA,1,GA,2762,0.3088,0.6912,0.0319,0.0022,0.0069,0.4323,0.1014,4e-4,0.0018,0.0014,0.4218,2025-11-17
0.8349,22.320455561,8410,Valdosta,1,20202,64362137,0.6277355962,0.3075430512,24779,0,0,1,Valdosta State University,www.valdosta.edu/,49361,0,00159900,0.0556,0.0025,0.0031,0.2467,0.5086,0.6879,3,NA,1037,3,GA,6858,0.3307,0.6693,0.0389,0.0017,0.0134,0.379,0.1101,4e-4,0.0115,0.0044,0.4405,2025-11-17
0.6207,22.501818182,6089,Macon,2,40591,58240802,PS,0.3515625,24094,0,0,1,Wesleyan College,https://www.wesleyancollege.edu/,44317,0,00160000,0.0619,0,0,0.2784,0.4446,1,3,71,905,3,GA,466,0,1,0.0494,0.0021,0.0086,0.3734,0.1438,0.0064,0.0558,0.0064,0.3541,2025-11-17
0.49370000000000003,21.510015408,8706,Carrollton,1,23504,36358201,0.6435541859,0.318805185,23970,0,0,1,University of West Georgia,www.westga.edu/,49587,0,00160100,0.0706,0,0.0043,0.232,0.418,0.6484,3,NA,1044,3,GA,7485,0.3633,0.6367,0.0486,0.0017,0.0115,0.323,0.0938,9e-4,0.0112,0.0134,0.4958,2025-11-17
0.6402,19.80148423,5652,Young Harris,2,45389,113872489,0.5918367347,0.282,27000,0,0,1,Young Harris College,www.yhc.edu/,47195,0,00160400,0.0629,0,0.0126,0.2579,0.2106,0.3939,3,71,NA,3,GA,810,0.421,0.579,0.0333,0.0049,0.0099,0.0852,0.0519,0.0037,0.0704,0.084,0.6568,2025-11-17
0.9263,24.24012474,9063,Honolulu,2,43637,34666684,0.7130977131,0.4233825199,23250,0,0,1,Chaminade University of Honolulu,https://www.chaminade.edu/,52343,0,00160500,0.0922,0,0,0.1153,0.422,1,3,30,1155,3,HI,1648,0.2743,0.7257,0.1559,0.0024,0.2597,0.017,0.1402,0.0916,6e-4,0.2488,0.0837,2025-11-17
0.8977,24.144832606,11621,Hilo,1,20914,293175,0.6892285298,0.3655063291,20500,0,0,1,University of Hawaii at Hilo,https://hilo.hawaii.edu/,47856,0,00161100,0,0,0.0171,0.128,0.3953,0.7295,3,NA,1025,3,HI,2260,0.3717,0.6283,0.3509,0.0031,0.1332,0.0137,0.1664,0.0832,0.0456,0.0031,0.2009,2025-11-17
0.6969,22.499538319,13930,Honolulu,1,23832,46589268,0.5987996307,0.3384306844,18500,0,0,1,University of Hawaii at Manoa,https://manoa.hawaii.edu/,57624,0,00161000,0.0773,0.0824,0.0055,0.2097,0.2451,0.7832,3,NA,1157,3,HI,14306,0.4047,0.5953,0.2465,0.0021,0.3263,0.015,0.1402,0.0215,0.0318,0.0074,0.2092,2025-11-17
0.8448,23.115279048,9082,Honolulu,2,49980,48225650,0.6944190302,0.3583756345,22000,0,0,1,Hawaii Pacific University,https://www.hpu.edu/,59593,0,00727900,0.0207,0.0169,0.0113,0.1917,0.2,0.5808,3,NA,1180,3,HI,2502,0.3541,0.6459,0.1651,0.0052,0.1615,0.0608,0.2254,0.0216,0.052,0.0168,0.2918,2025-11-17
NA,25.315647482,9760,Honolulu,1,12369,NA,0.4217625899,0.4556149733,7534,0,0,2,Honolulu Community College,https://www.honolulu.hawaii.edu/,45105,0,00161200,0.0313,0,0,0,0.1724,0.641,2,NA,NA,2,HI,1897,0.6384,0.3616,0.3031,0,0.3569,0.0232,0.1545,0.0675,0.0074,0.0105,0.077,2025-11-17
NA,24.432198811,9894,Honolulu,1,11562,NA,0.6077795786,0.4182722188,9229,0,0,2,Kapiolani Community College,https://www.kapiolani.hawaii.edu/,44599,0,00161300,0,0,0,0.1245,0.1702,0.6291,2,NA,NA,2,HI,3955,0.3512,0.6488,0.2442,3e-4,0.3681,0.0159,0.1181,0.0589,0.0941,0.0086,0.0918,2025-11-17
NA,25.225672878,9914,Lihue,1,13608,NA,0.66873706,0.5046511628,10500,0,0,2,Kauai Community College,https://www.kauai.hawaii.edu/,36868,0,00161400,0.0242,0,0,0.3474,0.2424,0.625,1,NA,NA,1,HI,726,0.3623,0.6377,0.3623,0.0014,0.2658,0.011,0.1529,0.0496,0.0165,0.011,0.1295,2025-11-17
NA,25.240268456,9880,Pearl City,1,13842,NA,0.6263982103,0.4470649895,8970,0,0,2,Leeward Community College,www.leeward.hawaii.edu/,39899,0,00454900,0.0682,0,0,0.0814,0.1953,0.6207,2,NA,NA,2,HI,3382,0.427,0.573,0.3173,0.0012,0.353,0.021,0.165,0.0568,0.0109,0.0059,0.0689,2025-11-17
NA,26.32,9695,Kahului,1,16225,353663,0.6027272727,0.4984552008,13040,0,0,1,University of Hawaii Maui College,maui.hawaii.edu/,34453,0,00161500,0.0549,0,0,0.1397,0.218,0.4943,2,NA,NA,2,HI,1635,0.337,0.663,0.2917,6e-4,0.3174,0.0141,0.148,0.0667,0.0214,0.008,0.1321,2025-11-17
0.956,27.66507177,11077,Kapolei,1,18190,244196,0.7033492823,0.4253597122,14500,0,0,1,University of Hawaii-West Oahu,https://westoahu.hawaii.edu/,52075,0,02107800,0.0667,0,0,0.3476,0.2966,0.5789,3,NA,973,3,HI,2510,0.3498,0.6502,0.341,8e-4,0.3522,0.0191,0.1526,0.0438,0.006,0.0044,0.0801,2025-11-17
NA,25.92652124,9578,Kaneohe,1,14492,NA,0.6693455798,0.4803548796,9500,0,0,2,Windward Community College,https://windward.hawaii.edu/,38439,0,01122000,0,0,0,0,0.1321,0.5417,2,NA,NA,2,HI,1109,0.3291,0.6709,0.4319,9e-4,0.1262,0.0081,0.1885,0.0866,0.0018,0.0216,0.1344,2025-11-17
0.9643,22.786666667,6169,Boise,2,22045,697969,0.4533333333,PS,PS,0,0,1,Boise Bible College,https://www.boisebible.edu/,33140,0,02234500,0,0,0,0,0.4688,0.8824,3,88,1080,3,ID,103,0.4854,0.5146,0.0097,0,0,0.0291,0.0097,0.0097,0.0291,0,0.9126,2025-11-17
0.8396,23.650083195,9425,Boise,1,25387,135302476,0.56921797,0.3347085202,20500,0,0,1,Boise State University,https://www.boisestate.edu/,51658,0,00161600,0.0427,0.0498,0.0073,0.1988,0.1794,0.5703,3,NA,NA,3,ID,17081,0.4363,0.5637,0.0542,0.0054,0.0278,0.018,0.1516,0.0042,0.008,0.0228,0.7079,2025-11-17
NA,27.400890869,6673,Idaho Falls,1,13392,NA,0.5879732739,0.4095477387,12000,0,0,2,College of Eastern Idaho,www.cei.edu/,42057,0,01113300,0,0,0,0.0532,0.2679,0.4314,2,NA,NA,2,ID,1396,0.341,0.659,0.0244,0.0086,0.0043,0.0072,0.1999,0.0021,0.0014,0.0394,0.7128,2025-11-17
NA,23.464146748,8693,Pocatello,1,21084,88703400,0.5705947749,0.360585723,20039,0,0,1,Idaho State University,www.isu.edu/,45608,0,00162000,0.0372,0.0193,0.0051,0.0932,0.2684,0.9447,3,NA,NA,3,ID,7260,0.4037,0.5963,0.0379,0.0175,0.0116,0.0114,0.1533,0.0047,0.0233,0.0291,0.7113,2025-11-17
0.7909,21.458624128,10247,Moscow,1,22669,372857803,0.5058158857,0.3178761062,21982,0,0,1,University of Idaho,www.uidaho.edu/,54670,0,00162600,0.0729,0.0917,0.0138,0.1445,0.2276,0.8515,3,NA,1088,3,ID,7363,0.499,0.501,0.0445,0.0124,0.0155,0.0125,0.1065,0.0012,0.0522,0.0148,0.7405,2025-11-17
0.4722,20.354570637,7701,Caldwell,2,48451,111180504,0.4819944598,0.2680722892,24500,0,0,1,The College of Idaho,www.collegeofidaho.edu/,48473,0,00161700,0.0265,0,0.0076,0.303,0.2405,0.6316,3,NA,1166,3,ID,1049,0.4919,0.5081,0.0553,0.0105,0.021,0.0181,0.1697,0.0057,0.1382,0.0334,0.5481,2025-11-17
0.8978,25.071305348,7400,Lewiston,1,18646,11514532,0.6354226567,0.4047013977,18500,0,0,1,Lewis-Clark State College,https://www.lcsc.edu/,46001,0,00162100,0.0442,0.0011,0.0011,0.1062,0.2401,0.9739,3,NA,NA,3,ID,2277,0.3527,0.6473,0.0518,0.0211,0.0105,0.0105,0.0931,0.0022,0.0206,0.0347,0.7554,2025-11-17
NA,25.050561798,7613,Coeur d'Alene,1,16699,30119876,0.5710272873,0.4171505136,9000,0,0,2,North Idaho College,https://www.nic.edu/,40081,0,00162300,0.019,0.0053,0.002,0.0827,0.2451,0.4043,1,NA,NA,2,ID,2488,0.3621,0.6379,0.0543,0.0105,0.0113,0.0092,0.0872,0.004,0.0072,0.0382,0.7781,2025-11-17
0.6295,24.604006163,6490,Nampa,2,50275,53597223,0.625577812,0.3388429752,23750,0,0,1,Northwest Nazarene University,https://www.nnu.edu/,51719,0,00162400,0.1026,0.0427,0.0043,0.1068,0.2947,1,3,59,1184,3,ID,1138,0.4271,0.5729,0.0685,0.007,0.0141,0.0167,0.1467,9e-4,0.0114,0.0668,0.6678,2025-11-17
0.9695,23.942580232,9398,Rexburg,2,13357,163625000,0.5382646064,0.2434898308,13969,0,0,1,Brigham Young University-Idaho,https://www.byui.edu/,53406,0,00162500,0.0353,0.0233,0.0068,0.1753,0.2487,NA,3,94,1123,3,ID,42090,0.4495,0.5505,0.0183,0.0017,0.0122,0.0264,0.1854,0.0055,0.0322,0.1294,0.589,2025-11-17
NA,23.612836439,6613,Twin Falls,1,12115,36783416,0.6050724638,0.4159021407,8000,0,1,1,College of Southern Idaho,https://www.csi.edu/,40916,0,00161900,0.0283,0.0087,0.0024,0.078,0.1871,1,2,NA,NA,2,ID,3476,0.3662,0.6338,0.027,0.0063,0.0095,0.0164,0.29,0.0037,0.0184,0.0224,0.6062,2025-11-17
0.7642,21.148105626,11630,Chicago,2,74138,312399000,0.7221584386,0.212636695,27000,0,0,1,School of the Art Institute of Chicago,www.saic.edu/,40151,0,00175300,0,0,0,0,0.1911,0.1991,3,NA,NA,3,IL,2762,0.2422,0.7578,0.0478,4e-4,0.1097,0.0489,0.1184,4e-4,0.2972,0.0355,0.3418,2025-11-17
0.6765,19.553406998,8058,Rock Island,2,60798,196811090,0.5883977901,0.2224352828,27000,0,0,1,Augustana College,www.augustana.edu/,62971,0,00163300,0.0852,0.0076,0.017,0.233,0.2192,0.7739,3,39,1133,3,IL,2418,0.4648,0.5352,0.0364,4e-4,0.0244,0.0426,0.1274,4e-4,0.1679,0.0174,0.5831,2025-11-17
0.8514,23.373099954,8990,Aurora,2,39232,45525480,0.6651312759,0.4569466455,20318,0,1,1,Aurora University,https://aurora.edu/,58709,0,00163400,0.0802,0,0.0091,0.2109,0.4345,0.2348,3,NA,1072,3,IL,4021,0.3382,0.6618,0.0241,0.0015,0.0348,0.0594,0.4225,0,0.0075,0.0584,0.3917,2025-11-17
NA,24.704372872,7364,Belleville,1,12596,5838255,0.5600942655,0.428874092,6908,0,0,2,Southwestern Illinois College,https://www.swic.edu/,36884,0,00163600,0,0.0019,0,0.0184,0.2588,0.3273,1,NA,NA,1,IL,5280,0.4352,0.5648,0.061,0.0025,0.01,0.2337,0.0708,8e-4,0.0078,0.036,0.5775,2025-11-17
NA,23.509424084,7424,Moline,1,11809,9432811,0.6298429319,0.4424615385,8375,0,0,2,Black Hawk College,www.bhc.edu/,37253,0,00163800,0,0,0,0.0226,0.2478,0.5081,1,NA,NA,2,IL,2266,0.3738,0.6262,0.045,0.0018,0.0296,0.1249,0.1695,9e-4,0.011,0.0265,0.5909,2025-11-17
0.8014,20.555555556,7124,Carlinville,2,36962,30001668,0.5603864734,0.4395604396,24242,0,0,1,Blackburn College,www.blackburn.edu/,46802,0,00163900,0.2319,0,0.0145,0.1884,0.544,0.7451,3,66,NA,3,IL,341,0.4516,0.5484,0.0264,0.0029,0.0088,0.0469,0.0997,0,0.0029,0.0968,0.7155,2025-11-17
NA,25.333333333,6780,Quincy,2,NA,NA,0.8510638298,0.3700787402,13000,0,0,1,Blessing Rieman College of Nursing and Health Sciences,www.brcn.edu/,72430,0,00621400,0,0,0,0,0.366,0.9459,3,NA,NA,3,IL,176,0.0739,0.9261,0.0114,0.0057,0.017,0.0284,0,0,0,0.0341,0.9034,2025-11-17
0.7666,20.055747126,9484,Peoria,2,52730,345573676,0.5298850575,0.2360436893,27000,0,0,1,Bradley University,www.bradley.edu/,66852,0,00164100,0.0694,0.1779,0.0029,0.1593,0.2942,0.5743,3,NA,1237,3,IL,3865,0.4872,0.5128,0.0274,0.0021,0.0427,0.1066,0.142,0.0013,0.023,0.0285,0.6264,2025-11-17
NA,23.500497512,6598,Galesburg,1,10795,12873364,0.6199004975,0.4262857143,4909,0,0,2,Carl Sandburg College,www.sandburg.edu/,35274,0,00726500,0,0,0,0.0338,0.4319,0.3889,2,NA,NA,2,IL,1124,0.3292,0.6708,0.0498,9e-4,0.0098,0.0988,0.1584,0.0018,0,0.0142,0.6664,2025-11-17
0.4052,28.718628215,8748,Chicago,1,30454,7644688,0.7038191738,0.4202453988,30625,0,0,1,Chicago State University,www.csu.edu/,42778,0,00169400,0.0606,0,0.0038,0.1629,0.5497,0.9819,3,NA,NA,3,IL,1414,0.3069,0.6931,0.0212,0.0035,0.0071,0.7617,0.07,0,0.0403,0.0686,0.0276,2025-11-17
0.0479,20.008797654,18990,Chicago,2,86856,8569802385,0.5190615836,0.202435312,15000,0,0,1,University of Chicago,www.uchicago.edu/,91885,0,00177400,0,0.0225,0.0924,0,0.1447,0.8501,3,NA,1554,3,IL,7540,0.5341,0.4659,0.0708,3e-4,0.1969,0.0696,0.1711,1e-4,0.1598,0.022,0.3093,2025-11-17
NA,26.988064791,10450,Chicago,1,11382,NA,0.6035805627,0.4984481688,6180,0,0,2,City Colleges of Chicago-Kennedy-King College,www.ccc.edu/colleges/kennedy/pages/default.aspx,28467,0,00165400,0,0,0,0.0108,0.3782,0.4722,1,NA,NA,1,IL,1564,0.4591,0.5409,0.0403,0.0019,0.0032,0.7014,0.218,0,0.007,0.0013,0.0269,2025-11-17
NA,25.247821034,11291,Chicago,1,10279,NA,0.777454968,0.5630908344,8375,0,1,2,City Colleges of Chicago-Malcolm X College,www.ccc.edu/colleges/malcolm-x/pages/default.aspx,32427,0,00165000,0,0,0,0,0.4208,0.3834,1,NA,NA,1,IL,5847,0.2134,0.7866,0.0246,0.001,0.0274,0.3588,0.521,5e-4,0.0106,0.0022,0.053900000000000003,2025-11-17
NA,25.964622642,11928,Chicago,1,12633,NA,0.626572327,0.4693877551,7646,0,1,2,City Colleges of Chicago-Olive-Harvey College,www.ccc.edu/colleges/olive-harvey/Pages/default.aspx,31114,0,00976700,0,0,0,0.1786,0.3075,0.3206,1,NA,NA,1,IL,1425,0.4456,0.5544,0.0449,0.0014,0.0049,0.6737,0.24,0.0014,0.0056,0.0028,0.0253,2025-11-17
NA,25.653581943,11005,Chicago,1,10722,NA,0.6040235525,0.5097774781,6997,0,1,2,City Colleges of Chicago-Harry S Truman College,www.ccc.edu/colleges/truman/Pages/default.aspx,36484,0,00164800,0.0844,0.0065,0,0.0146,0.2087,0.2612,1,NA,NA,2,IL,2248,0.4017,0.5983,0.036,0.0018,0.0912,0.2647,0.399,9e-4,0.0258,0.004,0.1766,2025-11-17
NA,22.789044289,12016,Chicago,1,9543,NA,0.5734265734,0.6125,4500,0,1,2,City Colleges of Chicago-Richard J Daley College,www.ccc.edu/colleges/daley/pages/default.aspx,37962,0,00164900,0,0.0059,0,0.0125,0.2168,0.2512,1,NA,NA,1,IL,2540,0.5732,0.4268,0.015,8e-4,0.0063,0.1358,0.7035,8e-4,0.0039,8e-4,0.1331,2025-11-17
NA,22.633307573,12479,Chicago,1,9996,NA,0.5672333849,0.5486866543,5750,0,1,2,City Colleges of Chicago-Harold Washington College,www.ccc.edu/colleges/washington/Pages/default.aspx,36531,0,00165200,0.0024,0.003,0,0.0384,0.3479,0.3289,2,NA,NA,2,IL,4146,0.4175,0.5825,0.0352,0.001,0.0666,0.2663,0.4846,5e-4,0.034,0.0031,0.1088,2025-11-17
NA,23.316153363,12821,Chicago,1,9395,NA,0.5549968573,0.5730337079,6500,0,1,2,City Colleges of Chicago-Wilbur Wright College,www.ccc.edu/colleges/wright/pages/default.aspx,41625,0,00165500,0,0.0382,0,0.0125,0.269,0.2807,2,NA,NA,2,IL,4186,0.4964,0.5036,0.0299,0.001,0.0741,0.0743,0.6271,7e-4,0.0141,7e-4,0.1782,2025-11-17
0.9117,21.027710519,9351,Chicago,2,49799,192071841,0.6115146624,0.2494863516,25000,0,1,1,Columbia College Chicago,www.colum.edu/,42195,0,00166500,0,0,0,0.0378,0.4318,0.3025,3,NA,NA,3,IL,6294,0.3847,0.6153,0.045,0.0017,0.0353,0.1765,0.2882,6e-4,0.0369,0.0086,0.4072,2025-11-17
0.9336,22.408529742,6715,River Forest,2,44252,25404270,0.5723905724,0.3850063532,23000,0,1,1,Concordia University-Chicago,https://www.cuchicago.edu/,54089,0,00166600,0.1548,0,0.003,0.1577,0.4458,0.716,3,68,NA,3,IL,1337,0.4779,0.5221,0.0509,0.0052,0.0217,0.1294,0.3426,0.003,0.0075,0.0157,0.4241,2025-11-17
NA,24.534246575,7244,Danville,1,10398,17898480,0.6174920969,0.4930467762,7218,0,0,2,Danville Area Community College,https://dacc.edu/,34867,0,00166900,0,0,0,0.0493,0.2406,0.6061,1,NA,NA,2,IL,1360,0.3963,0.6037,0.0199,0.0037,0.0096,0.2338,0.0699,0,0,0.0522,0.611,2025-11-17
0.7353,22.141913633,11807,Chicago,2,59467,817889000,0.550042337,0.3023514164,23168,0,0,1,DePaul University,https://www.depaul.edu/,68751,0,00167100,0.0267,0.001,0.0059,0.2906,0.3066,0.5012,3,30,1254,3,IL,14283,0.4493,0.5507,0.0451,6e-4,0.1206,0.0772,0.2423,8e-4,0.0367,0.0174,0.4594,2025-11-17
NA,23.448447894,12192,Glen Ellyn,1,13314,15554903,0.5408813747,0.4260813428,10410,0,0,2,College of DuPage,www.cod.edu/,46909,0,00665600,0,0.0072,0,0.0881,0.2048,0.2208,2,NA,NA,2,IL,15185,0.4738,0.5262,0.0353,0.0019,0.1096,0.0807,0.2848,0.0017,0.0178,0.041,0.4271,2025-11-17
NA,22.119266055,7574,Chicago,2,30062,NA,0.5229357798,0.5393939394,26986,0,1,1,East-West University,www.eastwest.edu/,29963,0,02168600,0,0,0,0.25,0.8015,1,3,NA,NA,3,IL,528,0.5341,0.4659,0.0189,0.0076,0.0114,0.3542,0.3239,0.0019,0.2595,0,0.0227,2025-11-17
0.6775,21.899513776,9286,Charleston,1,26164,66617761,0.6065640194,0.3421643467,21500,0,0,1,Eastern Illinois University,https://www.eiu.edu/,51989,0,00167400,0.1286,0.0027,0.0063,0.1196,0.3087,0.7836,3,NA,1010,3,IL,4398,0.395,0.605,0.0318,0.0025,0.0134,0.1835,0.1028,0.0011,0.0275,0.0659,0.5714,2025-11-17
NA,23.542286751,11390,Elgin,1,9837,9247958,0.5462794918,0.5215794307,7390,0,1,2,Elgin Community College,www.elgin.edu/,45516,0,00167500,0.0123,0.0138,0,0.0256,0.2185,0.2942,1,NA,NA,2,IL,6463,0.4674,0.5326,0.0433,0.0048,0.0678,0.0402,0.4451,5e-4,0.0169,0.0193,0.3621,2025-11-17
0.7574,21.975236708,8710,Elmhurst,2,51829,152576718,0.6074289876,0.351910828,20489,0,1,1,Elmhurst University,www.elmhurst.edu/,61462,0,00167600,0.1168,0,0.0038,0.1853,0.368,0.3705,3,76,1116,3,IL,2954,0.3778,0.6222,0.0281,0.0014,0.0846,0.0508,0.3087,0.001,0.0345,0.0237,0.4672,2025-11-17
0.8847,20.637279597,5671,Eureka,2,38518,32975181,0.4811083123,0.3415977961,23250,0,0,1,Eureka College,www.eureka.edu/,51641,0,00167800,0.1008,0,0.0084,0.2353,0.2272,0.74,3,61,NA,3,IL,522,0.5077,0.4923,0.0287,0.0096,0.0019,0.1207,0.0958,0,0.0134,0.0479,0.682,2025-11-17
NA,27.917609778,8597,University Park,1,23076,3363463,0.6763241286,0.4261943103,18618,0,0,1,Governors State University,https://www.govst.edu/,58169,0,00914500,0.0703,0,0.0064,0.2173,0.524,0.2769,3,NA,NA,3,IL,2518,0.3817,0.6183,0.0381,0.0012,0.0222,0.4083,0.1974,4e-4,0.0238,0.0266,0.282,2025-11-17
0.9537,22.476109215,6213,Greenville,2,43713,29729957,0.4470989761,0.3112701252,23875,0,0,1,Greenville University,www.greenville.edu/,46827,0,00168400,0.1778,0.0133,0.0222,0.2356,0.3766,1,3,64,1034,3,IL,873,0.5166,0.4834,0.0355,0,0.0092,0.1375,0.0756,0.0011,0.1409,0.0103,0.5899,2025-11-17
NA,23.66152019,10639,Freeport,1,12397,27089873,0.609263658,0.4835616438,8029,0,0,2,Highland Community College,www.highland.edu/,37928,0,00168100,0.0092,0.0092,0,0.0277,0.3024,0.4961,1,NA,NA,1,IL,926,0.3531,0.6469,0.0421,0.0043,0.0076,0.1328,0.0713,0.0022,0.0346,0.0194,0.6857,2025-11-17
0.785,21.089593212,14178,Chicago,1,26998,540812282,0.5284502121,0.4439779965,16704,0,1,1,University of Illinois Chicago,www.uic.edu/,68740,0,00177600,0.0346,0.10780000000000001,0.0118,0.1696,0.4957,0.7105,3,NA,1242,3,IL,21814,0.4679,0.5321,0.0299,5e-4,0.2073,0.0795,0.3659,3e-4,0.071,0.0171,0.2284,2025-11-17
0.7722,23.520921771,9169,Lisle,2,46548,41680677,0.5761067314,0.3431952663,22500,0,0,1,Benedictine University,https://ben.edu/,63446,0,00176700,0.0261,0.0056,0.0037,0.3575,0.3918,0.3531,3,30,NA,3,IL,1817,0.5234,0.4766,0.0275,0.0061,0.2069,0.0881,0.2102,0.0044,0.0187,0.0182,0.4199,2025-11-17
0.4369,19.852831045,14082,Champaign,1,32134,2233438413,0.4948371724,0.2493020998,19500,0,0,1,University of Illinois Urbana-Champaign,www.illinois.edu/,81054,0,00177500,0.0205,0.2143,0.0489,0.1043,0.2381,0.7291,3,NA,1418,3,IL,34623,0.5265,0.4735,0.0388,3e-4,0.2297,0.056,0.1388,3e-4,0.1365,0.0124,0.3873,2025-11-17
0.4517,19.448051948,8742,Bloomington,2,68399,269244872,0.5227272727,0.1772575251,27000,0,0,1,Illinois Wesleyan University,www.iwu.edu/,70871,0,00169600,0.0461,0,0.0115,0.2594,0.2318,0.5594,3,NA,1242,3,IL,1570,0.5185,0.4815,0.0191,0.0013,0.0567,0.0841,0.1019,6e-4,0.058,0.0204,0.658,2025-11-17
NA,23.522436947,8699,East Peoria,1,17251,24468712,0.5886013757,0.4263653484,8900,0,0,2,Illinois Central College,icc.edu/,37366,0,00675300,0,0.0142,0,0.019,0.2225,0.4266,2,NA,NA,2,IL,4909,0.3913,0.6087,0.0589,0.0016,0.0181,0.1526,0.0666,0.001,0.0185,0.0024,0.6802,2025-11-17
0.7467,19.840607211,7681,Jacksonville,2,47337,146550216,0.5559772296,0.3109756098,25565,0,0,1,Illinois College,www.ic.edu/,52575,0,00168800,0.0671,0,0.0106,0.2261,0.3512,0.77,3,66,1082,3,IL,925,0.4714,0.5286,0.0281,0.0022,0.0086,0.0984,0.1005,0,0.0497,0.0097,0.7027,2025-11-17
NA,24.692748092,7026,Olney,1,17518,NA,0.6145038168,0.4083333333,6500,0,0,2,Illinois Eastern Community Colleges,https://www.iecc.edu/,37533,0,00174200,0,0,0,0.0548,0.3406,0.5195,1,NA,NA,2,IL,549,0.4281,0.5719,0.0182,0.0036,0.0091,0.0146,0.0401,0.0018,0,0.0146,0.898,2025-11-17
0.5542,21.882219706,13736,Chicago,2,67720,289121000,0.3001132503,0.3223767383,25000,0,0,1,Illinois Institute of Technology,https://www.iit.edu/,82592,0,00169100,0,0.4333,0.0238,0.019,0.2906,0.592,3,NA,1296,3,IL,2812,0.6682,0.3318,0.0395,7e-4,0.165,0.0473,0.2504,4e-4,0.1412,0.0149,0.3407,2025-11-17
0.8901,20.548777315,8906,Normal,1,32458,193093113,0.5624349636,0.2964350118,20482,0,0,1,Illinois State University,illinoisstate.edu/,62117,0,00169200,0.1671,0,0.0187,0.2102,0.3005,0.7452,3,NA,1127,3,IL,18414,0.439,0.561,0.0396,8e-4,0.028,0.1153,0.1385,3e-4,0.0075,0.0053,0.6647,2025-11-17
NA,23.572197309,8793,Oglesby,1,11563,NA,0.599103139,0.5065989848,8233,0,0,2,Illinois Valley Community College,https://www.ivcc.edu/,40810,0,00170500,0,0.0019,0,0.0162,0.2851,0.4684,1,NA,NA,1,IL,1851,0.4646,0.5354,0.0227,0.0032,0.007,0.0222,0.1934,0.0027,0.0043,0.033,0.7115,2025-11-17
NA,23.801269841,7409,Carterville,1,12682,8542438,0.5879365079,0.4346210996,PS,0,0,2,John A Logan College,https://www.jalc.edu/,34096,0,00807600,0,0.005,0,0.0273,0.2916,0.4088,2,NA,NA,2,IL,2018,0.3964,0.6036,0.0282,0.0064,0.0094,0.1239,0.0486,0.0015,0.003,0.0669,0.7121,2025-11-17
NA,23.779912664,6064,Quincy,1,13346,3084815,0.5930131004,0.4661432777,8029,0,0,2,John Wood Community College,www.jwcc.edu/,38631,0,01281300,0,0.0062,0,0.0248,0.3935,0.2699,2,NA,NA,2,IL,1387,0.3634,0.6366,0.0519,0.0036,0.013,0.0483,0.0281,0,0,0.0159,0.8392,2025-11-17
NA,23.189117802,12451,Joliet,1,9757,25382568,0.5903328051,0.4684061616,9711,0,1,2,Joliet Junior College,https://www.jjc.edu/,42889,0,00169900,0.0015,0,0,0.1073,0.2293,0.283,1,NA,NA,2,IL,8843,0.4494,0.5506,0.0282,0.0037,0.0292,0.0985,0.3048,0.0011,7e-4,0.0309,0.503,2025-11-17
0.6312,26.304812834,6688,Elgin,2,43951,6962603,0.6131907308,0.3562753036,25000,0,1,1,Judson University,www.judsonu.edu/,56313,0,00170000,0.0296,0,0.0099,0.3695,0.3972,0.2663,3,54,985,3,IL,780,0.5397,0.4603,0.0141,0.0026,0.0167,0.1038,0.3321,0.0013,0.0846,0.0731,0.3718,2025-11-17
NA,24.209337349,8035,Kankakee,1,12209,8315537,0.6167168675,0.5160714286,9969,0,0,2,Kankakee Community College,https://www.kcc.edu/,38767,0,00769000,0.0029,0.0044,0,0.0264,0.3712,0.3232,1,NA,NA,1,IL,1904,0.3908,0.6092,0.0504,0.0016,0.0058,0.1381,0.2174,5e-4,0.0131,0.0105,0.5625,2025-11-17
NA,24.1144641,9106,Centralia,1,12038,9704426,0.6555671176,0.4352806415,3750,0,0,2,Kaskaskia College,https://www.kaskaskia.edu/,38801,0,00170100,0,0.0105,0,0.0707,0.2199,0.5401,1,NA,NA,2,IL,1842,0.3626,0.6374,0.0445,0.0016,0.0065,0.0581,0.038,0,0,0.0114,0.8398,2025-11-17
NA,23.265743073,7724,Malta,1,14504,3506756,0.5749370277,0.4441110278,9395,0,1,2,Kishwaukee College,www.kish.edu/,39657,0,00768400,0,0.007,0,0.0168,0.2522,0.3931,1,NA,NA,2,IL,1794,0.4142,0.5858,0.0513,0.0017,0.0123,0.1394,0.2648,0.0011,0.0039,0.0123,0.5134,2025-11-17
0.7113,19.565464896,6681,Galesburg,2,65796,182154504,0.605313093,0.2784552846,27000,0,0,1,Knox College,https://www.knox.edu/,54820,0,00170400,0.0658,0,0.0165,0.107,0.2972,0.7152,3,NA,1250,3,IL,997,0.4794,0.5206,0.0552,0.003,0.0401,0.0582,0.1284,0.001,0.1956,0.0341,0.4845,2025-11-17
NA,23.363778055,12532,Grayslake,1,10969,2868035,0.5763715711,0.5202754399,8735,0,1,2,College of Lake County,https://www.clcillinois.edu/,43424,0,00769400,0.0039,0.0054,0,0.0189,0.2371,0.2704,1,NA,NA,1,IL,9282,0.4633,0.5367,0.0323,0.0016,0.0541,0.0729,0.4656,0.0014,0.0129,0.0373,0.3218,2025-11-17
0.5941,19.898648649,8936,Lake Forest,2,68191,105290305,0.6030405405,0.2458715596,26158,0,0,1,Lake Forest College,www.lakeforest.edu/,61825,0,00170600,0.0028,0,0.0194,0.2028,0.3515,0.5959,3,NA,1309,3,IL,1782,0.4248,0.5752,0.0342,0.0022,0.0629,0.0337,0.1852,0,0.1829,0.0325,0.4663,2025-11-17
NA,24.16794796,5772,Mattoon,1,10023,7,0.5966883501,0.4391392065,6188,0,0,2,Lake Land College,www.lakelandcollege.edu/,38877,0,00764400,0,0.001,0,0.0809,0.2662,0.7323,1,NA,NA,1,IL,2492,0.4001,0.5999,0.0329,0.002,0.0036,0.0325,0.0345,0,0.0112,0.0088,0.8744,2025-11-17
NA,23.127856366,9339,Godfrey,1,9167,NA,0.5669205658,0.4283110571,6751,0,0,2,Lewis and Clark Community College,www.lc.edu/,37724,0,01002000,0,0.0064,0,0.0562,0.2119,1,1,NA,NA,2,IL,2252,0.3863,0.6137,0.0386,0.0036,0.0058,0.0972,0.0315,0,0,0.036,0.7873,2025-11-17
0.7273,22.443587271,10057,Romeoville,2,45843,100755611,0.5491803279,0.3940031562,21500,0,1,1,Lewis University,www.lewisu.edu/,66099,0,00170700,0.0858,9e-4,0.0047,0.1849,0.3089,0.4675,3,30,1117,3,IL,3665,0.5154,0.4846,0.0327,0.0016,0.0756,0.0625,0.2521,0.0011,0.0297,0.0136,0.531,2025-11-17
NA,24.548088531,10144,Springfield,1,11600,24741944,0.5839034205,0.4664791374,11011,0,0,2,Lincoln Land Community College,www.llcc.edu/,38479,0,00717000,0,0.0069,0,0.0064,0.3733,0.4659,1,NA,NA,2,IL,3917,0.3727,0.6273,0.0544,0.0038,0.0153,0.1361,0.0505,0.001,0,0.0327,0.7062,2025-11-17
0.8139,20.963474388,11277,Chicago,2,64167,900070383,0.6853006682,0.2768674699,24157,0,0,1,Loyola University Chicago,https://www.luc.edu/,71530,0,00171000,0.0227,0.0165,0.0063,0.1906,0.2324,0.5139,3,30,1283,3,IL,11576,0.3116,0.6884,0.0491,0.0013,0.1319,0.0719,0.2221,8e-4,0.0219,0.0092,0.4919,2025-11-17
NA,30.37037037,4548,Chicago,2,25660,NA,0.7777777778,0.5641025641,25250,0,0,2,Generations College,www.generations.edu/,34706,0,00171600,0,0,0,0.5143,0.7822,0.1739,2,NA,NA,2,IL,317,0.0568,0.9432,0.0631,0.0189,0.0032,0.5836,0.0883,0.0189,0,0.0032,0.2208,2025-11-17
NA,24.353250164,11525,Crystal Lake,1,12971,5894700,0.5699277741,0.4843391902,6260,0,1,2,McHenry County College,www.mchenry.edu/,45143,0,00769100,0,0.0101,0,0.0633,0.1152,0.2813,1,NA,NA,2,IL,4335,0.4556,0.5444,0.0436,0.0023,0.0272,0.0201,0.2577,7e-4,2e-4,0.0374,0.6108,2025-11-17
0.6388,23.135640786,7158,Lebanon,2,47121,33877586,0.5425631431,0.3255813953,23250,0,0,1,McKendree University,https://www.mckendree.edu/,58572,0,00172200,0.0957,0,0.0278,0.3086,0.2909,1,3,71,NA,3,IL,1600,0.4944,0.5056,0.0631,0.0019,0.0063,0.1188,0.0619,6e-4,0.0956,0.0538,0.5981,2025-11-17
0.3111,27.090140845,5181,Peoria,2,26280,2647684,0.8957746479,0.347826087,31250,0,0,1,Methodist College,www.methodistcol.edu/,69800,0,00622800,0,0,0,0,0.5589,0.4783,3,NA,NA,3,IL,374,0.0829,0.9171,0.0428,0.0053,0.0267,0.2005,0.0294,0,0,0.0134,0.6818,2025-11-17
0.5405,21.179616549,6414,Decatur,2,41297,102221463,0.5449041372,0.3184782609,27000,0,0,1,Millikin University,https://millikin.edu/,51262,0,00172400,0.1724,0.0025,0.0197,0.1626,0.3472,0.713,3,NA,1050,3,IL,1458,0.4554,0.5446,0.0213,7e-4,0.0192,0.1811,0.0473,0.0014,0.0377,0.0261,0.6653,2025-11-17
0.8662,19.733855186,6839,Monmouth,2,55529,121881403,0.4598825832,0.3224400871,27000,0,0,1,Monmouth College,https://www.monmouthcollege.edu/,51110,0,00172500,0.1038,0.0164,0.0164,0.1694,0.3091,0.6842,3,66,1128,3,IL,725,0.5214,0.4786,0.0345,0.0028,0.0166,0.0979,0.1186,0,0.0083,0.029,0.6924,2025-11-17
0.9754,24.862174579,9038,Chicago,2,34510,43452478,0.450229709,0.2808988764,18149,0,0,1,Moody Bible Institute,https://www.moody.edu/,45399,0,00172700,0,0,0,0,0.3272,0.3167,3,42,NA,3,IL,1586,0.5158,0.4842,0.0347,0.0019,0.0284,0.0662,0.0883,6e-4,0.099,0.0605,0.6204,2025-11-17
NA,22.823327961,8564,Palos Hills,1,11921,NA,0.5656728445,0.490530303,9500,0,1,2,Moraine Valley Community College,www.morainevalley.edu/,43892,0,00769200,6e-4,0.0053,0,0.0293,0.2878,0.3071,1,NA,NA,2,IL,7417,0.4677,0.5323,0.019,0.0043,0.0361,0.0905,0.3048,8e-4,0.0147,0.0721,0.4576,2025-11-17
NA,21.963809524,8964,Cicero,1,12170,NA,0.5574603175,0.6692439863,8000,0,0,2,Morton College,www.morton.edu/,42406,0,00172800,0,0,0,0.0686,0.3501,0.3966,2,NA,NA,2,IL,2593,0.4192,0.5808,0.0077,0.0023,0.0085,0.0324,0.8357,4e-4,0,0.0667,0.0463,2025-11-17
0.9312,30.24099723,6717,Chicago,2,25350,45738448,0.7513850416,0.5044483986,19750,0,1,1,National Louis University,www.nl.edu/,45799,0,00173300,0.1861,0,0,0.1469,0.5728,0.9906,3,NA,NA,3,IL,4100,0.26,0.74,0.0146,0.0024,0.0256,0.2144,0.5124,5e-4,0.05,0.0334,0.1466,2025-11-17
0.5831,20.473484848,9181,Naperville,2,54803,119133580,0.5386363636,0.2659660469,24500,0,0,1,North Central College,northcentralcollege.edu/,60123,0,00173400,0.0464,0.0481,0.012,0.2595,0.247,0.5629,3,71,1165,3,IL,2360,0.4864,0.5136,0.0369,0.0013,0.0424,0.0572,0.1729,4e-4,0.0419,0.028,0.6191,2025-11-17
0.7284,22.218719212,8041,Chicago,2,42040,99496350,0.6128078818,0.3698324022,25500,0,1,1,North Park University,www.northpark.edu/,59572,0,00173500,0.051,0.0357,0.0204,0.2577,0.432,1,3,37,NA,3,IL,1844,0.4338,0.5662,0.0342,0.0011,0.0819,0.0922,0.3482,0.0016,0.1106,0.0277,0.3026,2025-11-17
0.7045,21.941079658,10531,Dekalb,1,27214,93856638,0.534562212,0.3832968636,22162,0,1,1,Northern Illinois University,www.niu.edu/,57808,0,00173700,0.0906,0.0651,0.0139,0.177,0.4555,0.7568,3,NA,NA,3,IL,11277,0.4699,0.5301,0.0221,0.0048,0.0664,0.2127,0.2507,9e-4,0.0136,0.0077,0.4211,2025-11-17
0.0715,20.452494062,19704,Evanston,2,87804,10879850000,0.5243467933,0.1515711645,15000,0,0,1,Northwestern University,www.northwestern.edu/,89363,0,00173900,0.0021,0.136,0.035,0.0465,0.187,0.8177,3,NA,1526,3,IL,8960,0.4547,0.5453,0.0765,0.001,0.2167,0.0738,0.1506,9e-4,0.1031,0.0366,0.3408,2025-11-17
0.704,24.794679186,9313,Chicago,1,27208,13315469,0.6059467919,0.5086887836,14600,0,1,1,Northeastern Illinois University,www.neiu.edu/,52234,0,00169300,0.1363,0,0.0067,0.225,0.5377,0.5807,3,NA,NA,3,IL,3869,0.4272,0.5728,0.0176,0.0021,0.0817,0.1005,0.5154,0.0013,0.0121,0.0977,0.1716,2025-11-17
NA,23.575958353,10285,Des Plaines,1,11344,NA,0.5362044487,0.4335060449,5250,0,0,2,Oakton College,www.oakton.edu/,47852,0,00989600,0,0.0071,0,0.0556,0.1618,0.241,1,NA,NA,2,IL,6229,0.4962,0.5038,0.0339,0.0011,0.2161,0.0814,0.2066,0.0027,0.0169,0.0467,0.3946,2025-11-17
0.669,22.803428571,7265,Bourbonnais,2,50557,52057993,0.6257142857,0.2768395657,25000,0,0,1,Olivet Nazarene University,https://www.olivet.edu/,53213,0,00174100,0.1027,0.0522,0.0017,0.133,0.3533,0.4028,3,59,1103,3,IL,2485,0.4406,0.5594,0.0382,0.0024,0.0266,0.0958,0.1412,0.0137,0.0213,0.0507,0.6101,2025-11-17
NA,23.1552,9075,Champaign,1,14011,13205910,0.53728,0.3914616498,8548,0,0,2,Parkland College,https://www.parkland.edu/,38320,0,00711800,7e-4,0.0059,0,0.056,0.2515,0.3554,1,NA,NA,2,IL,3293,0.498,0.502,0.0647,6e-4,0.0401,0.1373,0.1221,9e-4,0.0282,0.0112,0.5949,2025-11-17
NA,24.732292045,8925,Chicago Heights,1,13813,2993353,0.6309480567,0.3925438596,11000,0,1,2,Prairie State College,prairiestate.edu/,36696,0,00164000,0,0,0,0.0233,0.3563,0.3307,1,NA,NA,1,IL,2448,0.3913,0.6087,0.0364,0.0033,0.0102,0.5368,0.2263,0.002,0.02,0.0339,0.1311,2025-11-17
0.444,NA,8894,Elsah,2,NA,538922082,NA,NA,NA,0,0,1,Principia College,www.principiacollege.edu/,NA,0,00174400,0.2113,0.0423,0.0282,0.0845,0,1,3,NA,1096,NA,IL,337,0.5994,0.4006,0.0326,0,0.0119,0.0682,0.0504,0.003,0.4243,0.0297,0.3798,2025-11-17
0.4989,21.349845201,6384,Quincy,2,45102,23301971,0.5386996904,0.3300492611,24000,0,0,1,Quincy University,https://www.quincy.edu/,50369,0,00174500,0.1061,0,0.0051,0.2222,0.2964,0.4955,3,30,1157,3,IL,1038,0.5713,0.4287,0,0.0029,0.0145,0.1089,0.0732,0,0.0684,0.0617,0.6705,2025-11-17
NA,23.51048951,7653,Ina,1,14638,5700636,0.5897435897,0.4306864065,5809,0,0,2,Rend Lake College,www.rlc.edu/,35775,0,00711900,0,0.0046,0,0.0145,0.3099,0.6959,1,NA,NA,1,IL,1196,0.3871,0.6129,0,0.0033,0.0059,0.0794,0.0234,8e-4,0,0.0059,0.8813,2025-11-17
NA,25.477917981,7703,Decatur,1,11407,19529296,0.619873817,0.4907407407,8256,0,0,2,Richland Community College,https://www.richland.edu/,38793,0,01087900,0,0.0013,0,0.0454,0.3349,0.48,1,NA,NA,1,IL,1412,0.3024,0.6976,0.046,0.0028,0.0142,0.2684,0.0524,7e-4,7e-4,0.0042,0.6105,2025-11-17
NA,23.701111569,7601,Rockford,1,14351,7353228,0.598188555,0.4983017952,8500,0,0,2,Rock Valley College,www.rockvalleycollege.edu/,39158,0,00174700,0,0.0352,0,0.0139,0.2058,0.3634,2,NA,NA,2,IL,4362,0.4697,0.5303,0.0186,0.003,0.0369,0.0919,0.263,7e-4,0.003,0.0397,0.5433,2025-11-17
0.5723,22.71331058,6500,Rockford,2,47033,26769658,0.5699658703,0.4183864916,22274,0,0,1,Rockford University,www.rockford.edu/,54794,0,00174800,0.1373,0,0.0049,0.1814,0.4175,0.4601,3,NA,984,3,IL,956,0.4655,0.5345,0.0293,0.0052,0.022,0.1506,0.1904,0,0.0816,0.114,0.4069,2025-11-17
0.9427,23.781359495,8747,Chicago,2,48426,145347000,0.6615276804,0.3683794466,22000,0,1,1,Roosevelt University,www.roosevelt.edu/,48712,0,00174900,0.1178,0,0.0082,0.2717,0.4642,0.2883,3,NA,1000,3,IL,2583,0.386,0.614,0.0356,0.005,0.0465,0.2098,0.3519,8e-4,0.0534,0.017,0.2799,2025-11-17
0.798,21.659727782,7754,River Forest,2,44414,47176105,0.6973578863,0.5074626866,24411,0,1,1,Dominican University,https://www.dom.edu/,60327,0,00175000,0.0482,0,0.012,0.2217,0.4934,0.3837,3,30,1022,3,IL,2271,0.2902,0.7098,0.0141,0.0018,0.0317,0.0506,0.6852,4e-4,0.0035,0.0238,0.1889,2025-11-17
NA,27.674157303,13166,Chicago,2,NA,787786000,0.7303370787,0.472972973,21988,0,0,1,Rush University,www.rushu.rush.edu/,75194,0,00980000,0,0,0,0,0.3565,0.5822,3,NA,NA,3,IL,120,0.2667,0.7333,0.0333,0,0.0833,0.2917,0.35,0,0.0083,0.0333,0.2,2025-11-17
NA,25.902702703,7780,Peoria,2,NA,NA,0.8972972973,0.3684210526,15000,0,0,1,Saint Francis Medical Center College of Nursing,www.sfmccon.edu/,72850,0,00624000,0,0,0,0,0.3238,0.7292,3,30,NA,3,IL,267,0.1423,0.8577,0.0037,0,0.03,0.0375,0.0262,0,0,0.0112,0.8914,2025-11-17
0.6393,23.167130919,7985,Joliet,2,45375,26620483,0.6448467967,0.4237804878,21079,0,1,1,University of St Francis,https://www.stfrancis.edu/,63926,0,00166400,0.0497,0,0.0086,0.1685,0.3706,0.8866,3,30,1055,3,IL,1292,0.3359,0.6641,0.0248,0.0015,0.0364,0.0967,0.3088,8e-4,0.0317,0.0124,0.4868,2025-11-17
0.8575,21.661971831,8050,Chicago,2,42237,33079230,0.6649061033,0.493877551,22223,0,1,1,Saint Xavier University,https://www.sxu.edu/,58656,0,00176800,0.0679,0,0.0116,0.1705,0.5599,0.3442,3,30,NA,3,IL,3030,0.3861,0.6139,0.0241,0.001,0.0218,0.1175,0.5178,3e-4,0,0.0218,0.2957,2025-11-17
0.8437,25.824757644,9549,Springfield,1,23643,28369606,0.5704697987,0.3624382208,19128,0,0,1,University of Illinois Springfield,www.uis.edu/,57103,0,00933300,0.0423,0,0.0227,0.1918,0.3585,0.6023,3,NA,1118,3,IL,2292,0.4459,0.5541,0.0537,9e-4,0.0397,0.1265,0.1073,0.0031,0.0349,0.0161,0.6178,2025-11-17
NA,23.904336735,7364,Dixon,1,14253,6689266,0.5905612245,0.4763271162,8250,0,0,2,Sauk Valley Community College,www.svcc.edu/,40458,0,00175200,0,0.0015,0,0.0811,0.3528,0.3798,1,NA,NA,1,IL,1164,0.39,0.61,0.0318,0.0034,0.0137,0.043,0.1718,0,9e-4,0.012,0.7234,2025-11-17
NA,23.518699187,8200,Ullin,1,13113,1267964,0.5967479675,0.4495238095,PS,0,0,2,Shawnee Community College,https://shawneecc.edu/,32999,0,00769300,0,0,0,0.006,0.3441,0.3784,1,NA,NA,1,IL,675,0.3778,0.6222,0,0.0207,0.003,0.1911,0.0489,0.0015,0,0.0133,0.7215,2025-11-17
NA,29.011614402,6224,Chicago,2,23056,154117,0.7386759582,0.6834733894,4423,0,1,1,St. Augustine College,www.staugustine.edu/,35723,0,02185400,0.3143,0,0,0.1371,0.7338,0.1579,2,NA,NA,2,IL,749,0.1455,0.8545,0.0013,0,0.0214,0.0587,0.7824,0,0.036,0.0881,0.012,2025-11-17
NA,23.076023392,6906,Harrisburg,1,12139,5047355,0.5867446394,0.4285714286,PS,0,0,2,Southeastern Illinois College,www.sic.edu/,33763,0,00175700,0,0,0,0,0.2306,0.6118,1,NA,NA,2,IL,659,0.434,0.566,0.0288,0.0091,0.0076,0.0379,0.0288,0.0015,0.0061,0.0076,0.8725,2025-11-17
NA,23.171532847,6911,Canton,1,11871,4094605,0.596107056,0.417721519,PS,0,0,2,Spoon River College,www.src.edu/,38386,0,00164300,0,0,0,0.0165,0.2995,0.4333,1,NA,NA,1,IL,735,0.3238,0.6762,0.0259,0.0027,0.0054,0.0816,0.0435,0.0014,0,0,0.8395,2025-11-17
1,27.081967213,7951,Rockford,2,NA,6683722,0.8524590164,0.4375,20000,0,0,1,Saint Anthony College of Nursing,https://www.sacn.edu/,77709,0,00998700,0,0,0,0,0.3481,0.5106,3,30,NA,3,IL,152,0.0855,0.9145,0.0066,0,0.0789,0.0658,0.1842,0,0,0.0066,0.6579,2025-11-17
0.9044,22.183824929,8229,Carbondale,1,29268,174737614,0.4896289248,0.3525195024,21543,0,0,1,Southern Illinois University-Carbondale,https://siu.edu/,53390,0,00175800,0.0957,0.0415,0.0041,0.1003,0.3665,0.784,3,NA,1060,3,IL,8116,0.4895,0.5105,0.0378,0.0023,0.0179,0.1682,0.0973,9e-4,0.0185,6e-4,0.6565,2025-11-17
0.9721,21.766168149,9243,Edwardsville,1,25302,33704893,0.5792239289,0.3068748645,20500,0,0,1,Southern Illinois University Edwardsville,www.siue.edu/,56346,0,00175900,0.0525,0.0832,0.0051,0.1734,0.3157,0.7173,3,NA,1063,3,IL,8836,0.4362,0.5638,0.0383,0.0022,0.026,0.1468,0.0632,0.001,0.0222,0.0291,0.6713,2025-11-17
NA,24.545640606,8396,South Holland,1,10713,NA,0.6655751126,0.4489795918,PS,0,0,2,South Suburban College,https://www.ssc.edu/,33680,0,00176900,0,0,0,0.0061,0.2243,0.3397,2,NA,NA,2,IL,2012,0.3211,0.6789,0.0413,0.003,0.0189,0.5477,0.2326,5e-4,0.001,0.0219,0.1332,2025-11-17
0.8865,24.575364668,7516,Palos Heights,2,47066,15249658,0.6888168558,0.3290909091,25009,0,0,1,Trinity Christian College,www.trnty.edu/,55700,0,00177100,0.1859,0,0.0151,0.1809,0.3329,0.5194,3,42,1154,3,IL,796,0.4296,0.5704,0.1106,0.0013,0.0276,0.1382,0.1219,0.0038,0.0402,0.0389,0.5176,2025-11-17
0.9318,26.555335968,7351,Deerfield,2,47751,50065977,0.4308300395,0.2960526316,26082,0,0,1,Trinity International University-Illinois,https://www.tiu.edu/,46989,0,00177200,0.0693,0,0.0198,0.2178,0.3288,0.2183,3,38,NA,3,IL,140,0.4643,0.5357,0.0429,0,0.0357,0.2143,0.1929,0.0071,0.0214,0.1,0.3857,2025-11-17
NA,23.500610874,8432,River Grove,1,11608,372151,0.6175931582,0.5382794002,9413,0,1,2,Triton College,www.triton.edu/,41728,0,00177300,0,0,0,0.0351,0.2591,0.3437,2,NA,NA,2,IL,6229,0.5189,0.4811,0.0199,6e-4,0.0246,0.1246,0.4768,8e-4,0.0162,0.0753,0.2612,2025-11-17
NA,23.686705599,12284,Sugar Grove,1,14661,6076902,0.5781518379,0.4935173568,7000,0,1,2,Waubonsee Community College,https://www.waubonsee.edu/,44788,0,00693100,0,0.0045,0,0.0368,0.2152,0.2059,2,NA,NA,2,IL,5499,0.4506,0.5494,0.0282,0.002,0.0342,0.0817,0.4328,7e-4,0,0.0027,0.4177,2025-11-17
0.7496,21.565811556,9252,Macomb,1,27828,79273445,0.5614960441,0.3770755222,25251,0,0,1,Western Illinois University,www.wiu.edu/,54163,0,00178000,0.0516,0.019,0.0027,0.1276,0.2812,0.8362,3,NA,NA,3,IL,4939,0.4122,0.5878,0.0322,0.0014,0.0134,0.2092,0.1249,0.0012,0.0393,0.0174,0.561,2025-11-17
0.8998,19.610803324,10214,Wheaton,2,56447,529360236,0.527700831,PS,23250,0,0,1,Wheaton College,www.wheaton.edu/,63756,0,00178100,0.0387,0.0123,0.0458,0.1232,0.202,0.6263,3,88,1363,3,IL,2087,0.4471,0.5529,0.0628,5e-4,0.1006,0.0264,0.0795,0,0.034,0.0129,0.6833,2025-11-17
NA,23.724360566,11163,Palatine,1,12833,38427998,0.5768562205,0.4722625617,10184,0,1,2,William Rainey Harper College,https://www.harpercollege.edu/index.php,48071,0,00396100,0.003,0.0101,0,0.0702,0.1958,0.3459,1,NA,NA,1,IL,8815,0.44,0.56,0.0346,0.0022,0.1296,0.0499,0.3202,0.0073,0.014,0.0056,0.4368,2025-11-17
0.5342,21.994571118,6622,Anderson,2,49098,40596000,0.5635179153,0.2316513761,27000,0,0,1,Anderson University,https://anderson.edu/,48899,0,00178500,0.1102,0.049,0.0041,0.1306,0.3587,1,3,57,1054,3,IN,1070,0.4916,0.5084,0.0589,0,0.0131,0.1084,0.071,0.0019,0.0084,0.0075,0.7308,2025-11-17
0.716,20.629952896,8181,Muncie,1,25134,240976230,0.5982266556,0.2772175946,23250,0,0,1,Ball State University,https://www.bsu.edu/,51833,0,00178600,0.117,0,0.0013,0.1816,0.3358,0.7813,3,NA,1172,3,IN,13770,0.3911,0.6089,0.0466,0.0014,0.0227,0.1012,0.0757,4e-4,0.0051,0.0166,0.7303,2025-11-17
0.9868,24.841352406,6332,Mishawaka,2,42276,10183492,0.6631989597,0.3245125348,25000,0,0,1,Bethel University,https://betheluniversity.edu/,48860,0,00178700,0.1255,0.0228,0.0304,0.1901,0.3522,1,3,87,1073,3,IN,1069,0.4238,0.5762,0.0402,0.0019,0.015,0.0524,0.0992,0.0028,0.0889,0.0037,0.696,2025-11-17
0.8587,19.714285714,9338,Indianapolis,2,64503,265591000,0.6011042098,0.1295116773,26000,0,0,1,Butler University,www.butler.edu/,77235,0,00178800,0.0728,0.0012,0.0153,0.3016,0.1378,1,3,NA,1282,3,IN,4383,0.4063,0.5937,0.0372,0.0011,0.0399,0.044,0.0682,0,0.0112,0.0064,0.7919,2025-11-17
NA,24.577720207,6071,Whiting,2,31758,4853582,0.5025906736,0.5182926829,21534,0,1,1,Calumet College of Saint Joseph,www.ccsj.edu/,46945,0,00183400,0.0472,0,0,0.2441,0.4849,0.359,3,30,NA,3,IN,560,0.6571,0.3429,0.0304,0.0054,0.0089,0.2857,0.3411,0,0.0446,0.0071,0.2768,2025-11-17
0.5406,19.544861338,10171,Greencastle,2,72560,719982432,0.5024469821,0.1635111876,27000,0,0,1,DePauw University,www.depauw.edu/,70527,0,00179200,0.029,0.0145,0.0174,0.0116,0.1575,0.8542,3,NA,1287,3,IN,1804,0.5044,0.4956,0.0261,0,0.0238,0.0576,0.0776,0,0.2278,0.0111,0.5759,2025-11-17
0.7422,19.548387097,8010,Richmond,2,64237,426217096,0.5752688172,0.2262569832,23488,0,0,1,Earlham College,https://earlham.edu/,50797,0,00179300,0,0,0.0143,0.1,0.25,0.9231,3,65,1250,3,IN,612,0.469,0.531,0.0376,0,0.0294,0.0703,0.0768,0.0016,0.1585,0.0049,0.6209,2025-11-17
0.7765,20.501925546,9110,Evansville,2,56068,156822698,0.6136071887,0.2745901639,24606,0,0,1,University of Evansville,https://www.evansville.edu/,53770,0,00179500,0.0838,0.0864,0.0183,0.1545,0.2296,0.9172,3,71,NA,3,IN,1477,0.3879,0.6121,0.0467,0.0014,0.0352,0.0454,0.0603,7e-4,0.0785,0.0081,0.7238,2025-11-17
0.7058,19.87283237,6893,Franklin,2,50708,87037997,0.4662813102,0.2937625755,27000,0,0,1,Franklin College,www.franklincollege.edu/,55376,0,00179800,0.0882,0.0059,0.0294,0.1176,0.385,0.7476,3,52,1119,3,IN,872,0.5344,0.4656,0.0401,0.0011,0.0149,0.0711,0.0573,0,0.0115,0.0069,0.797,2025-11-17
0.8894,23.461538462,6366,Goshen,2,47206,122498360,0.6706730769,0.3689839572,22974,0,1,1,Goshen College,www.goshen.edu/,51943,0,00179900,0.0724,0.0132,0.0132,0.1184,0.3738,0.5818,3,69,1049,3,IN,761,0.3693,0.6307,0.0276,0.0039,0.0223,0.053900000000000003,0.2812,0.0013,0.1156,0.0263,0.4678,2025-11-17
0.8078,22.888888889,7846,Winona Lake,2,40539,23802818,0.6288659794,0.2814009662,19500,0,0,1,Grace College and Theological Seminary,www.grace.edu/,45411,0,00180000,0.0997,0.0088,0,0.2111,0.2873,0.9839,3,28,1088,3,IN,1511,0.3931,0.6069,0.0265,7e-4,0.0179,0.0291,0.0702,0.002,0.0384,0.0093,0.8061,2025-11-17
0.8397,19.609053498,7990,Hanover,2,55798,159262743,0.5308641975,0.2532188841,25250,0,0,1,Hanover College,www.hanover.edu/,53957,0,00180100,0.0651,0.0465,0.014,0.1256,0.26,1,3,66,1197,3,IN,958,0.499,0.501,0.0553,0.0084,0.0073,0.0491,0.0313,0,0.047,0.0157,0.786,2025-11-17
0.7371,21.069078947,6622,Notre Dame,2,48808,16919739,0.4013157895,0.2881944444,24000,0,1,1,Holy Cross College,www.hcc-nd.edu/,50416,0,00726300,0.0536,0,0,0.2143,0.2897,0.4,3,30,1229,3,IN,533,0.6229,0.3771,0.0619,0.0038,0.0131,0.0582,0.2908,0,0.0507,0.0206,0.5009,2025-11-17
0.7115,21.992874109,7296,Huntington,2,40088,32017229,0.6627078385,0.3109452736,25576,0,0,1,Huntington University,www.huntington.edu/,46672,0,00180300,0.0725,0,0.0145,0.1304,0.2937,1,3,84,1124,3,IN,1016,0.3996,0.6004,0.0443,0.003,0.0148,0.0423,0.0581,0.002,0.0463,0.001,0.7884,2025-11-17
NA,25.871937395,6380,Indianapolis,1,13891,42979958,0.6276603525,0.4803693206,10727,0,0,2,Ivy Tech Community College,www.ivytech.edu/,37186,0,00991700,0.028,0.0025,0,0.1463,0.2306,0.341,1,NA,NA,1,IN,54926,0.4344,0.5656,0.0436,0.0057,0.0227,0.1515,0.0424,0.0024,0,0.0647,0.667,2025-11-17
0.8566,21.684561892,8545,Fort Wayne,1,19714,78129799,0.5872044506,0.3519736842,21500,0,0,1,Purdue University Fort Wayne,www.pfw.edu/,45872,0,00182800,0.0995,0.0672,0.0162,0.195,0.2305,0.9648,3,NA,1078,3,IN,5450,0.5222,0.4778,0.0431,0.0015,0.0556,0.0723,0.1068,4e-4,0.0266,0.002,0.6917,2025-11-17
0.8139,22.085192487,9341,Indianapolis,1,22216,2180644869,0.609940853,0.3508614903,20000,0,0,1,Indiana University-Indianapolis,https://indianapolis.iu.edu/,55198,0,00181300,0.0363,0.0604,0.0049,0.1711,0.3627,0.5079,3,NA,1146,3,IN,16582,0.4021,0.5979,0.0593,7e-4,0.0727,0.1105,0.1408,2e-4,0.0218,0.0036,0.5905,2025-11-17
0.7276,21.897593204,8085,Indianapolis,2,48674,123277355,0.6753185465,0.3181126332,26864,0,0,1,University of Indianapolis,https://uindy.edu/,53610,0,00180400,0.0566,0.0316,0.0033,0.235,0.3596,1,3,71,NA,3,IN,3147,0.394,0.606,0.0362,0.001,0.0407,0.1439,0.0991,3e-4,0.0823,0.0187,0.5777,2025-11-17
0.5689,30.794661863,9170,Fort Wayne,2,43490,64392793,0.6610447028,0.5330149502,26391,0,0,1,Indiana Institute of Technology,www.indianatech.edu/,47327,0,00180500,0.0087,0.2227,0,0.3231,0.3383,1,3,NA,NA,3,IN,1361,0.6025,0.3975,0.0375,0.0037,0.025,0.1492,0.0625,0.0015,0.0999,0.1293,0.4916,2025-11-17
0.9465,21.177040517,7949,Evansville,1,20749,127727513,0.6409277745,0.354708798,20105,0,0,1,University of Southern Indiana,www.usi.edu/,47605,0,00180800,0.0529,0.0413,0.0094,0.1803,0.2228,1,3,NA,1131,3,IN,5344,0.375,0.625,0.0382,0.0015,0.0206,0.0361,0.0492,2e-4,0.0157,0.003,0.8355,2025-11-17
0.915,22.284472673,7984,Terre Haute,1,23475,73552657,0.5856593682,0.3619030325,24000,0,0,1,Indiana State University,https://indianastate.edu/,48387,0,00180700,0.074,0.0056,0.0069,0.2108,0.3905,0.7213,3,NA,NA,3,IN,6620,0.4353,0.5647,0.0464,0.002,0.0145,0.169,0.0718,0.0011,0.0113,0.0068,0.6772,2025-11-17
0.8469,24.432778489,6917,Kokomo,1,13351,11793240,0.6779769526,0.4026243094,16961,0,0,1,Indiana University-Kokomo,https://kokomo.iu.edu/,49917,0,00181400,0.0899,0,0.0037,0.2073,0.3469,0.569,3,NA,1063,3,IN,2308,0.3419,0.6581,0.0472,9e-4,0.0108,0.0498,0.1083,0,0.0082,0.0035,0.7712,2025-11-17
0.8599,22.313692946,6863,South Bend,1,15984,34793837,0.6282157676,0.4102216192,21355,0,0,1,Indiana University-South Bend,https://southbend.iu.edu/,44947,0,00181600,0.0882,0,0.0015,0.2033,0.4117,0.5973,3,NA,1072,3,IN,3807,0.3515,0.6485,0.0559,0.0013,0.0205,0.083,0.2185,3e-4,0.0147,0.0045,0.6013,2025-11-17
0.8037,19.985051316,11599,Bloomington,1,27361,1669099260,0.5315707274,0.2211493718,19509,0,0,1,Indiana University-Bloomington,https://bloomington.iu.edu/,63742,0,00180900,0.037,0.004,0.0068,0.3354,0.1669,0.8449,3,NA,1308,3,IN,36571,0.5023,0.4977,0.0553,3e-4,0.0994,0.0415,0.0841,3e-4,0.0475,0.0053,0.6663,2025-11-17
0.767,23.533370412,7392,Gary,1,13371,17562589,0.7057842047,0.4537660747,21710,0,1,1,Indiana University-Northwest,https://northwest.iu.edu/,43361,0,00181500,0.0424,0,0.0018,0.1466,0.4255,0.4716,3,NA,1067,3,IN,2582,0.2657,0.7343,0.0438,8e-4,0.0298,0.1692,0.3017,0,0.0015,0.0035,0.4497,2025-11-17
0.8312,22.978371501,7612,New Albany,1,15313,27213540,0.6458863444,0.4091116173,19684,0,0,1,Indiana University-Southeast,https://southeast.iu.edu/,47596,0,00181700,0.0961,0,0.0013,0.2013,0.3381,0.4888,3,NA,1097,3,IN,3088,0.3815,0.6185,0.0447,0.001,0.0207,0.0609,0.0609,0,0.0029,0.0052,0.8038,2025-11-17
0.7124,26.242600116,7651,Richmond,1,16756,9359376,0.6784677887,0.4462962963,18000,0,0,1,Indiana University-East,https://east.iu.edu/,47156,0,00181100,0.0529,0,0.126,0.1944,0.3378,0.4471,3,NA,1135,3,IN,2446,0.3401,0.6599,0.0487,4e-4,0.0262,0.0613,0.0687,0.0012,0.0188,0.0237,0.751,2025-11-17
0.913,19.79076087,7946,North Manchester,2,48321,72815030,0.5366847826,0.3366906475,26854,0,0,1,Manchester University,https://www.manchester.edu/,51504,0,00182000,0.1005,0.0302,0.0101,0.1658,0.4374,0.7259,3,58,NA,3,IN,895,0.524,0.476,0.0458,0.0045,0.0034,0.0704,0.0872,0,0.0056,0.2425,0.5408,2025-11-17
0.9534,25.187637969,7804,Indianapolis,2,52691,90375206,0.6651949963,0.2917647059,27000,0,0,1,Marian University,www.marian.edu/,58759,0,00182100,0.0535,0.0089,0.0045,0.1248,0.2305,0.3074,3,30,NA,3,IN,2336,0.3964,0.6036,0.0479,0.0017,0.0283,0.1764,0.131,9e-4,0.0274,0.024,0.5625,2025-11-17
0.8221,31.507453875,7889,Marion,2,42951,229901930,0.7298892989,0.4741139964,24250,0,0,1,Indiana Wesleyan University-Marion,https://www.indwes.edu/,59986,0,00182200,0.1021,0,0.0069,0.1419,0.2549,1,3,89,1074,3,IN,1927,0.3736,0.6264,0.0239,0.0026,0.0259,0.0493,0.0483,5e-4,0.013,0.0114,0.8251,2025-11-17
NA,33.711627907,5851,Indianapolis,2,25074,NA,0.6976744186,0.5341614907,42002,0,0,1,Martin University,www.martin.edu/,22544,0,02140800,0.3077,0,0,0.2308,0.6554,0.6667,3,NA,NA,3,IN,164,0.2988,0.7012,0.0183,0,0.0122,0.8293,0.0305,0,0,0.0976,0.0122,2025-11-17
NA,27.052631579,7095,Jeffersonville,2,30379,NA,0.6947368421,PS,16666,0,0,1,Mid-America College of Funeral Service,www.mid-america.edu/,44505,0,01061800,0,0,0,0,0.559,0.3333,2,NA,NA,2,IN,337,0.276,0.724,0.0386,0.003,0,0.1395,0.0178,0,0,0.0148,0.7864,2025-11-17
0.1238,19.509220702,16610,Notre Dame,2,80211,17101110000,0.4604402142,0.1023765996,19000,0,0,1,University of Notre Dame,www.nd.edu/,99980,0,00184000,0,0.1378,0.0329,0.2539,0.1247,0.8696,3,30,1510,3,IN,8923,0.5125,0.4875,0.056,0.0017,0.0591,0.0462,0.1357,0.0017,0.067,0.0187,0.6139,2025-11-17
0.6821,26.90397351,6402,Oakland City,2,39307,11034282,0.5695364238,0.4416058394,16758,0,0,1,Oakland City University,www.oak.edu/,43283,0,00182400,0.129,0,0,0.3172,0.3185,0.1859,3,105,NA,3,IN,470,0.666,0.334,0.0574,0.0085,0.0064,0.1638,0.0532,0,0.1213,0.0362,0.5532,2025-11-17
0.7281,19.576736672,11688,Terre Haute,2,74226,250558322,0.2859450727,0.1438016529,25000,0,0,1,Rose-Hulman Institute of Technology,https://www.rose-hulman.edu/,101253,0,00183000,0,0.7787,0.016,0,0.1171,0.9423,3,NA,1389,3,IN,2224,0.759,0.241,0.0612,0.0031,0.0751,0.0337,0.0513,0,0.071,0.009,0.6956,2025-11-17
0.9756,23.734693878,7064,Fort Wayne,2,45228,33875041,0.7222715173,0.3594339623,25976,0,0,1,University of Saint Francis-Fort Wayne,https://www.sf.edu/,55362,0,00183200,0.0209,0,0,0.0864,0.427,1,3,30,1040,3,IN,1599,0.3221,0.6779,0.0375,0.0069,0.0113,0.0938,0.1213,0.0013,0.025,0.1144,0.5885,2025-11-17
0.7614,28.53286385,5334,Saint Mary of the Woods,2,47143,11035079,0.9131455399,0.3964646465,19512,0,0,1,Saint Mary-of-the-Woods College,www.smwc.edu/,43845,0,00183500,0.3313,0,0.0063,0.1625,0.5055,0.2804,3,30,966,3,IN,896,0.2969,0.7031,0.048,0.0022,0.01,0.096,0.067,0.0033,0.0268,0.0156,0.731,2025-11-17
0.8111,19.507389163,7766,Notre Dame,2,65706,330806222,PS,0.1979865772,27000,0,0,1,Saint Mary's College,https://www.saintmarys.edu/,59354,0,00183600,0.0798,0,0.0552,0.1472,0.239,0.6883,3,30,1233,3,IN,1399,0,1,0.0336,0,0.0107,0.0229,0.1408,0.0014,0.01,0.0114,0.7691,2025-11-17
1,25.428571429,NA,Lafayette,2,34606,NA,PS,PS,26213,0,0,2,Saint Elizabeth School of Nursing,https://www.steson.org/,65230,0,00625700,0,0,0,0,0.5347,NA,1,30,1020,1,IN,131,0.0611,0.9389,0.0305,0.0076,0.0153,0.0382,0.0611,0,0,0,0.8473,2025-11-17
0.7611,21.148703956,7497,Upland,2,51879,117969612,0.6016371078,0.1456582633,20500,0,0,1,Taylor University,https://www.taylor.edu/,52198,0,00183800,0.1368,0.0401,0.0047,0.1415,0.1312,0.6087,3,42,1232,3,IN,1890,0.4619,0.5381,0.036,0.0011,0.0328,0.0249,0.0455,0.0011,0.045,0.0175,0.7963,2025-11-17
0.8469,23.029746282,8065,Angola,2,50004,31533686,0.3919510061,0.3215613383,25000,0,0,1,Trine University,www.trine.edu/,57165,0,00183900,0.0818,0.2834,0.02,0.1178,0.1555,0.2397,3,NA,NA,3,IN,2344,0.6293,0.3707,0.0205,0.0021,0.0158,0.0448,0.0371,4e-4,0.0162,0.026,0.837,2025-11-17
0.9222,20.731313131,8018,Valparaiso,2,57393,326748000,0.571043771,0.2881355932,26942,0,0,1,Valparaiso University,https://www.valpo.edu/,63191,0,00184200,0.0388,0.1489,0.0032,0.1197,0.2593,0.6982,3,67,1226,3,IN,2229,0.4217,0.5783,0.0386,9e-4,0.0341,0.0637,0.1144,4e-4,0.0444,0.0148,0.6886,2025-11-17
NA,22.58859515,6188,Vincennes,1,19446,63275636,0.4518243391,0.4161235819,12000,0,0,1,Vincennes University,https://www.vinu.edu/,41110,0,00184300,0.0138,0.0048,0,0.0299,0.0935,0.2175,2,NA,NA,2,IN,3739,0.5189,0.4811,0.0265,0.0024,0.012,0.0746,0.0859,0.0021,0.0227,0.0321,0.7416,2025-11-17
0.6278,19.569321534,9318,Crawfordsville,2,62750,385199753,PS,PS,27000,0,0,1,Wabash College,www.wabash.edu/,69952,0,00184400,0,0,0.08,0,0.2251,0.9504,3,NA,1210,3,IN,845,1,0,0.0402,0,0.0178,0.0414,0.1183,0,0.0462,0.0095,0.7266,2025-11-17
NA,24.619230769,7886,Waterloo,2,NA,9850563,0.8846153846,PS,18750,0,0,1,Allen College,www.allencollege.edu/,71261,0,03069100,0,0,0,0,0.2662,0.5696,3,NA,NA,3,IA,279,0.0824,0.9176,0.0179,0.0036,0.0287,0.0108,0.0287,0.0072,0.0036,0.1254,0.7742,2025-11-17
NA,23.880503145,7069,Sioux City,2,49693,21130677,0.570754717,0.3641207815,23250,0,0,1,Briar Cliff University,www.briarcliff.edu/,54475,0,00184600,0.0459,0,0.0275,0.1651,0.295,0.6344,3,30,NA,3,IA,626,0.5128,0.4872,0.0495,0.0096,0.0064,0.0719,0.1613,0.0016,0.1198,0.0064,0.5735,2025-11-17
0.7176,26.973604827,6784,Storm Lake,2,52490,150992944,0.6892911011,0.352553542,25000,0,0,1,Buena Vista University,https://www.bvu.edu/,49156,0,00184700,0.3178,0,0.0052,0.2041,0.4254,0.3302,3,66,1090,3,IA,1378,0.3483,0.6517,0.0189,0.0065,0.0073,0.0298,0.1219,0.0022,0.0065,0.0203,0.7866,2025-11-17
0.7897,19.704152249,7695,Pella,2,35177,97697890,0.4896193772,0.214801444,26984,0,0,1,Central College,www.central.edu/,54317,0,00185000,0.0868,0.0274,0.0137,0.2237,0.2139,0.8598,3,49,1115,3,IA,1062,0.5358,0.4642,0.0311,9e-4,0.0085,0.0179,0.0433,0,0.0019,0.0226,0.8738,2025-11-17
0.6816,20.838164251,6649,Dubuque,2,52899,31325938,0.6086956522,0.2935064935,26717,0,0,1,Clarke University,www.clarke.edu/,55396,0,00185200,0.1042,0,0,0.1806,0.3592,0.7,3,30,1060,3,IA,782,0.5307,0.4693,0.0345,0.0026,0.0166,0.1355,0.1151,0.0038,0.1036,0.0524,0.5358,2025-11-17
0.7067,19.762463343,6988,Cedar Rapids,2,64682,103235111,0.5747800587,0.2352024922,27000,0,0,1,Coe College,www.coe.edu/,57125,0,00185400,0.048,0,0.012,0.208,0.3568,1,3,66,1206,3,IA,1246,0.4896,0.5104,0.0209,8e-4,0.0225,0.1019,0.1252,0.0032,0.049,0.049,0.6276,2025-11-17
0.8066,19.768539326,7938,Mount Vernon,2,64336,82014619,0.4674157303,0.195754717,27000,0,0,1,Cornell College,https://www.cornellcollege.edu/,53460,0,00185600,0.0324,0.0649,0.0216,0.1784,0.2896,1,3,71,1246,3,IA,1074,0.5363,0.4637,0.0093,0.0112,0.0307,0.081,0.1034,0.0028,0.0289,0.0177,0.7151,2025-11-17
NA,23.764594338,8074,Ankeny,1,15664,6661025,0.547203034,0.368889583,11000,0,0,2,Des Moines Area Community College,https://www.dmacc.edu/,41018,0,00712000,0.0087,8e-4,6e-4,0.0606,0.1606,0.9973,1,NA,NA,2,IA,10406,0.4149,0.5851,0.0365,0.0036,0.0419,0.0973,0.1069,0.0011,0.0073,0.0308,0.6748,2025-11-17
0.7116,19.691756272,7100,Sioux Center,2,49722,59142707,0.482078853,0.1224862888,21500,0,0,1,Dordt University,https://www.dordt.edu/,52559,0,00185900,0.1395,0.125,0,0.1715,0.1827,0.5833,3,35,1175,3,IA,1547,0.51,0.49,0.0175,6e-4,0.0097,0.0052,0.0265,0.0013,0.0983,0.0375,0.8035,2025-11-17
0.6413,20.228222997,10201,Des Moines,2,62407,245420135,0.6097560976,0.1530054645,23000,0,0,1,Drake University,www.drake.edu/,71901,0,00186000,0.0418,0,0.0084,0.2577,0.2095,0.6813,3,NA,1288,3,IA,2669,0.3994,0.6006,0.054,0.0011,0.0491,0.0686,0.0783,0.0011,0.0382,0.0041,0.7055,2025-11-17
0.8692,22.243267504,8193,Dubuque,2,51060,229372702,0.4245960503,0.3612204724,25750,0,0,1,University of Dubuque,www.dbq.edu/,51190,0,00189100,0.0464,0,0.0033,0.1921,0.4037,1,3,66,1119,3,IA,1473,0.5927,0.4073,0.0122,0.0041,0.0115,0.0957,0.055,0.0034,0.0319,0.0855,0.7006,2025-11-17
NA,21.147566719,7553,Iowa Falls,1,17157,NA,0.409733124,0.3151408451,10000,0,0,2,Ellsworth Community College,https://ecc.iavalley.edu/,40562,0,00186200,0.0378,0,0,0.0541,0.3505,1,2,NA,NA,2,IA,540,0.5167,0.4833,0.0611,0.0019,0.0037,0.1593,0.0852,0.0019,0.0574,0.0074,0.6222,2025-11-17
0.977,20.652542373,5126,Dubuque,2,30198,1533465,0.5593220339,PS,15750,0,0,1,Emmaus Bible College,https://www.emmaus.edu/,42631,0,02328900,0.0732,0,0,0.0854,0.4029,0.6316,1,107,1109,1,IA,183,0.4645,0.5355,0.0383,0.0109,0.0219,0.0383,0.0492,0.0055,0.0273,0.071,0.7377,2025-11-17
NA,25.328896104,6359,Davenport,1,14499,NA,0.6269480519,0.4479010495,12739,0,0,2,Eastern Iowa Community College District,www.eicc.edu/,39060,0,00407500,0.0099,0,0,0.0846,0.2249,1,2,NA,NA,2,IA,3244,0.3308,0.6692,0.0543,0.0018,0.0148,0.1205,0.1356,9e-4,3e-4,0.0123,0.6594,2025-11-17
0.4968,20.168067227,5672,Ankeny,2,30354,4292585,0.5714285714,PS,12971,0,0,1,Faith Baptist Bible College and Theological Seminary,https://faith.edu/,40650,0,00712100,0.1167,0,0,0.2333,0.374,0.4167,3,54,1088,3,IA,371,0.4744,0.5256,0.0323,0.0027,0.0162,0.0081,0.0458,0.0027,0.0404,0.0135,0.8383,2025-11-17
0.8322,23.819830713,6845,Lamoni,2,46850,58079158,0.5477629988,0.3758212878,21212,0,0,1,Graceland University-Lamoni,www.graceland.edu/,47361,0,00186600,0.0637,0,0.0147,0.1863,0.4516,1,3,99,NA,3,IA,901,0.6004,0.3996,0.0522,0.0044,0.0078,0.1853,0.1343,0.0133,0.1276,0.0322,0.4428,2025-11-17
0.9838,23.199255121,8618,Des Moines,2,46188,32818661,0.5456238361,0.3602040816,22500,0,0,1,Grand View University,www.grandview.edu/,52824,0,00186700,0.0667,0,0.0077,0.2231,0.3811,0.4973,3,39,NA,3,IA,1472,0.4735,0.5265,0.0428,0.0061,0.0401,0.0999,0.1236,0.0014,0.0346,0.0815,0.57,2025-11-17
0.1268,19.444186047,12177,Grinnell,2,79228,2484419000,0.5348837209,0.1756097561,17500,0,0,1,Grinnell College,www.grinnell.edu/,62830,0,00186800,0,0,0.0385,0,0.1688,0.8,3,NA,1486,3,IA,1705,0.4587,0.5413,0.0563,6e-4,0.0839,0.0499,0.0827,0,0.1924,0.017,0.5173,2025-11-17
NA,23.773338456,6020,Waterloo,1,15065,3929090,0.5343834038,0.3601875533,12000,0,0,2,Hawkeye Community College,www.hawkeyecollege.edu/,42849,0,00459500,0.0156,0,0,0.0624,0.2191,0.9386,2,NA,NA,2,IA,2528,0.4122,0.5878,0.0487,0.0047,0.0198,0.1044,0.0653,0.0047,0.0206,0.0075,0.7243,2025-11-17
NA,24.345714286,6160,Ottumwa,1,14774,3185761,0.509047619,0.4116702355,10500,0,0,2,Indian Hills Community College,https://www.indianhills.edu/,40507,0,00840300,0.0271,0,0,0.0515,0.2234,0.4598,2,NA,NA,2,IA,1635,0.4734,0.5266,0.0446,0.0024,0.019,0.0826,0.0972,0.0043,0.0734,0.0098,0.6667,2025-11-17
NA,24.510174835,8435,Fort Dodge,1,15405,6192856,0.4674691889,0.4016949153,11000,0,0,2,Iowa Central Community College,www.iowacentral.edu/,42046,0,00186500,0.009,0.0016,0,0.0556,0.3124,1,2,NA,NA,2,IA,3107,0.4715,0.5285,0.0772,0.0061,0.0122,0.1217,0.112,0.0013,0.0286,0.0653,0.5755,2025-11-17
NA,22.824524313,6342,Estherville,1,17834,8220217,0.4926004228,0.366745283,12000,0,0,2,Iowa Lakes Community College,www.iowalakes.edu/,43108,0,00186400,0,0,0,0.0912,0.204,0.9851,2,NA,NA,2,IA,995,0.5337,0.4663,0.0121,0.004,0.0171,0.0412,0.0794,0.004,0.0714,0.0191,0.7518,2025-11-17
0.8913,20.504553187,12403,Ames,1,23309,1407463791,0.4624236966,0.1991840151,22869,0,0,1,Iowa State University,https://www.iastate.edu/,63386,0,00186900,0.0491,0.2201,0.0118,0.182,0.1846,0.8504,3,NA,1199,3,IA,25033,0.5559,0.4441,0.0312,0.0012,0.0439,0.0262,0.072,6e-4,0.033,0.0213,0.7707,2025-11-17
NA,23.244066803,6194,Council Bluffs,1,18102,19581104,0.5399941401,0.4247491639,11033,0,0,2,Iowa Western Community College,www.iwcc.edu/,42793,0,00459800,0.0176,8e-4,0,0.0444,0.2591,0.2735,2,NA,NA,2,IA,3029,0.4417,0.5583,0.0423,0.0102,0.0132,0.1456,0.1202,0.002,0.0423,0.0291,0.5952,2025-11-17
0.8467,20.972824045,12956,Iowa City,1,26883,3053761000,0.5623043206,0.2231285357,22500,0,0,1,University of Iowa,https://uiowa.edu/,64762,0,00189200,0.034,0.0824,0.0181,0.2328,0.1775,0.8747,3,NA,1220,3,IA,21691,0.4377,0.5623,0.0384,0.0012,0.0465,0.0292,0.0915,6e-4,0.0155,0.0318,0.7452,2025-11-17
NA,24.333333333,7505,Cedar Rapids,1,14797,37633298,0.5326411829,0.386761488,12000,0,0,2,Kirkwood Community College,www.kirkwood.edu/,41016,0,00407600,0,8e-4,0,0.137,0.2363,1,2,NA,NA,2,IA,7438,0.4191,0.5809,0.0333,0.0044,0.0163,0.1468,0.0758,0.0013,0.0261,0.0415,0.6543,2025-11-17
0.9183,19.945288754,6845,Dubuque,2,48380,53469186,0.4635258359,0.1727416799,26000,0,0,1,Loras College,www.loras.edu/,58289,0,00187300,0.0439,0.0574,0.0203,0.223,0.2527,0.7273,3,30,NA,3,IA,1087,0.5961,0.4039,0.0248,0,0.011,0.0442,0.0856,9e-4,0.0451,0.046,0.7424,2025-11-17
0.7327,19.512135922,8160,Decorah,2,62845,195931642,0.5242718447,0.1284634761,27000,0,0,1,Luther College,https://www.luther.edu/,59850,0,00187400,0.0339,0,0.0235,0.094,0.1925,0.8034,3,39,1238,3,IA,1454,0.4629,0.5371,0.0041,0.0062,0.0158,0.0358,0.0653,0.0034,0.1265,0.0089,0.7338,2025-11-17
0.969,28.735632184,3713,Fairfield,2,28730,11627000,0.5287356322,0.3376623377,24781,0,0,1,Maharishi International University,https://www.miu.edu/,27981,0,01111300,0,0,0.0064,0.2821,0.5521,0.9367,3,NA,NA,3,IA,774,0.2235,0.7765,0.0517,0.0103,0.0207,0.0969,0.1021,0.0026,0.0168,0.2519,0.447,2025-11-17
NA,23.821382008,7734,Marshalltown,1,13993,NA,0.5880052151,0.4500792393,9500,0,1,2,Marshalltown Community College,https://mcc.iavalley.edu/,41010,0,00187500,0.0097,0,0,0.0218,0.211,1,1,NA,NA,2,IA,868,0.4482,0.5518,0.0173,0.0253,0.0369,0.0507,0.2972,0,0.0887,0.015,0.4689,2025-11-17
0.9878,26.433275563,5902,Des Moines,2,30844,9804093,0.863084922,0.3460803059,14745,0,0,1,Mercy College of Health Sciences,https://www.mchs.edu/,62234,0,00627300,0,0,0,0,0.3388,0.4085,3,30,NA,3,IA,905,0.1481,0.8519,0.0077,0.0088,0.0519,0.126,0.1127,0.0022,0,0.0133,0.6773,2025-11-17
0.7057,22.422330097,7288,Sioux City,2,50429,59589258,0.5776699029,0.2346153846,26028,0,0,1,Morningside University,https://www.morningside.edu/,55494,0,00187900,0.1774,0,0.004,0.2702,0.3153,1,3,71,910,3,IA,1166,0.4854,0.5146,0.0309,0.006,0.012,0.0403,0.0901,9e-4,0.0935,0.1458,0.5806,2025-11-17
0.7876,24.95862069,6542,Cedar Rapids,2,52436,34358994,0.7172413793,0.2881987578,23699,0,0,1,Mount Mercy University,www.mtmercy.edu/,60787,0,00188000,0.1195,0,0.0031,0.2547,0.2589,1,3,30,1120,3,IA,1135,0.3709,0.6291,0.1436,0,0.0194,0.0344,0.0273,0,0.1004,0.0344,0.6405,2025-11-17
NA,22.258090615,7476,Mason City,1,15161,35326591,0.5436893204,0.311790393,9500,0,0,2,North Iowa Area Community College,www.niacc.edu/,43462,0,00187700,0.0672,0,0,0.0728,0.2356,1,2,NA,NA,2,IA,1271,0.4603,0.5397,0.0417,0.0039,0.0063,0.0535,0.0983,0.0016,0.0275,0.0024,0.7648,2025-11-17
0.944,20.983534323,8608,Cedar Falls,1,21627,167662993,0.5950834879,0.2248966691,19691,0,0,1,University of Northern Iowa,https://www.uni.edu/,55177,0,00189000,0.259,0,0.0166,0.2028,0.238,0.7512,3,NA,1120,3,IA,7599,0.3765,0.6235,0.029,0.0016,0.0161,0.0312,0.0611,7e-4,0.0108,0.0146,0.8351,2025-11-17
0.8701,20.498942918,7550,Orange City,2,48447,63190062,0.5496828753,0.1347826087,23249,0,0,1,Northwestern College,https://www.nwciowa.edu/,49802,0,00188300,0.1377,0,0.0162,0.2591,0.2274,1,3,49,NA,3,IA,1125,0.4738,0.5262,0.0107,9e-4,0.0116,0.0196,0.064,9e-4,0.0427,0.0658,0.784,2025-11-17
NA,23.739393939,6514,Calmar,1,16720,3969425,0.6048484848,0.3688362919,12000,0,0,2,Northeast Iowa Community College,https://www.nicc.edu/,41306,0,00458700,0.0047,0,0,0.0868,0.2267,0.4355,2,NA,NA,2,IA,1736,0.3381,0.6619,0.0127,0.0012,0.0092,0.0582,0.0541,0.004,6e-4,0.038,0.822,2025-11-17
NA,23.077272727,6288,Sheldon,1,17914,4858269,0.5,0.3539967374,9500,0,0,2,Northwest Iowa Community College,www.nwicc.edu/,50776,0,00460000,0,0,0,0.0705,0.1464,1,2,NA,NA,2,IA,856,0.4836,0.5164,0.0222,0.0035,0.014,0.0607,0.1028,0,0,0.0117,0.785,2025-11-17
0.7332,21.556377079,7725,Davenport,2,50018,194047309,0.595194085,0.284457478,25000,0,0,1,Saint Ambrose University,www.sau.edu/,59531,0,00188900,0.0812,0.0325,0.0036,0.222,0.279,1,3,30,NA,3,IA,2101,0.4465,0.5535,0.0462,0.0029,0.0195,0.0676,0.1076,0.0024,0.0281,0.0371,0.6887,2025-11-17
0.4444,25.917293233,6653,Sioux City,2,27391,1249010,0.9248120301,0.3603603604,15000,0,0,1,St Luke's College,www.stlukescollege.edu/,61033,0,00729100,0,0,0,0,0.4643,0.6098,2,79,980,2,IA,192,0.0677,0.9323,0.0521,0.0313,0.0052,0.0677,0.1771,0.0052,0,0.0052,0.6563,2025-11-17
0.8888,21.538666667,6901,Indianola,2,58937,87868760,0.552,0.2335664336,26000,0,0,1,Simpson College,simpson.edu/,59274,0,00188700,0.0906,0,0.0075,0.1849,0.3265,0.5064,3,71,1410,3,IA,1130,0.4699,0.5301,0.0407,0.0027,0.0195,0.0354,0.1115,9e-4,0.0221,0.0097,0.7575,2025-11-17
NA,24.411037891,7625,West Burlington,1,16582,7198858,0.5939044481,0.4366972477,12000,0,0,2,Southeastern Community College,www.scciowa.edu/,36882,0,00184800,0.0688,0,0.001,0.0586,0.2687,1,1,NA,NA,2,IA,1529,0.3905,0.6095,0.0399,0.0078,0.0137,0.0674,0.0628,0,0.0569,0.1177,0.6337,2025-11-17
NA,22.591139241,5579,Creston,1,16399,2766612,0.5455696203,0.3856942496,10975,0,0,2,Southwestern Community College,www.swcciowa.edu/,40129,0,00185700,0.0273,0,0,0.0371,0.2385,0.4382,2,NA,NA,2,IA,774,0.3773,0.6227,0.0258,0.0052,0.0039,0.0491,0.0607,0,0.0375,0.0013,0.8165,2025-11-17
0.9338,29.547437673,6309,Fayette,2,48422,19769502,0.6772853186,0.4507973551,25000,0,0,1,Upper Iowa University,https://www.uiu.edu/,52766,0,00189300,0.071,0.0029,0,0.3594,0.3252,1,3,NA,929,3,IA,2021,0.4245,0.5755,0.0332,0.0049,0.0193,0.1653,0.0861,0.004,0.0416,0.0332,0.6126,2025-11-17
0.9941,19.628834356,7111,Waverly,2,61832,94173822,0.5414110429,0.1735015773,27000,0,0,1,Wartburg College,https://www.wartburg.edu/,56201,0,00189600,0.1385,0.0431,0.0154,0.16,0.2147,1,3,39,1136,3,IA,1446,0.518,0.482,0.0304,0.0021,0.0048,0.045,0.0429,7e-4,0.053900000000000003,0.0159,0.8043,2025-11-17
NA,24.228936921,6797,Sioux City,1,14300,3275205,0.5544772828,0.4493506494,11000,0,1,2,Western Iowa Tech Community College,https://www.witcc.edu/,40473,0,00731600,0.0605,0,6e-4,0.0611,0.2526,0.2397,1,NA,NA,1,IA,2589,0.3677,0.6323,0.0413,0.0154,0.0178,0.068,0.2294,8e-4,0.0912,0.0182,0.518,2025-11-17
0.5701,22.81292517,6383,Oskaloosa,2,40749,7403742,0.4115646259,0.3829516539,22415,0,0,1,William Penn University,https://www.wmpenn.edu/,48936,0,00190000,0.2981,0.0151,0,0.1925,0.4558,1,3,65,996,3,IA,1391,0.5119,0.4881,0.0575,0.0108,0.005,0.1761,0.1006,0.0101,0.059,0.0259,0.555,2025-11-17
NA,23.511189635,6470,Iola,1,13072,6973949,0.6336866902,0.4712950601,6954,0,0,2,Allen County Community College,https://www.allencc.edu/,40059,0,00190100,0,0,0,0.0411,0.172,0.2294,2,NA,NA,2,KS,761,0.3942,0.6058,0.0302,0.0131,0.0197,0.0618,0.1327,0,0.1051,0.0053,0.6321,2025-11-17
0.921,25.493718593,6838,Baldwin City,2,48117,49600633,0.5992462312,0.3628922237,25000,0,0,1,Baker University,https://www.bakeru.edu/,63855,0,00190300,0.0687,0,0.0103,0.2955,0.2386,0.2327,3,71,950,3,KS,1080,0.4806,0.5194,0.0389,0.0157,0.012,0.113,0.112,0.0019,0.0306,0.0241,0.6519,2025-11-17
NA,24.812096774,6363,Great Bend,1,17048,10223559,0.5967741935,0.4631675875,9501,0,0,2,Barton County Community College,https://www.bartonccc.edu/,40428,0,00460800,0.0153,0.0022,0.0022,0.0372,0.1836,0.9672,2,NA,NA,2,KS,2273,0.4373,0.5627,0.0669,0.0136,0.0211,0.139,0.1214,0.0101,0.0585,0.0053,0.564,2025-11-17
0.7645,19.746514575,8032,Atchison,2,50820,41986243,0.4980988593,0.1496062992,24599,0,0,1,Benedictine College,www.benedictine.edu/,53175,0,01025600,0.064,0.0735,0.019,0.1848,0.1621,0.9855,3,30,1244,3,KS,2236,0.4991,0.5009,0.0371,0.0036,0.0152,0.0246,0.131,0.0018,0.0098,0.0268,0.75,2025-11-17
0.786,20.542797495,4620,Lindsborg,2,52396,11395817,0.3402922756,0.3325842697,23250,0,0,1,Bethany College,https://www.bethanylb.edu/,49694,0,00190400,0.1462,0,0,0.2385,0.4328,1,3,39,NA,3,KS,583,0.5918,0.4082,0.0429,0.0154,0.0154,0.2007,0.199,0.0051,0.0583,0,0.4631,2025-11-17
0.957,21.301204819,6038,North Newton,2,47672,27577842,0.4728915663,0.3440514469,24000,0,0,1,Bethel College-North Newton,www.bethelks.edu/,49898,0,00190500,0.0843,0,0.0241,0.2289,0.3879,0.5902,3,99,NA,3,KS,499,0.5411,0.4589,0,0.0481,0.016,0.1683,0.1683,0.006,0.0421,0.02,0.5311,2025-11-17
NA,23.939365888,6493,El Dorado,1,20278,12605601,0.5963897246,0.4160719006,10500,0,0,2,Butler Community College,www.butlercc.edu/,41206,0,00190600,0.0475,0.0151,8e-4,0.0942,0.3075,1,2,NA,NA,2,KS,5694,0.3829,0.6171,0,0.0091,0.0427,0.094,0.1588,0.0021,0.03,0.0825,0.5808,2025-11-17
NA,32.17673716,4168,McPherson,2,32495,5215433,0.4773413897,0.4761029412,27000,0,1,1,Central Christian College of Kansas,https://www.centralchristian.edu/,44468,0,00190800,0.0248,0,0.0083,0.2397,0.4311,0.2133,3,64,NA,3,KS,394,0.5279,0.4721,0.0508,0.0254,0.0178,0.1294,0.2411,0.0051,0.0178,0.0355,0.4772,2025-11-17
NA,23.725490196,5216,Concordia,1,16432,10557247,0.6251441753,0.4028132992,8000,0,0,2,Cloud County Community College,https://www.cloud.edu/,39883,0,00190900,0,0,0,0,0.215,0.3577,1,NA,NA,2,KS,807,0.3916,0.6084,0.0595,0.0025,0.0087,0.0991,0.0905,0.0012,0.0905,0.0359,0.6121,2025-11-17
NA,21.401700319,5414,Coffeyville,1,11727,12495297,0.3761955367,0.4339393939,8103,0,0,2,Coffeyville Community College,www.coffeyville.edu/,35246,0,00191000,0,0,0,0,0.3175,0.6061,2,NA,NA,2,KS,870,0.6,0.4,0.1,0.0471,0.0023,0.2609,0.0977,0,0.0483,0.0483,0.3954,2025-11-17
NA,23.868333333,5680,Colby,1,12705,7415607,0.7433333333,0.4032846715,8908,0,0,2,Colby Community College,www.colbycc.edu/,41889,0,00191100,0.0351,0,0,0.0299,0.229,0.8837,1,NA,NA,2,KS,837,0.2772,0.7228,0.0299,0.0084,0.0048,0.0382,0.0406,0.0048,0.086,0.0789,0.7085,2025-11-17
NA,24.18816866,5396,Arkansas City,1,12773,NA,0.5984896161,0.4041937816,8000,0,0,2,Cowley County Community College,www.cowley.edu/,37723,0,00190200,0,0,0,0.0022,0.352,1,1,NA,NA,2,KS,1548,0.3973,0.6027,0.0672,0.0233,0.0097,0.0652,0.1292,0.0039,0.082,0.0097,0.6098,2025-11-17
NA,21.794007491,6209,Dodge City,1,10039,2625477,0.4144818976,0.486196319,8800,0,0,2,Dodge City Community College,https://dc3.edu/,45427,0,00191300,0.0105,0,0,0.0052,0.279,1,2,NA,NA,2,KS,1200,0.5217,0.4783,0.0267,0.0033,0.01,0.1042,0.5,0.0017,0.0583,0.0117,0.2842,2025-11-17
NA,26.21875,5418,Kansas City,2,22227,7439989,0.8080357143,0.60625,11842,0,1,1,Donnelly College,www.donnelly.edu/,35715,0,00191400,0,0,0,0.0924,0.6313,0.4615,2,30,NA,1,KS,343,0.2362,0.7638,0.035,0.0175,0.0554,0.4198,0.344,0,0,0,0.1283,2025-11-17
0.9774,21.672232529,7089,Emporia,1,20527,97388972,0.6277056277,0.3396099529,19500,0,0,1,Emporia State University,www.emporia.edu/,47601,0,00192700,0.2972,0,0.007,0.1648,0.3401,0.9005,3,NA,1090,3,KS,2328,0.3621,0.6379,0.0631,0.0039,0.0086,0.0387,0.1293,9e-4,0.0309,0.018,0.7066,2025-11-17
NA,25.032,5216,Emporia,1,21137,4160425,0.48,0.4469453376,6625,0,1,2,Flint Hills Technical College,www.fhtc.edu/,47007,0,00526400,0,0,0,0.0844,0.113,1,1,NA,NA,1,KS,341,0.5132,0.4868,0.0323,0,0.0059,0.0059,0.2757,0,0.0088,0,0.6716,2025-11-17
0.9177,26.778295296,7883,Hays,1,19114,137188977,0.6360037261,0.385026738,21000,0,0,1,Fort Hays State University,www.fhsu.edu/,48928,0,00191500,0.0942,0.0012,0.0024,0.3719,0.2227,0.4993,3,NA,1118,3,KS,9792,0.3893,0.6107,0.0245,0.0026,0.0157,0.0254,0.0569,0.0012,0.0193,0.3665,0.4878,2025-11-17
0.5449,24.097222222,5336,Haviland,2,40190,7048498,0.4444444444,0.4031007752,27000,0,0,1,Barclay College,www.barclaycollege.edu/,36355,0,00191700,0.1515,0,0,0.1818,0.6513,0.5122,3,65,NA,3,KS,161,0.4969,0.5031,0.0745,0.0248,0.0124,0.1925,0.1801,0,0.0373,0.0062,0.472,2025-11-17
0.5564,24.72698908,6838,Wichita,2,44401,58722366,0.5522620905,0.3576271186,25000,0,0,1,Friends University,www.friends.edu/,52113,0,00191800,0.0776,0.0183,0.0046,0.2785,0.3365,0.3296,3,NA,1014,3,KS,1015,0.5084,0.4916,0.0828,0.0079,0.0118,0.1064,0.2118,0.001,0.0433,0.0256,0.5094,2025-11-17
NA,22.422099448,4291,Fort Scott,1,10838,7088591,0.4773480663,0.400996264,9500,0,0,2,Fort Scott Community College,www.fortscott.edu/,37213,0,00191600,0,0,0,0,0.2635,0.5417,1,NA,NA,1,KS,763,0.4679,0.5321,0.0459,0.0144,0.0066,0.1389,0.0904,0.0013,0.0105,0,0.692,2025-11-17
NA,21.143767061,6935,Garden City,1,14588,6923250,0.4385805278,0.4829545455,6500,0,0,2,Garden City Community College,www.gcccks.edu/,41704,0,00191900,0,0,0,0.0126,0.2941,1,1,NA,NA,2,KS,1321,0.4345,0.5655,0.0326,0.0045,0.0212,0.0802,0.4958,0.003,0.0621,0.0265,0.274,2025-11-17
0.8832,21.520383693,6996,Lawrence,1,10134,NA,0.5275779376,0.4005449591,PS,0,0,1,Haskell Indian Nations University,www.haskell.edu/,37043,0,01043800,0.0348,0,0,0.2609,0.619,NA,2,NA,NA,3,KS,878,0.4248,0.5752,0,1,0,0,0,0,0,0,0,2025-11-17
NA,22.397590361,5350,Hesston,2,44939,15556696,0.578313253,0.2491909385,12000,0,0,1,Hesston College,www.hesston.edu/,47495,0,00192000,0,0,0,0.0408,0.3025,0.6863,2,69,NA,2,KS,308,0.4578,0.5422,0.0552,0.0065,0.013,0.0844,0.1591,0.0032,0.1656,0.0097,0.5032,2025-11-17
NA,23.309626437,6154,Highland,1,15854,5402163,0.5215517241,0.4496805112,8277,0,0,2,Highland Community College,www.highlandcc.edu/,41291,0,00192100,0.1062,0,0,0.0229,0.1723,1,1,NA,NA,1,KS,1262,0.4501,0.54990000000000006,0.0824,0.0238,0.0151,0.1632,0.0475,0.0032,0,0.0396,0.6252,2025-11-17
NA,24.905088853,5724,Hutchinson,1,12881,10805916,0.5751211632,0.4083793738,9773,0,0,2,Hutchinson Community College,www.hutchcc.edu/,43470,0,00192300,0,0,0,0.0218,0.2379,1,2,NA,NA,2,KS,2911,0.3909,0.6091,0.0385,0.0045,0.0076,0.0752,0.1295,0.0017,0.0151,0.1185,0.6094,2025-11-17
NA,21.143465909,5830,Independence,1,12041,NA,0.375,0.3847402597,6115,0,0,2,Independence Community College,www.indycc.edu/,34941,0,00192400,0.0269,0,0,0.0323,0.4017,0.5,2,NA,NA,2,KS,518,0.5618,0.4382,0.0869,0.0116,0,0.3031,0.0965,0.0174,0.0444,0.0425,0.3977,2025-11-17
NA,24.496622358,8615,Overland Park,1,18946,27436687,0.5728916975,0.3694111898,8750,0,0,2,Johnson County Community College,www.jccc.edu/,45387,0,00824400,0,0,0,0.0514,0.1649,0.43120000000000003,2,NA,NA,2,KS,10634,0.4613,0.5387,0.0575,0.0056,0.0408,0.071,0.1633,0.0117,0.0367,0.0501,0.5633,2025-11-17
NA,25.966179862,7530,Kansas City,1,18095,3006690,0.6252882398,0.5103814582,8793,0,1,2,Kansas City Kansas Community College,www.kckcc.edu/,40795,0,00192500,0,0,0,0.0038,0.3067,0.9938,1,NA,NA,1,KS,3071,0.4119,0.5881,0.0641,0.0039,0.043,0.1993,0.2686,0.0016,0.0231,0.0182,0.3781,2025-11-17
NA,30.355932203,2804,Overland Park,2,21889,NA,0.3474576271,0.4693877551,PS,0,0,1,Kansas Christian College,https://www.kansaschristian.edu/,NA,0,02168900,0,0,0,0.75,0.5798,0.5455,3,57,NA,2,KS,143,0.7343,0.2657,0.0769,0.007,0.035,0.3287,0.1608,0.014,0.042,0.035,0.3007,2025-11-17
0.882,21.110345883,11081,Lawrence,1,25215,2303429732,0.547597184,0.2222402072,21000,0,0,1,University of Kansas,https://ku.edu/,61945,0,00194800,0.026,0.083,0.0118,0.2033,0.1953,0.7799,3,NA,1186,3,KS,19857,0.4652,0.5348,0.0582,0.0043,0.0623,0.0433,0.1027,0.001,0.0324,0.005,0.6907,2025-11-17
0.4761,24.781981982,6497,Wichita,2,44081,25432124,0.7261261261,0.394,20801,0,1,1,Newman University,www.newmanu.edu/,55041,0,00193900,0.2311,0,0,0.1244,0.124,1,3,30,NA,3,KS,857,0.3921,0.6079,0.0455,0.0047,0.0303,0.0478,0.2544,0.0012,0.0817,0.0117,0.5228,2025-11-17
0.7936,21.087609305,10621,Manhattan,1,25441,912833425,0.5208711434,0.2247913769,21250,0,0,1,Kansas State University,www.k-state.edu/,57262,0,00192800,0.0893,0.1047,0.0052,0.2468,0.1934,0.9,3,NA,1149,3,KS,14835,0.4929,0.5071,0.0378,0.0038,0.0187,0.0266,0.0913,9e-4,0.0169,0.0091,0.795,2025-11-17
0.8498,20.901380671,6133,Salina,2,45683,38075690,0.4240631164,0.3304904051,23250,0,0,1,Kansas Wesleyan University,www.kwu.edu/,51152,0,00192900,0.08,0,0.008,0.264,0.4083,1,3,71,NA,3,KS,894,0.5716,0.4284,0.0649,0.0045,0.0145,0.1242,0.1846,0.0034,0.0369,0,0.5671,2025-11-17
0.4075,24.218281536,NA,Topeka,1,17795,NA,0.5912248629,0.3781033781,18127,0,0,3,Washburn Institute of Technology,www.washburntech.edu/,49774,0,00194901,0,0,0,0.0062,0.1729,NA,1,NA,NA,1,KS,490,0.5959,0.4041,0.0551,0.0163,0.002,0.0878,0.1714,0.0061,0.0204,0.0408,0.6,2025-11-17
NA,24.553822153,6676,Parsons,1,13629,805066,0.6848673947,0.4315789474,10500,0,0,2,Labette Community College,www.labette.edu/,37818,0,00193000,0,0,0,0,0.2189,0.3258,2,NA,NA,2,KS,766,0.295,0.705,0.0496,0.0261,0.0065,0.0692,0.111,0.0039,0.0131,0.0052,0.7154,2025-11-17
NA,25.857831325,6136,Manhattan,1,18055,517753,0.4795180723,0.3651226158,9500,0,0,2,Manhattan Area Technical College,https://manhattantech.edu/,51864,0,00550000,0,0,0,0.0358,0.1199,1,1,NA,NA,1,KS,328,0.5701,0.4299,0.0396,0.0091,0.0061,0.0915,0.1646,0.003,0.003,0,0.6829,2025-11-17
1,21.322580645,5307,Manhattan,2,34318,4406765,0.4258064516,0.2689655172,24250,0,0,1,Manhattan Christian College,www.mccks.edu/,48860,0,00193100,0,0,0,0.0667,0.4483,0.36,3,48,1020,3,KS,132,0.5455,0.4545,0.0606,0.0227,0.0076,0.1212,0.1288,0,0,0,0.6591,2025-11-17
0.8379,20.6,7359,McPherson,2,48404,53371147,0.3681818182,0.3056234719,25242,0,0,1,McPherson College,www.mcpherson.edu/,52084,0,00193300,0.018,0,0.0299,0.2275,0.3362,0.9464,3,58,1068,3,KS,786,0.673,0.327,0.0115,0.0445,0.0165,0.1247,0.1679,0.0025,0.0623,0.0534,0.5165,2025-11-17
0.7346,25.824499411,6757,Olathe,2,53495,14056637,0.5806831567,0.322496749,15000,0,0,1,MidAmerica Nazarene University,https://www.mnu.edu/,62972,0,00703200,0.0643,0,0.0036,0.1607,0.2847,0.214,3,59,1016,3,KS,977,0.48,0.52,0.0614,0.0082,0.0102,0.1494,0.085,0.0031,0.0471,0.0194,0.6162,2025-11-17
NA,24.489241223,5693,Chanute,1,16555,3807150,0.6806342016,0.4289372599,8500,0,0,2,Neosho County Community College,www.neosho.edu/,45966,0,00193600,0,0,0,0.033,0.1974,0.3662,1,NA,NA,1,KS,848,0.3738,0.6262,0.0401,0.0153,0.0071,0.0613,0.0837,0,0.0943,0.0118,0.6863,2025-11-17
NA,22.850574713,5179,Beloit,1,22287,284111,0.3612479475,0.3518850987,10000,0,0,2,Fort Hays Tech North Central,www.fhtechnc.edu/,46928,0,00526500,0,0,0,0.0327,0.1952,0.8209,1,NA,NA,1,KS,472,0.6547,0.3453,0.0593,0.0064,0.0021,0.0191,0.0403,0,0,0,0.8729,2025-11-17
NA,20.787878788,5754,Goodland,1,NA,905748,0.2314049587,0.403125,12000,0,1,2,Fort Hays State University-Northwest Kansas Technical College,www.fhnw.edu/,38616,0,00526700,0,0,0,0.0587,0.2262,0.4444,1,NA,NA,1,KS,314,0.7739,0.2261,0.0287,0.0127,0.0064,0.1146,0.2611,0.0064,0.0414,0,0.5287,2025-11-17
0.8003,29.532679739,6523,Ottawa,2,51340,4902615,0.6274509804,0.4008683068,21500,0,0,1,Ottawa University-Ottawa,www.ottawa.edu/,55552,0,00193700,0.1579,0.015,0.0075,0.218,0.3529,0.9211,3,52,1011,3,KS,935,0.6299,0.3701,0.0556,0.0203,0.016,0.1497,0.1615,0.0043,0.0545,0.0043,0.5337,2025-11-17
NA,29.532679739,4177,Overland Park,2,NA,1252623,0.6274509804,0.4008683068,21500,0,0,1,Ottawa University-Kansas City,www.ottawa.edu/,55552,0,00193702,0.213,0,0,0.1852,0.4618,1,3,52,NA,3,KS,223,0.1794,0.8206,0.0179,0.0179,0.009,0.0987,0.148,0,0,0.0045,0.704,2025-11-17
0.8817,21.673538073,7735,Pittsburg,1,22426,103278157,0.5119899032,0.3232231779,18969,0,0,1,Pittsburg State University,https://www.pittstate.edu/,50579,0,00192600,0.1045,0,0.0044,0.2356,0.3226,0.6667,3,NA,1090,3,KS,4162,0.4993,0.5007,0.0639,0.0149,0.0079,0.032,0.0745,0.0012,0.0142,0.0012,0.7902,2025-11-17
NA,22.788580247,6183,Pratt,1,15333,6483374,0.4907407407,0.4220665499,6500,0,0,2,Pratt Community College,www.prattcc.edu/,51892,0,00193800,0,0,0,0,0.1913,0.9211,1,NA,NA,1,KS,600,0.6283,0.3717,0.0683,0.0183,0.0067,0.0817,0.0317,0.0017,0.1017,0.0317,0.6583,2025-11-17
0.8984,23.99009901,6801,Leavenworth,2,45313,17969961,0.5247524752,0.3571428571,22018,0,0,1,University of Saint Mary,www.stmary.edu/,59483,0,00194300,0.0126,0,0,0.0881,0.3688,0.5115,3,30,1047,3,KS,889,0.5332,0.4668,0.0416,0.0101,0.0101,0.1384,0.2036,0,0.0247,0.0934,0.4781,2025-11-17
NA,24.123931624,6436,Salina,1,12938,498560,0.3931623932,0.4901960784,7000,0,0,2,Salina Area Technical College,www.salinatech.edu/,42175,0,00549900,0,0,0,0.0284,0.1357,0.6667,1,NA,NA,1,KS,352,0.392,0.608,0.0142,0.0114,0.017,0.0256,0.1989,0.0028,0,0.0085,0.7216,2025-11-17
NA,23.058614565,6473,Liberal,1,12662,6005365,0.5595026643,0.5652173913,6500,0,1,2,Seward County Community College,https://sccc.edu/,41445,0,00822800,0,0,0,0.0159,0.202,0.5081,1,NA,NA,1,KS,1140,0.3693,0.6307,0.0175,0.007,0.0193,0.0342,0.5439,0,0.0658,0.0754,0.2368,2025-11-17
0.6497,26.994252874,6357,Winfield,2,53677,26656485,0.4626436782,0.3984251969,25000,0,0,1,Southwestern College,https://www.sckans.edu/,55646,0,00194000,0.0366,0,0,0.431,0.3946,1,3,71,NA,3,KS,1026,0.6647,0.3353,0.0136,0.0253,0.0244,0.1813,0.1511,0.0088,0.0185,0.1511,0.4259,2025-11-17
0.5303,20.856,5086,Sterling,2,44836,13468512,0.3733333333,0.340974212,24625,0,0,1,Sterling College,www.sterling.edu/,45846,0,00194500,0.1075,0,0,0.3011,0.3167,0.4653,3,NA,NA,3,KS,569,0.5975,0.4025,0.0861,0.0053,0.0018,0.1107,0.0562,0.0035,0.0861,0.0123,0.638,2025-11-17
0.6462,22.985507246,6015,Hillsboro,2,48360,14712200,0.4516908213,0.3139841689,23887,0,0,1,Tabor College,tabor.edu/,54058,0,00194600,0.0899,0,0.0225,0.2584,0.3783,0.6458,3,43,1049,3,KS,530,0.6038,0.3962,0.0642,0.0094,0.0019,0.0925,0.1566,0.0038,0.066,0.0075,0.5981,2025-11-17
NA,24.218281536,8507,Topeka,1,20949,190594225,0.5912248629,0.3781033781,18127,0,0,1,Washburn University,www.washburn.edu/,49774,0,00194900,0.0323,0.001,0.0108,0.0909,0.3052,0.6101,3,NA,NA,1,KS,4093,0.3567,0.6433,0.065,0.0071,0.0134,0.084,0.1461,7e-4,0.0481,0.0205,0.615,2025-11-17
NA,27.735690236,5010,Wichita,1,16928,1534296,0.5420875421,0.4365548981,9500,0,1,2,Wichita State University-Campus of Applied Sciences and Technology,www.wsutech.edu/,38679,0,00549800,0,0,0,0.0254,0.2133,0.2577,1,NA,NA,1,KS,2778,0.4953,0.5047,0.0529,0.0108,0.0464,0.1415,0.2585,0.0022,0.0018,0.0126,0.4734,2025-11-17
0.9494,23.595878136,8979,Wichita,1,21064,320097999,0.5934139785,0.3633893281,20500,0,0,1,Wichita State University,www.wichita.edu/,51532,0,00195000,0.1271,0.1102,0.0013,0.1613,0.2973,0.6312,3,NA,1118,3,KS,10493,0.4411,0.5589,0.0561,0.0062,0.0774,0.0607,0.1696,0.0011,0.0432,0.0197,0.5659,2025-11-17
0.8557,19.928774929,5344,Pippa Passes,2,30294,57103324,0.5726495726,0.4678899083,19599,0,0,1,Alice Lloyd College,www.alc.edu/,40573,0,00195100,0.087,0,0,0.0326,0.5565,1,3,NA,980,3,KY,528,0.5095,0.4905,0.0114,0.0038,0.0038,0.0473,0.0114,0,0.0038,0.0057,0.9129,2025-11-17
0.6406,23.255878285,7012,Wilmore,2,46209,68574686,0.6154910097,0.2362318841,24028,0,0,1,Asbury University,https://www.asbury.edu/,42368,0,00195200,0.1053,0.0075,0.0075,0.218,0.2631,0.4703,3,NA,NA,3,KY,1369,0.3952,0.6048,0.0292,0.0015,0.0102,0.0365,0.0657,0,0.0584,0.0212,0.7772,2025-11-17
NA,26.325514874,5467,Ashland,1,13571,NA,0.540617849,0.5445094217,10950,0,0,2,Ashland Community and Technical College,https://ashland.kctcs.edu/,34504,0,00199000,0,0,0,0.033,0.4302,0.9718,1,NA,NA,1,KY,1566,0.3946,0.6054,0.0345,0.0026,0.0032,0.0153,0.0109,6e-4,0,0.0083,0.9246,2025-11-17
0.9359,20.672742336,8511,Louisville,2,60247,71030451,0.6793703397,0.2726480836,25000,0,0,1,Bellarmine University,https://www.bellarmine.edu/,62069,0,00195400,0.0427,0.0253,0.0095,0.1487,0.2501,0.4914,3,30,1208,3,KY,2286,0.3876,0.61240000000000006,0.0512,0.0022,0.0328,0.0971,0.077,4e-4,0.0201,0.0083,0.7108,2025-11-17
0.3271,19.814201183,8894,Berea,2,56068,1418870700,0.5585798817,0.4057771664,3591,0,0,1,Berea College,https://www.berea.edu/,43150,0,00195500,0.0511,0,0.0032,0.1246,0.8101,0.8173,3,NA,1248,3,KY,1472,0.409,0.591,0.0788,0,0.0387,0.1909,0.1637,0.0014,0.0808,0.0075,0.4382,2025-11-17
NA,24.763078471,5174,Bowling Green,1,13738,NA,0.6101609658,0.5151691949,10175,0,0,2,Southcentral Kentucky Community and Technical College,https://southcentral.kctcs.edu/,34242,0,00527100,0,0,0,0.1524,0.318,0.9545,1,NA,NA,1,KY,2952,0.3902,0.6098,0.0379,0.0034,0.0366,0.0996,0.0816,0.0017,0,0.0041,0.7351,2025-11-17
0.3461,27.423670669,5746,Owensboro,2,41865,15810956,0.7409948542,0.4521072797,29430,0,0,1,Brescia University,www.brescia.edu/,45500,0,00195800,0.061,0,0.0122,0.1951,0.4283,0.6286,3,30,NA,3,KY,538,0.4349,0.5651,0.0019,0.0056,0.0335,0.0948,0.0446,0,0.0836,0.1357,0.6004,2025-11-17
0.9833,24.49048496,6329,Campbellsville,2,40924,35720002,0.6151012891,0.4664842681,17156,0,0,1,Campbellsville University,https://www.campbellsville.edu/,41583,0,00195900,0.0966,0,0.0033,0.1718,0.2154,0.4176,3,54,NA,3,KY,2641,0.4184,0.5816,0,0.0042,0.0133,0.1469,0.0208,0,0.0935,0.0409,0.6804,2025-11-17
NA,24.74577879,5738,Lexington,1,13281,NA,0.5860368052,0.445931362,10500,0,0,2,Bluegrass Community and Technical College,https://bluegrass.kctcs.edu/,36343,0,00524400,0.0056,0.001,0,0.0678,0.3504,0.9899,1,NA,NA,1,KY,7713,0.4079,0.5921,0.0462,0.0014,0.0275,0.1439,0.1086,0.001,0.0012,0.0092,0.661,2025-11-17
0.5434,19.376213592,9296,Danville,2,63354,408796421,0.4708737864,0.2025641026,27000,0,0,1,Centre College,https://www.centre.edu/,66240,0,00196100,0,0,0.0488,0,0.2122,0.9091,3,NA,1345,3,KY,1346,0.4792,0.5208,0.0319,0.003,0.0438,0.0527,0.0788,0.0015,0.0438,0.0082,0.7363,2025-11-17
NA,29.953125,4636,Pineville,2,20151,21047310,0.21875,PS,PS,0,0,1,Clear Creek Baptist Bible College,https://ccbbc.edu/,41623,0,02535600,0,0,0,0,0.4436,0.7857,3,75,NA,3,KY,132,0.8561,0.1439,0.0379,0,0,0.0227,0.0152,0,0,0,0.9242,2025-11-17
0.7139,24.538990826,6359,Williamsburg,2,24654,164485925,0.5649847095,0.3976608187,14911,0,0,1,University of the Cumberlands,www.ucumberlands.edu/,45036,0,00196200,0.0765,0.0016,0.0016,0.1763,0.4848,0.217,3,54,NA,3,KY,5468,0.32,0.68,0,0.0024,0.0101,0.054,0.0031,0.0026,0,0.2138,0.7142,2025-11-17
0.7809,22.55726601,7646,Richmond,1,22265,78572624,0.5814347291,0.3995334888,22500,0,0,1,Eastern Kentucky University,https://www.eku.edu/,45795,0,00196300,0.0474,0,0.008,0.1302,0.3861,0.5663,3,NA,1089,3,KY,11674,0.4021,0.5979,0.0475,0.0022,0.0125,0.0678,0.0551,9e-4,0.0076,0.0085,0.7978,2025-11-17
NA,24.812610074,5750,Elizabethtown,1,13502,NA,0.5977456851,0.4796453043,9055,0,0,2,Elizabethtown Community and Technical College,https://elizabethtown.kctcs.edu/,36143,0,00199100,0,0,0,0.1094,0.3568,0.9167,1,NA,NA,1,KY,3775,0.3958,0.6042,0.057,0.0021,0.0111,0.0766,0.0623,0.0029,0,0.0056,0.7825,2025-11-17
0.7388,19.857904085,6625,Georgetown,2,56297,37421335,0.5257548845,0.3308550186,25200,0,0,1,Georgetown College,www.georgetowncollege.edu/,52074,0,00196400,0.0678,0,0.0226,0.209,0.3439,0.5188,3,54,1149,3,KY,1180,0.5153,0.4847,0.0373,0,0.0059,0.0864,0.072,0,0.0398,0.0042,0.7542,2025-11-17
NA,25.3,5697,Hazard,1,12187,NA,0.5761904762,0.607879925,10125,0,0,2,Hazard Community and Technical College,https://hazard.kctcs.edu/,29868,0,00696200,0,0,0,0.0631,0.3728,0.9583,1,NA,NA,1,KY,1404,0.3547,0.6453,0.0164,0.0021,0.0028,0.0114,0.0093,0,0,0.0021,0.9558,2025-11-17
NA,25.095041322,5434,Henderson,1,13433,NA,0.6790633609,0.4844720497,10483,0,0,2,Henderson Community College,https://henderson.kctcs.edu/,35714,0,00199300,0,0,0,0.064,0.3287,1,1,NA,NA,1,KY,876,0.242,0.758,0.0491,0.0034,0.0057,0.121,0.0662,0,0.0011,0.0057,0.7477,2025-11-17
NA,26.541860465,5212,Hopkinsville,1,12810,NA,0.6569767442,0.4824561404,10691,0,0,2,Hopkinsville Community College,https://hopkinsville.kctcs.edu/index.aspx,36323,0,00199400,0,0,0,0.0899,0.428,0.9615,1,NA,NA,1,KY,1498,0.3184,0.6816,0.0561,0.0047,0.016,0.2403,0.1182,0.0047,0,0.0113,0.5487,2025-11-17
NA,25.474278312,5915,Louisville,1,13488,NA,0.5915988157,0.4840193148,11651,0,0,2,Jefferson Community and Technical College,https://jefferson.kctcs.edu/,38171,0,00696100,0.006,0,0,0.0519,0.2933,0.9521,1,NA,NA,1,KY,7105,0.4176,0.5824,0.0455,0.002,0.0435,0.2535,0.1405,0.0017,6e-4,0.0104,0.5025,2025-11-17
0.9255,24.481065919,6891,Frankfort,1,21023,19063354,0.5764375877,0.4003215434,25938,1,0,1,Kentucky State University,www.kysu.edu/,36382,0,00196800,0.0919,0,0.0216,0.1081,0.5652,0.6149,3,NA,910,3,KY,1317,0.4047,0.5953,0.0395,0.0038,0.0046,0.814,0.0175,8e-4,0.0084,0.0311,0.0805,2025-11-17
0.67,20.66745283,5975,Owensboro,2,43981,38714749,0.4551886792,0.3781094527,23250,0,0,1,Kentucky Wesleyan College,https://kwc.edu/,46747,0,00196900,0.1034,0,0.0115,0.1437,0.4157,0.4421,3,71,1043,3,KY,794,0.4924,0.5076,0.0151,0.005,0.0176,0.1474,0.0353,0,0.039,0.1045,0.636,2025-11-17
0.9238,20.599472991,11693,Lexington,1,32291,1754167989,0.5687747036,0.2336008857,22500,0,0,1,University of Kentucky,www.uky.edu/,59025,0,00198900,0.0647,0.1018,0.008,0.204,0.215,0.8267,3,NA,1213,3,KY,23189,0.4201,0.5799,0.0414,0.0016,0.0373,0.0664,0.0643,9e-4,0.0141,0.0124,0.7616,2025-11-17
0.6238,21.075163399,4911,Grayson,2,38893,7041656,0.4346405229,0.2957746479,22250,0,0,1,Kentucky Christian University,www.kcu.edu/,42375,0,00196500,0.1389,0,0,0.3472,0.3704,0.4328,3,48,1044,3,KY,438,0.6621,0.3379,0.0388,0.0023,0,0.1712,0.0616,0,0.0274,0.0137,0.6849,2025-11-17
NA,23.697521866,6226,Columbia,2,39568,32761864,0.6268221574,0.4585365854,16784,0,0,1,Lindsey Wilson College,https://www.lindsey.edu/,41129,0,00197200,0.0852,0.0027,0.0055,0.1484,0.4988,0.6545,3,71,NA,3,KY,1649,0.4324,0.5676,0.0321,0.0055,0.0055,0.111,0.0061,6e-4,0.0273,0.0807,0.7314,2025-11-17
0.8054,21.922797457,9254,Louisville,1,30843,883606000,0.5513169846,0.3043478261,20500,0,0,1,University of Louisville,www.louisville.edu/,53899,0,00199900,0.1064,0.1193,0.0052,0.1426,0.288,0.5639,3,NA,1147,3,KY,14187,0.4384,0.5616,0.0633,0.0016,0.0554,0.1563,0.0826,6e-4,0.0133,0.0011,0.6259,2025-11-17
NA,25.855572998,5905,Madisonville,1,13413,NA,0.7244897959,0.5324324324,8450,0,0,2,Madisonville Community College,https://madisonville.kctcs.edu/,35733,0,00901000,0,0,0,0.1031,0.286,0.9655,1,NA,NA,1,KY,1797,0.3083,0.6917,0.0367,0.0022,0.0067,0.064,0.0417,0.0011,0,0.0056,0.842,2025-11-17
NA,25.760270411,5615,Maysville,1,13015,NA,0.6349453978,0.5823019802,11500,0,0,2,Maysville Community and Technical College,https://maysville.kctcs.edu/,32194,0,00696000,0.0018,0,0,0.1327,0.3442,0.9659,1,NA,NA,1,KY,2207,0.3892,0.6108,0.0281,0.0032,0.0032,0.0521,0.034,9e-4,0,0.0127,0.8659,2025-11-17
0.9518,26.522762951,7286,Midway,2,41400,28926670,0.7833594976,0.4345637584,21301,0,0,1,Midway University,www.midway.edu/,44246,0,00197500,0.0409,0,0,0.2825,0.4613,0.2708,3,61,1145,3,KY,1250,0.3832,0.6168,0.0408,0.0048,0.0104,0.0992,0.0728,0,0.0392,0.0192,0.7136,2025-11-17
0.8212,22.050892857,7578,Morehead,1,22758,56141302,0.6175595238,0.4141706924,22250,0,0,1,Morehead State University,https://www.moreheadstate.edu/,43197,0,00197600,0.0923,0.0169,0.0089,0.1065,0.2873,0.7217,3,NA,NA,3,KY,4689,0.3956,0.6044,0.0341,9e-4,0.0066,0.0305,0.032,9e-4,0.0147,0.0156,0.8648,2025-11-17
0.8617,22.320711974,7536,Murray,1,21475,106596412,0.6265372168,0.3395573997,20500,0,0,1,Murray State University,www.murraystate.edu/,44737,0,00197700,0.0857,0.0267,0.0073,0.1604,0.3135,0.7845,3,NA,1110,3,KY,6646,0.3816,0.6184,0.032,0.0012,0.008,0.0611,0.0307,0,0.0373,0.039,0.7907,2025-11-17
NA,26.227629513,5378,Florence,1,13849,NA,0.6007326007,0.521817095,10711,0,0,2,Gateway Community and Technical College,https://gateway.kctcs.edu/index.aspx,36147,0,00527300,6e-4,0,0,0.065,0.2876,0.9063,1,NA,NA,1,KY,2824,0.4345,0.5655,0.0425,0.0032,0.0099,0.1101,0.0634,0.0021,0,0.0092,0.7596,2025-11-17
0.9603,22.245689655,8664,Highland Heights,1,19471,119757000,0.585591133,0.3813186813,23000,0,0,1,Northern Kentucky University,www.nku.edu/,50220,0,00927500,0.0713,0,0.0079,0.2177,0.2355,0.9701,3,NA,1114,3,KY,8065,0.411,0.589,0.0347,0.0011,0.0185,0.0738,0.048,5e-4,0.0407,0.0218,0.7609,2025-11-17
NA,25.638700947,5421,Paducah,1,13457,NA,0.6301308074,0.477191184,8986,0,0,2,West Kentucky Community and Technical College,https://westkentucky.kctcs.edu/,34891,0,00197900,0,0,0,0.1509,0.3202,0.9912,1,NA,NA,1,KY,2810,0.3288,0.6712,0.0402,0.0028,0.0078,0.0861,0.0733,4e-4,0,0.0068,0.7826,2025-11-17
NA,21.042839657,6950,Pikeville,2,33271,26197115,0.4920440636,0.4481830417,20679,0,0,1,University of Pikeville,www.upike.edu/,48231,0,00198000,0.1021,0,0.0043,0.2,0.397,0.561,3,66,NA,3,KY,1140,0.4447,0.5553,0.0246,0.0088,0.0088,0.0623,0.0263,0.0018,0.0474,0,0.8202,2025-11-17
NA,24.299090909,5657,Prestonsburg,1,13046,NA,0.545,0.6030736619,9357,0,0,2,Big Sandy Community and Technical College,https://bigsandy.kctcs.edu/,32954,0,00199600,0.0145,0,0,0.0566,0.4437,0.8222,1,NA,NA,1,KY,1590,0.4182,0.5818,0.0157,0.0013,0.0038,0.0075,0.0189,0,0,0.0088,0.944,2025-11-17
NA,25.047120419,5534,Somerset,1,12464,NA,0.6236526024,0.5561151079,12215,0,0,2,Somerset Community College,https://somerset.kctcs.edu/,30787,0,00199700,0,0,0,0.0981,0.4343,0.9551,1,NA,NA,1,KY,3899,0.3519,0.6481,0.0259,0.0021,0.0049,0.0115,0.0339,3e-4,5e-4,0.0041,0.9169,2025-11-17
NA,25.758241758,5722,Cumberland,1,12431,NA,0.5804783452,0.5599647266,6919,0,0,2,Southeast Kentucky Community & Technical College,https://southeast.kctcs.edu/,29482,0,00199800,0.0148,0,0,0.0279,0.4011,0.971,1,NA,NA,1,KY,1680,0.3333,0.6667,0.0173,0.003,0.0036,0.0173,0.0101,0,0,0.0238,0.925,2025-11-17
0.9689,NA,8246,Louisville,2,NA,94824550,NA,NA,PS,0,0,1,The Southern Baptist Theological Seminary,www.sbts.edu/,NA,0,00198200,0.0965,0,0,0.2105,0,1,3,75,1118,3,KY,844,0.5569,0.4431,0,0.0012,0.0237,0.0213,0.0071,0,0.0498,0.0012,0.8957,2025-11-17
0.9864,24.674698795,8298,Louisville,2,43474,22595678,0.7409638554,0.3500837521,25250,0,0,1,Spalding University,https://www.spalding.edu/,49438,0,00196000,0.0497,0,0,0.1657,0.3559,0.642,3,30,1014,3,KY,597,0.3568,0.6432,0.0318,0,0.0084,0.2546,0.067,0,0.0067,0.0151,0.6164,2025-11-17
0.9703,23.223760092,6601,Crestview Hills,2,46342,34267985,0.4798154556,0.368221942,26236,0,0,1,Thomas More University,https://www.thomasmore.edu/,59384,0,00200100,0.0806,0,0,0.3134,0.2247,0.54,3,30,1140,3,KY,1305,0.5172,0.4828,0.0437,0.0015,0.0123,0.0851,0.0421,0,0.0536,0.0207,0.741,2025-11-17
0.8499,19.45959596,10244,Lexington,2,58863,220712248,0.595959596,0.1636363636,27000,0,0,1,Transylvania University,https://www.transy.edu/,54705,0,00198700,0.0266,0,0,0.1968,0.2405,0.6614,3,61,1285,3,KY,1014,0.4389,0.5611,0.0611,0.002,0.0296,0.0513,0.0503,0,0.0089,0.0079,0.789,2025-11-17
0.5504,21.560606061,5029,Barbourville,2,44375,30236161,0.4579124579,0.4072727273,24250,0,0,1,Union Commonwealth University,https://www.unionky.edu/,42002,0,00198800,0.0727,0,0.0121,0.1879,0.5062,1,3,71,965,3,KY,736,0.5774,0.4226,0.0503,0.0068,0.0095,0.1413,0.0326,0.0122,0.1454,0.0122,0.5897,2025-11-17
0.9705,22.152542373,8011,Bowling Green,1,23520,19854237,0.6025347381,0.3570372803,22095,0,0,1,Western Kentucky University,https://www.wku.edu/,43889,0,00200200,0.0735,0.024,0.0078,0.1859,0.2871,0.6886,3,NA,977,3,KY,12267,0.3883,0.6117,0.0417,0.0028,0.0316,0.0883,0.0596,0.0012,0.0067,0.0157,0.7524,2025-11-17
NA,26.418041804,5115,Alexandria,1,11966,290536,0.5577557756,0.5611038108,7000,0,0,2,Central Louisiana Technical Community College,www.cltcc.edu/,29558,0,00548900,0,0,0,0.1879,0.4568,0.69,1,NA,NA,1,LA,1100,0.4645,0.5355,0.0255,0.0045,0.0073,0.3618,0.0327,0.0018,0,0.03,0.5364,2025-11-17
NA,26.311688312,NA,Baton Rouge,2,NA,NA,PS,PS,16750,0,0,2,Baton Rouge General Medical Center School of Nursing & School of Radiologic Technology,www.brgeneral.org/medical-education/school-of-nursing/ OR school of radiologic technology,75071,0,02335700,0,0,0,0,0.4538,NA,1,NA,NA,1,LA,130,0.0846,0.9154,0.0077,0,0.0154,0.4538,0.0154,0,0,0,0.5077,2025-11-17
NA,25.562187926,6101,Bossier City,1,15872,1430000,0.6395823877,0.4831134565,17500,0,0,2,Bossier Parish Community College,https://www.bpcc.edu/,34502,0,02055400,0.0013,0.0033,0,0.0963,0.4956,0.603,1,NA,NA,2,LA,5046,0.3121,0.6879,0.0375,0.0083,0.0101,0.4413,0.0543,0.0028,0.0083,0.0079,0.4294,2025-11-17
0.5442,19.926530612,7591,Shreveport,2,57929,123340027,0.5142857143,0.2183406114,27000,0,0,1,Centenary College of Louisiana,www.centenary.edu/,50330,0,00200300,0,0,0.0076,0.1679,0.3891,0.434,3,71,1171,3,LA,615,0.5024,0.4976,0.0569,0.0081,0.0276,0.2244,0.1024,0,0.0098,0,0.5707,2025-11-17
NA,25.76647357,7030,New Orleans,1,19137,3705883,0.6445812213,0.5224908425,20198,0,0,2,Delgado Community College,https://www.dcc.edu/,33305,0,00462500,0.0047,0,0,0.198,0.6178,0.366,1,NA,NA,1,LA,11182,0.2855,0.7145,0.0334,0.0044,0.0227,0.5303,0.118,0.0042,0.0176,0.0049,0.2644,2025-11-17
0.4051,20.642038217,7291,New Orleans,2,36057,92755906,0.7324840764,0.3528528529,31000,1,0,1,Dillard University,https://www.dillard.edu/,39196,0,00200400,0,0,0,0.1126,0.6781,0.626,3,71,1089,3,LA,1111,0.2637,0.7363,0.027,0.0027,9e-4,0.8902,0.0279,9e-4,0.0153,0.0279,0.0072,2025-11-17
NA,27.298209366,6156,Chalmette,1,17309,1429173,0.6246556474,0.5517529215,13000,0,0,2,Nunez Community College,www.nunez.edu/,35343,0,02166100,0.004,0,0,0.0401,0.4187,0.4815,1,NA,NA,1,LA,1495,0.3344,0.6656,0.0355,0.0047,0.012,0.5559,0.0642,0.0033,0.0033,0.0074,0.3137,2025-11-17
0.2368,21.320698467,6374,Grambling,1,25100,8181377,0.5489778535,0.3945178659,36500,1,0,1,Grambling State University,www.gram.edu/,41109,0,00200600,0.0622,0,0.003,0.1654,0.7217,0.8629,3,NA,955,3,LA,4144,0.3545,0.6455,0.0263,0.0019,0.001,0.9278,0.0154,2e-4,0.0205,0.0019,0.0048,2025-11-17
NA,25.604819277,9549,New Orleans,1,NA,38982019,0.8409638554,0.3626666667,19500,0,0,1,Louisiana State University Health Sciences Center-New Orleans,www.lsuhsc.edu/,78495,0,00201400,0,0,0,0,0.2193,0.7135,3,NA,NA,3,LA,843,0.1412,0.8588,0.032,0.0036,0.0854,0.1815,0.0937,0.0036,0.0059,0.0083,0.586,2025-11-17
0.9263,24.054398925,7238,Alexandria,1,15540,20073359,0.6816655473,0.4488721805,19000,0,0,1,Louisiana State University-Alexandria,www.lsua.edu/,42205,0,00201100,0.0473,0,0.0437,0.2069,0.3563,0.6205,3,NA,1048,3,LA,4414,0.2771,0.7229,0.0091,0.0288,0.0299,0.2019,0.0104,0,0.0159,0.1285,0.5757,2025-11-17
0.74,20.285384504,11234,Baton Rouge,1,34328,632722297,0.5727889193,0.2664919852,20500,0,0,1,Louisiana State University and Agricultural & Mechanical College,www.lsu.edu/,61251,0,00201000,0.0919,0.1051,0.005,0.2144,0.2565,0.889,3,NA,1248,3,LA,29207,0.4442,0.5558,0.0328,0.0044,0.0486,0.1859,0.0999,7e-4,0.0137,0.0082,0.6057,2025-11-17
NA,22.164656212,5716,Eunice,1,16541,2982985,0.738238842,0.4948096886,14250,0,0,2,Louisiana State University-Eunice,https://www.lsue.edu/,36498,0,00201200,0,0,0,0.0673,0.3882,0.6,2,NA,NA,2,LA,2617,0.219,0.781,0.042,0.0084,0.0107,0.2533,0.0172,0,0.0011,0.0157,0.6515,2025-11-17
0.8272,24.626938776,9335,Shreveport,1,19233,24591153,0.6644897959,0.4027149321,22500,0,0,1,Louisiana State University-Shreveport,www.lsus.edu/,47477,0,00201300,0.0438,0,0.0023,0.4401,0.3781,0.6827,3,NA,1119,3,LA,2150,0.4107,0.5893,0.0558,0.0084,0.0177,0.2465,0.0074,0.0019,0.0423,0.0456,0.5744,2025-11-17
0.8379,21.238341969,6201,Pineville,2,30564,41881314,0.4404145078,0.3684210526,21875,0,0,1,Louisiana Christian University,www.lcuniversity.edu/,51700,0,00200700,0.0538,0.0108,0.0054,0.172,0.4075,0.64,3,75,NA,3,LA,750,0.568,0.432,0.0347,0.012,0.0053,0.2747,0.0413,0.0013,0.0667,0,0.564,2025-11-17
0.7257,20.577586207,8887,Ruston,1,24405,86292776,0.4864058355,0.3118584071,22135,0,0,1,Louisiana Tech University,https://www.latech.edu/,52279,0,00200800,0.0282,0.1448,0.0056,0.1718,0.205,0.633,3,NA,1190,3,LA,7819,0.5664,0.4336,0.0176,0.0037,0.0133,0.1087,0.0478,5e-4,0.0157,0.0554,0.7372,2025-11-17
0.8772,20.048552754,8882,New Orleans,2,61837,236132884,0.6433239963,0.1928071928,26000,0,0,1,Loyola University New Orleans,www.loyno.edu/,52927,0,00201600,0.0092,0,0.0046,0.1782,0.3721,0.5956,3,30,NA,3,LA,2999,0.3431,0.6569,0.055,0.003,0.029,0.2037,0.2147,7e-4,0.0357,0.0083,0.4498,2025-11-17
0.6755,21.731441048,7597,Lake Charles,1,21168,18915693,0.6371179039,0.3848015489,23000,0,0,1,McNeese State University,www.mcneese.edu/,46453,0,00201700,0.023,0.0774,0.0018,0.1484,0.3112,1,3,NA,1080,3,LA,4846,0.3846,0.6154,0.0394,0.0043,0.0184,0.176,0.0452,4e-4,0.0642,0.0089,0.6432,2025-11-17
0.6677,22.315935152,9144,New Orleans,1,22605,23378960,0.5788849348,0.406360424,18750,0,0,1,University of New Orleans,new.uno.edu/,47872,0,00201500,0.0322,0.1643,0.0111,0.2175,0.4044,0.6452,3,NA,1056,3,LA,4479,0.5046,0.4954,0.0529,0.0031,0.0904,0.23,0.15,9e-4,0.0255,0.0308,0.4164,2025-11-17
NA,NA,6457,New Orleans,2,NA,74082585,NA,NA,PS,0,0,1,New Orleans Baptist Theological Seminary,www.nobts.edu/,NA,0,00201900,0,0,0,0,0,1,1,75,NA,1,LA,770,0.5844,0.4156,0.0065,0.0052,0.0247,0.1558,0.0701,0,0.0506,0.139,0.5481,2025-11-17
0.9602,21.643236616,6985,Thibodaux,1,21519,16807980,0.6346546792,0.4583710407,22675,0,0,1,Nicholls State University,www.nicholls.edu/,45454,0,00200500,0.0523,0.0077,0.0086,0.1732,0.3498,1,3,NA,1088,3,LA,4772,0.3736,0.6264,0.0308,0.0226,0.0174,0.1846,0.0627,8e-4,0.0166,0.0189,0.6456,2025-11-17
0.7456,21.488462904,7998,Monroe,1,23552,35112696,0.6975505857,0.3800852383,21500,0,0,1,University of Louisiana at Monroe,www.ulm.edu/,46769,0,00202000,0.0321,0,0.008,0.1328,0.3341,0.7864,3,NA,1102,3,LA,4891,0.348,0.652,0.0311,0.0031,0.0135,0.2427,0.0341,2e-4,0.0603,0.0343,0.5807,2025-11-17
NA,27.021686747,4989,Minden,1,17202,NA,0.4923694779,0.5228136882,PS,0,0,2,Northwest Louisiana Technical Community College,www.nltcc.edu/,32503,0,00997500,0,0,0,0.0277,0.499,0.4253,1,NA,NA,1,LA,837,0.5854,0.4146,0.0287,0.0108,0.0012,0.4636,0.0346,0.0036,0.0024,0.0084,0.4468,2025-11-17
0.9374,24.25006283,7186,Natchitoches,1,24496,16816137,0.7343553657,0.424301676,25000,0,0,1,Northwestern State University of Louisiana,https://www.nsula.edu/,47021,0,00202100,0.0212,0,0.0012,0.0902,0.3488,0.6903,3,NA,1090,3,LA,5840,0.2884,0.7116,0.0473,0.0135,0.0096,0.2967,0.061,0.0012,0.0192,0.0154,0.5361,2025-11-17
0.9901,25.695652174,7700,New Orleans,2,28380,22693408,0.8932806324,0.4898876404,26995,0,0,1,University of Holy Cross,uhcno.edu/,49316,0,00202300,0.1474,0,0,0.0842,0.2842,0.4037,3,30,NA,3,LA,405,0.1827,0.8173,0.0494,0.0025,0.037,0.2469,0.1235,0,0,0.1259,0.4148,2025-11-17
0.8294,28.606188467,8005,Baton Rouge,2,27314,11112553,0.8931082982,0.4736024845,27672,0,0,1,Franciscan Missionaries of Our Lady University,www.franu.edu/,59419,0,03106200,0,0,0,0.0169,0.3575,1,3,30,NA,3,LA,826,0.1574,0.8426,0,0.0145,0.0278,0.2215,0.0605,0,0,0.0097,0.6659,2025-11-17
NA,24.212531753,5902,Schriever,1,16674,538588,0.6943268417,0.5894428152,10064,0,0,2,Fletcher Technical Community College,www.fletcher.edu/,32189,0,00576100,0,0,0,0.1375,0.5769,0.4225,1,NA,NA,1,LA,1999,0.2656,0.7344,0.058,0.0475,0.0065,0.2911,0.0615,0.002,0.005,0.0075,0.5208,2025-11-17
NA,27.401734739,5160,Lafayette,2,35344,NA,0.7714097497,0.5946662943,13271,0,0,2,Remington College-Lafayette Campus,https://www.remingtoncollege.edu/locations/lafayette/,31349,0,03026514,0,0,0,0,0.9667,NA,1,NA,NA,1,LA,247,0.2672,0.7328,0.0202,0.004,0.0081,0.749,0.0081,0,0,0,0.2105,2025-11-17
NA,24.737335835,6043,Lake Charles,1,16402,1913239,0.5797373358,0.508683068,PS,0,0,2,SOWELA Technical Community College,www.sowela.edu/,32303,0,00546700,0,0,0,0.1486,0.4177,0.6523,1,NA,NA,1,LA,2979,0.4797,0.5203,0.0396,0.0037,0.0084,0.2313,0.053,0.002,0.0117,0.0087,0.6415,2025-11-17
0.9428,20.889678311,7364,Hammond,1,22647,20049485,0.6394316163,0.3990835697,22113,0,0,1,Southeastern Louisiana University,https://www.southeastern.edu/,46482,0,00202400,0.0594,0,0.0065,0.2202,0.33,0.8386,3,NA,1090,3,LA,9514,0.3808,0.6192,0.048,0.0019,0.0107,0.1931,0.0718,8e-4,0.0168,0.0025,0.6543,2025-11-17
0.4987,21.13894081,7535,Baton Rouge,1,26076,11051970,0.6367601246,0.3966005666,29251,1,0,1,Southern University and A & M College,www.subr.edu/,43371,0,00202500,0.0114,0.0715,0.0072,0.1159,0.6458,0.9907,3,NA,938,3,LA,5323,0.3184,0.6816,0.0152,9e-4,0.0026,0.9468,0.0085,6e-4,0.003,0.0147,0.0077,2025-11-17
0.6021,26.013207547,7041,New Orleans,1,20893,3137803,0.7254716981,0.496009122,31000,1,0,1,Southern University at New Orleans,www.suno.edu/,34042,0,00202600,0.0089,0,0.0311,0.1822,0.4458,1,3,NA,910,3,LA,1095,0.2612,0.7388,0.0201,9e-4,0,0.9251,0.0228,0,0,0.0082,0.0228,2025-11-17
NA,24.112136594,6147,Shreveport,1,18188,1370882,0.6566682049,0.4939091916,18500,1,0,2,Southern University at Shreveport,www.susla.edu/,33099,0,00768600,0.0036,0,0,0.0433,0.5101,0.5818,2,NA,NA,2,LA,1974,0.2239,0.7761,0.0086,0.0035,0.0051,0.9017,0.0076,0.0015,5e-4,0.001,0.0704,2025-11-17
0.8883,21.933164129,8915,Lafayette,1,24631,154721046,0.6164128596,0.3848580442,22902,0,0,1,University of Louisiana at Lafayette,www.louisiana.edu/,47089,0,00203100,0.0892,0.0883,0.0046,0.1352,0.3877,0.7488,3,NA,1219,3,LA,12269,0.4176,0.5824,0.0418,0.0032,0.0235,0.2654,0.0526,8e-4,0.0072,0.0212,0.5844,2025-11-17
NA,24.460750853,5456,Lacombe,1,15772,820000,0.6069397042,0.5154098361,12000,0,0,2,Northshore Technical Community College,northshorecollege.edu/,29734,0,00675600,0,0,0,0.0274,0.2188,0.65,1,NA,NA,1,LA,2156,0.474,0.526,0.0292,0.0032,0.0032,0.365,0.0552,9e-4,0.0028,0.0032,0.5371,2025-11-17
0.1459,22.748197449,12908,New Orleans,2,83761,2001112000,0.6045479756,0.1800116891,20500,0,0,1,Tulane University of Louisiana,https://tulane.edu/,63268,0,00202900,0.0044,0.0292,0.0127,0.276,0.0928,0.6987,3,NA,1443,3,LA,7759,0.3865,0.6135,0.0503,0.0012,0.0575,0.069,0.1075,8e-4,0.0561,0.0108,0.647,2025-11-17
0.7448,19.799426934,9727,New Orleans,2,39183,162713397,0.7478510029,0.2657232704,24053,1,0,1,Xavier University of Louisiana,https://www.xula.edu/,52184,0,00203200,0.0186,0,0.0186,0.0858,0.5171,0.7885,3,30,1077,3,LA,2534,0.2451,0.7549,0.0379,4e-4,0.0292,0.8477,0.0399,0,0.0284,0.0043,0.0122,2025-11-17
0.6502,20.217391304,8972,Bar Harbor,2,56334,67786884,0.7826086957,PS,25050,0,0,1,College of the Atlantic,https://www.coa.edu/,40264,0,01138500,0,0,0,0,0.2653,1,3,NA,NA,3,ME,358,0.2849,0.7151,0.0196,0,0.014,0.0028,0.0615,0,0.2151,0.014,0.6732,2025-11-17
0.1302,19.421404682,11817,Lewiston,2,80440,418543930,0.491638796,0.150877193,14275,0,0,1,Bates College,www.bates.edu/,69498,0,00203600,0,0,0.0433,0,0.1022,0.9526,3,NA,1446,3,ME,1753,0.4934,0.5066,0.0839,0.0023,0.0656,0.0445,0.0884,6e-4,0.0953,0.0057,0.6138,2025-11-17
0.0802,19.387820513,14059,Brunswick,2,80390,2472818000,0.5064102564,0.1883561644,18500,0,0,1,Bowdoin College,https://www.bowdoin.edu/,82735,0,00203800,0.0042,0,0.0604,0,0.1614,0.8755,3,NA,1514,3,ME,1846,0.481,0.519,0.1018,0.0011,0.1105,0.0547,0.1343,0.0016,0.0677,0.0022,0.526,2025-11-17
0.3333,28.324324324,6117,Lewiston,2,20438,8174853,0.9189189189,0.4927536232,15250,0,0,1,Maine College of Health Professions,www.mchp.edu/,79840,0,00630500,0,0,0,0,0.5148,0.8182,2,NA,910,2,ME,228,0.1184,0.8816,0.0175,0.0088,0.0132,0.0526,0.0044,0,0,0.0482,0.8553,2025-11-17
NA,24.572429907,6844,Auburn,1,15160,1382126,0.5502336449,0.4681571816,12000,0,0,2,Central Maine Community College,https://www.cmcc.edu/,42448,0,00527600,0.0582,0,0,0.2051,0.3386,0.3061,2,NA,NA,2,ME,2828,0.4374,0.5626,0.0297,0.0057,0.0074,0.0941,0.0375,0.0014,0.0265,0.0368,0.761,2025-11-17
0.0683,19.413897281,12602,Waterville,2,81550,1122451000,0.5679758308,0.108974359,19157,0,0,1,Colby College,www.colby.edu/,80490,0,00203900,0.0148,0,0.0314,0,0.1318,0.9464,3,NA,1500,3,ME,2282,0.4886,0.5114,0.0714,9e-4,0.1074,0.0543,0.0828,9e-4,0.1104,0.0364,0.5355,2025-11-17
NA,24.18175583,7281,Bangor,1,17184,1704698,0.4924554184,0.4134036145,11293,0,0,2,Eastern Maine Community College,https://www.emcc.edu/,41704,0,00527700,0.0663,0,0,0.1454,0.2803,0.396,2,NA,NA,2,ME,1692,0.4941,0.5059,0.0349,0.013,0.0142,0.0142,0.0372,6e-4,0.0089,0.0189,0.8582,2025-11-17
NA,26.873563218,6860,Fairfield,1,13978,4023898,0.632183908,0.4951361868,13255,0,0,2,Kennebec Valley Community College,www.kvcc.me.edu/,36035,0,00982600,0.0668,0,0,0.054,0.3096,1,2,NA,NA,2,ME,1538,0.3349,0.6651,0.0325,0.0033,0.0059,0.0104,0.0338,0.0013,0.0072,0.0169,0.8888,2025-11-17
NA,29.107796965,7870,Augusta,1,18813,7895000,0.7263212977,0.5086009174,22734,0,0,1,University of Maine at Augusta,www.uma.edu/,40342,0,00676000,0.045,0,0,0.1073,0.3196,0.3815,3,NA,NA,3,ME,2759,0.3161,0.6839,0.0435,0.0116,0.0083,0.0359,0.0489,4e-4,0.0065,0.0337,0.8112,2025-11-17
0.9763,20.396711202,8306,Farmington,1,24103,15355000,0.6762589928,0.3243823845,24499,0,0,1,University of Maine at Farmington,https://www.umf.maine.edu/,44433,0,00204000,0.3964,0,0.0071,0.1107,0.3248,0.7265,3,NA,1040,3,ME,1131,0.3599,0.6401,0.0283,0.0035,0.0062,0.0177,0.0442,9e-4,0.0018,0.0141,0.8833,2025-11-17
0.9907,25.789103691,7831,Fort Kent,1,18532,4697000,0.7434094903,0.4291187739,20160,0,0,1,University of Maine at Fort Kent,www.umfk.maine.edu/,51077,0,00204100,0,0,0,0.0599,0.139,0.549,3,NA,NA,3,ME,638,0.2649,0.7351,0.0455,0.0078,0.011,0.0815,0.0361,0.0031,0.1097,0.0345,0.6708,2025-11-17
0.9571,20.161975309,11151,Orono,1,26418,456236000,0.482962963,0.2340534979,25000,0,0,1,University of Maine,www.umaine.edu/,48653,0,00205300,0.0899,0.1269,0.0085,0.1676,0.2196,0.6955,3,NA,NA,3,ME,8341,0.5189,0.4811,0.0387,0.009,0.0171,0.0182,0.0471,2e-4,0.0219,0.0181,0.8295,2025-11-17
0.614,20.223194748,NA,Castine,1,30166,44837944,0.1750547046,0.206741573,27000,0,0,1,Maine Maritime Academy,https://mainemaritime.edu/,89964,0,00204400,0,0.2443,0,0.1603,0.2472,0.7755,3,NA,1185,3,ME,888,0.7984,0.2016,0.0203,0.009,0.0124,0.0259,0.0541,0,0.0068,0.0462,0.8255,2025-11-17
0.9709,22.163265306,7805,Presque Isle,1,18663,1281000,0.6387755102,0.3671171171,16000,0,0,1,University of Maine at Presque Isle,www.umpi.edu/,40956,0,00203300,0.0584,0,0.0053,0.36870000000000003,0.2559,0.4103,3,NA,NA,3,ME,1362,0.4339,0.5661,0.036,0.0132,0.0191,0.0984,0.0999,0.0015,0.0984,0.0338,0.5999,2025-11-17
0.8884,20.370609319,9082,Biddeford,2,60706,84452651,0.7390681004,0.2207307979,25250,0,0,1,University of New England,https://www.une.edu/,55921,0,00205000,0.0437,0,0.0036,0.051,0.1189,0.5098,3,NA,NA,3,ME,2189,0.3157,0.6843,0.0315,0.0014,0.0279,0.0164,0.0393,0.0018,0.0037,0.0274,0.8506,2025-11-17
NA,24.821585903,7175,Presque Isle,1,15581,4610460,0.4735682819,0.4671532847,10825,0,0,2,Northern Maine Community College,www.nmcc.edu/,43348,0,00576000,0.0429,0,0,0.1472,0.4189,0.84,2,NA,NA,2,ME,577,0.5043,0.4957,0.0139,0.0156,0.0017,0.0243,0.0277,0.0017,0.0173,0.0139,0.8839,2025-11-17
0.7755,20.832167832,6915,Portland,2,57027,13869461,0.7307692308,0.2388059701,27000,0,0,1,Maine College of Art & Design,www.meca.edu/,40778,0,01167300,0,0,0,0,0.2658,0.2857,3,NA,NA,3,ME,415,0.241,0.759,0.1012,0.0048,0.0265,0.0169,0.0627,0,0,0.053,0.7349,2025-11-17
0.8172,22.7593361,6398,Standish,2,58452,15523555,0.6390041494,0.3053097345,27000,0,0,1,Saint Joseph's College of Maine,www.sjcme.edu/,59045,0,00205100,0.0909,0,0.0079,0.0791,0.201,1,3,30,1030,3,ME,930,0.3839,0.6161,0.0258,0.0011,0.0075,0.0527,0.0591,0.0011,0,0.0441,0.8086,2025-11-17
NA,24.131365553,7890,South Portland,1,16400,1890324,0.5497891664,0.3910998553,10331,0,0,2,Southern Maine Community College,https://www.smccme.edu/,41661,0,00552500,0.0395,0.0089,0,0.1505,0.2454,0.2542,2,NA,NA,2,ME,5279,0.444,0.556,0.0352,0.0028,0.0208,0.1059,0.0479,9e-4,0.0121,0.0188,0.7554,2025-11-17
0.7931,23.607452967,10710,Portland,1,21381,42013000,0.6078147612,0.328369906,19060,0,0,1,University of Southern Maine,usm.maine.edu/,49958,0,00205400,0.0317,0.0317,0.0053,0.1742,0.2628,0.4018,3,NA,1130,3,ME,4245,0.4054,0.5946,0.0412,0.0061,0.0273,0.081,0.0455,9e-4,0.0179,0.0214,0.7585,2025-11-17
0.9707,20.042808219,7542,Waterville,2,43757,18608816,0.5017123288,0.3786764706,24250,0,0,1,Thomas College,www.thomas.edu/,44991,0,00205200,0.1019,0,0.0064,0.3248,0.1534,0.4783,3,NA,NA,3,ME,688,0.5145,0.4855,0.0305,0.0073,0.0073,0.0552,0.0247,0.0015,0.0523,0.0392,0.782,2025-11-17
0.818,20.176724138,5404,New Gloucester,2,20915,15715242,0.5086206897,0.3211009174,25000,0,0,1,Unity Environmental University,https://unity.edu/,37852,0,00685800,0,0,0,0,0.5925,0.0684,3,NA,NA,3,ME,5619,0.2189,0.7811,0.0481,0.0119,0.0103,0.0573,0.1244,0.0023,5e-4,0.0468,0.6983,2025-11-17
NA,23.5,6995,Calais,1,13240,548829,0.3969465649,0.4411764706,PS,0,0,2,Washington County Community College,www.wccc.me.edu/,34407,0,00923100,0.16,0,0,0.09,0.4218,0.4074,1,NA,NA,1,ME,397,0.4484,0.5516,0.0504,0.0504,0,0.0554,0.0504,0,0.0076,0.0605,0.7254,2025-11-17
NA,23.367830424,6204,Cumberland,1,16082,20352969,0.6172069825,0.4775086505,13702,0,0,2,Allegany College of Maryland,www.allegany.edu/,38476,0,00205700,0.0264,0,0,0.1021,0.3029,0.6287,2,NA,NA,2,MD,1743,0.2478,0.7522,0.047,0.0011,0.012,0.1583,0.0436,6e-4,0.0207,0.0052,0.7114,2025-11-17
NA,24.50610622,8995,Arnold,1,20548,8485634,0.6086339108,0.4391517129,8250,0,0,2,Anne Arundel Community College,www.aacc.edu/,46219,0,00205800,0.0313,0.0175,0.0041,0.1826,0.1977,0.2163,2,NA,NA,2,MD,8570,0.3942,0.6058,0.0581,0.0037,0.048,0.1975,0.1256,8e-4,0.0245,0.0588,0.483,2025-11-17
NA,26.499371069,9519,Baltimore,1,15745,1413142,0.6742138365,0.5645879733,PS,0,0,2,Baltimore City Community College,www.bccc.edu/,36025,0,00206100,0.0086,0.0064,0,0.0901,0.4059,0.313,2,NA,NA,2,MD,3234,0.2662,0.7338,0.0223,0.0015,0.0074,0.7044,0.0331,6e-4,0.1592,0.0284,0.043,2025-11-17
0.8555,27.588526912,13190,Baltimore,1,27477,62812787,0.6104815864,0.3990024938,23250,0,0,1,University of Baltimore,www.ubalt.edu/,61335,0,00210200,0,0,0,0.3097,0.4317,0.5599,3,NA,1060,3,MD,1276,0.413,0.587,0.0494,0.0024,0.0415,0.4992,0.0854,0.0024,0.0141,0.0447,0.261,2025-11-17
0.8354,22.437546194,10830,Bowie,1,24302,41247594,0.6363636364,0.3552006905,22985,1,0,1,Bowie State University,www.bowiestate.edu/,54537,0,00206200,0.0327,0,0.0047,0.1719,0.439,0.4429,3,NA,935,3,MD,5207,0.395,0.605,0.0376,0.0033,0.0119,0.8241,0.0574,0.0019,0.0148,0.0238,0.0252,2025-11-17
0.7794,23.026200873,5193,Laurel,2,40900,4978506,0.1528384279,0.356097561,20264,0,0,1,Capitol Technology University,www.captechu.edu/,85035,0,00143600,0,0.3684,0,0.0263,0.3523,0.1242,3,NA,NA,3,MD,259,0.8069,0.1931,0.0232,0.0154,0.0888,0.3591,0.0618,0,0.0154,0.1429,0.2934,2025-11-17
NA,25.306026365,7637,North East,1,15109,8231156,0.6271186441,0.5329787234,9536,0,0,2,Cecil College,www.cecil.edu/,43952,0,00830800,0.0385,0.0178,0.0118,0.1391,0.2578,0.2714,2,NA,NA,2,MD,1369,0.3514,0.6486,0.0387,0.0015,0.0117,0.1125,0.0979,7e-4,0.0117,0.0095,0.7159,2025-11-17
NA,24.767757382,8621,La Plata,1,13570,9402517,0.637669593,0.4511520737,8500,0,0,2,College of Southern Maryland,www.csmd.edu/,44435,0,00206400,0.0063,0.0206,0,0.1607,0.2473,1,2,NA,NA,2,MD,4422,0.3969,0.6031,0.0733,0.0068,0.0391,0.2877,0.0916,0.0027,0.0093,0.0339,0.4557,2025-11-17
NA,23.929455446,7956,Wye Mills,1,10090,4309220,0.6782178218,0.5363766049,PS,0,0,2,Chesapeake College,https://www.chesapeake.edu/,36301,0,00465000,0.0722,0,0,0.1369,0.2664,0.3842,2,NA,NA,2,MD,1275,0.3498,0.6502,0.0376,0.0039,0.0165,0.12,0.0949,0.0031,0.0094,0.04,0.6745,2025-11-17
0.4536,27.13372093,6032,Takoma Park,2,34570,2888883,0.7209302326,0.3518518519,30500,0,1,1,Washington Adventist University,https://www.wau.edu/,64249,0,00206700,0.0417,0,0,0.1528,0.4605,0.247,3,95,920,3,MD,522,0.408,0.592,0.0383,0.0019,0.0268,0.431,0.2414,0.0096,0.1418,0.0651,0.0441,2025-11-17
0.4956,26.686817189,9486,Baltimore,1,20152,15195191,0.7749453751,0.472,25000,1,0,1,Coppin State University,www.coppin.edu/,46490,0,00206800,0.0571,0,0.012,0.1231,0.5304,0.5766,3,NA,NA,3,MD,1756,0.2329,0.7671,0.0131,0.0074,0.0063,0.8263,0.0438,0.0023,0.0518,0.0353,0.0137,2025-11-17
NA,25.442153494,7917,Frederick,1,8886,14262402,0.5904925544,0.4339869281,8150,0,0,2,Frederick Community College,https://www.frederick.edu/,46449,0,00207100,0.0227,0,0,0.1649,0.1759,0.2465,2,NA,NA,2,MD,4116,0.4402,0.5598,0.0692,0.0017,0.0466,0.1715,0.1863,0.001,0.0272,0,0.4964,2025-11-17
0.8944,21.740955784,8848,Frostburg,1,26500,38315197,0.5270209915,0.3599803825,21105,0,0,1,Frostburg State University,www.frostburg.edu/,55493,0,00207200,0.0869,0.0386,0.0041,0.1131,0.3285,0.6809,3,NA,NA,3,MD,2849,0.4661,0.5339,0.0484,0.0025,0.0119,0.2408,0.0698,0.0011,0.0214,0.0091,0.5949,2025-11-17
NA,20.940816327,7559,McHenry,1,11688,7682224,0.506122449,0.409610984,10750,0,0,2,Garrett College,www.garrettcollege.edu/index.php,35823,0,01001400,0.0918,0.0102,0,0.1837,0.3057,1,2,NA,NA,2,MD,424,0.5472,0.4528,0.0354,0.0047,0.0024,0.1203,0.0425,0,0.0212,0.0165,0.7571,2025-11-17
0.729,20.955128205,8122,Baltimore,2,68893,243311000,0.6826923077,0.1759729272,26000,0,0,1,Goucher College,www.goucher.edu/,53023,0,00207300,0.024,0.0096,0,0.0865,0.3123,0.5789,3,NA,1225,3,MD,948,0.3407,0.6593,0.0021,0.0063,0.0485,0.2827,0.0728,0.0011,0.0316,0.0728,0.4821,2025-11-17
NA,25.85012285,7337,Hagerstown,1,11798,17435673,0.6083538084,0.4760594386,11000,0,0,2,Hagerstown Community College,https://www.hagerstowncc.edu/,41615,0,00207400,0.0411,0.0068,0,0.1397,0.3045,0.2586,2,NA,NA,2,MD,2783,0.3582,0.6418,0.0622,7e-4,0.0284,0.1315,0.1207,0.0011,0.004,0.0327,0.6188,2025-11-17
NA,24.252561475,7291,Bel Air,1,14290,13808616,0.6050204918,0.4127358491,9812,0,0,2,Harford Community College,https://www.harford.edu/,44608,0,00207500,0.047,0.0213,0,0.1946,0.2244,0.351,2,NA,NA,2,MD,3628,0.4027,0.5973,0.0488,0.0039,0.0397,0.1863,0.0841,0.0017,0.0201,0.0041,0.6114,2025-11-17
0.7813,21.52991453,8181,Frederick,2,59174,127676673,0.6358974359,0.3111111111,25000,0,0,1,Hood College,www.hood.edu/,57089,0,00207600,0.0808,0,0.0115,0.1462,0.3627,0.405,3,NA,NA,3,MD,1202,0.3652,0.6348,0.0532,0.0017,0.0316,0.1739,0.1456,0,0.01,0.0657,0.5183,2025-11-17
NA,25.152785924,8810,Columbia,1,15645,11916667,0.6217008798,0.3873409013,10500,0,0,2,Howard Community College,www.howardcc.edu/,49020,0,00817500,0.0209,0.0137,0,0.1279,0.2815,0.2493,2,NA,NA,2,MD,6779,0.4119,0.5881,0.0597,0.0025,0.1242,0.321,0.1488,0.0013,0.0652,0.0462,0.231,2025-11-17
0.0756,21.056953642,18373,Baltimore,2,81300,8244472000,0.517218543,0.1312714777,10250,0,0,1,Johns Hopkins University,www.jhu.edu/,87555,0,00207700,0,0.1967,0.0544,0,0.1976,0.965,3,NA,1553,3,MD,5617,0.4593,0.5407,0.0637,0.0014,0.2663,0.0949,0.2071,5e-4,0.1506,0.0153,0.2001,2025-11-17
0.7633,19.453576865,9511,Baltimore,2,71606,301817062,0.602739726,0.1349453978,27000,0,0,1,Loyola University Maryland,https://www.loyola.edu/,82652,0,00207800,0.0227,0.0432,0.0057,0.3386,0.177,1,3,30,1292,3,MD,3975,0.436,0.564,0.0496,0.001,0.0413,0.1135,0.1379,0.001,0.0221,0.0068,0.6269,2025-11-17
NA,29.996718829,9194,Adelphi,1,19790,54472455,0.5443589096,0.4647196604,21000,0,0,1,University of Maryland Global Campus,www.umgc.edu/,65287,0,01164400,0,0,0,0.239,0.2844,0.0451,3,NA,NA,3,MD,48238,0.5557,0.4443,0.0476,0.005,0.0518,0.2593,0.1759,0.0077,0.0141,0.1059,0.3328,2025-11-17
NA,27.664351852,13767,Baltimore,1,NA,466849036,0.8587962963,0.3789473684,15000,0,0,1,University of Maryland Baltimore,www.umaryland.edu/,88174,0,00210400,0,0,0,0,0.2534,0.381,3,NA,NA,3,MD,959,0.1762,0.8238,0.0501,0.001,0.1898,0.316,0.1283,0,0.0355,0.0104,0.269,2025-11-17
0.7424,22.286146234,12619,Baltimore,1,27935,146753148,0.4939527213,0.2740181269,19500,0,0,1,University of Maryland-Baltimore County,umbc.edu/,69960,0,00210500,4e-4,0.0815,0.0319,0.0114,0.296,0.6672,3,NA,1299,3,MD,10434,0.5418,0.4582,0.0648,0.0011,0.2386,0.2385,0.0929,4e-4,0.0461,0.0126,0.3051,2025-11-17
0.4484,20.78256718,16391,College Park,1,28073,965446224,0.508934661,0.2242705763,19000,0,0,1,University of Maryland-College Park,www.umd.edu/,82860,0,00210300,0.016,0.1247,0.0191,0.1284,0.1859,0.8169,3,NA,1463,3,MD,30246,0.507,0.493,0.0489,0.001,0.2401,0.129,0.1071,5e-4,0.0318,0.0436,0.3981,2025-11-17
0.7729,20.5,9575,Baltimore,2,71366,109355771,0.7222222222,0.1738197425,26500,0,0,1,Maryland Institute College of Art,www.mica.edu/,45212,0,00208000,0,0,0,0,0.2081,0.1556,3,NA,1207,3,MD,1319,0.2343,0.7657,0.0637,0.0023,0.113,0.1183,0.0986,0,0.213,0.0591,0.3321,2025-11-17
0.9036,20.372833985,10559,Princess Anne,1,27799,65229324,0.5885969816,0.3575063613,27000,1,0,1,University of Maryland Eastern Shore,wwwcp.umes.edu/,47697,0,00210600,0.0197,0.0362,0,0.1513,0.5261,0.7125,3,NA,NA,3,MD,2165,0.455,0.545,0.0457,0.0037,0.0097,0.7783,0.0443,9e-4,0.0282,0.0139,0.0753,2025-11-17
NA,23.52105195,9083,Rockville,1,14410,32518029,0.5606943905,0.4362119725,10415,0,1,2,Montgomery College,www.montgomerycollege.edu/,50159,0,00691100,0.0227,0.0349,0,0.1666,0.2512,0.3829,2,NA,NA,2,MD,13519,0.4994,0.5006,0.0399,0.0016,0.1223,0.2507,0.3017,0.0012,0.0868,0.0022,0.1936,2025-11-17
0.8296,21.506378455,11055,Baltimore,1,24778,91221445,0.5864635011,0.3310118804,27250,1,0,1,Morgan State University,https://www.morgan.edu/,50698,0,00208300,0.0332,0.1068,0.0041,0.1649,0.5445,0.6207,3,NA,984,3,MD,8293,0.3802,0.6198,0.0293,0.0023,0.0035,0.7436,0.0515,4e-4,0.0678,0.0942,0.0075,2025-11-17
0.7186,20.844221106,8100,Emmitsburg,2,62078,59202444,0.5489949749,0.232712766,25391,0,0,1,Mount St. Mary's University,https://msmary.edu/,64072,0,00208600,0.0856,0,0.0049,0.2494,0.269,1,3,30,1141,3,MD,1806,0.4623,0.5377,0.0443,0.0017,0.0305,0.2154,0.1473,0.0028,0.0454,0.015,0.4978,2025-11-17
0.7941,21.323529412,7528,Baltimore,2,25650,NA,PS,PS,PS,0,0,1,Ner Israel Rabbinical College,https://nirc.edu/,66330,0,00208700,0,0,0,0,0.2073,1,3,80,NA,3,MD,292,1,0,0,0,0,0,0,0,0.1096,0,0.8904,2025-11-17
0.8649,27.924485126,7926,Baltimore,2,60362,49321528,0.938215103,0.4094292804,22666,0,0,1,Notre Dame of Maryland University,www.ndm.edu/,65344,0,00206500,0,0,0,0.0158,0.3227,0.3509,3,30,NA,3,MD,684,0.1096,0.8904,0,0.0015,0.0468,0.3202,0.1316,0.0015,0.0044,0.212,0.2822,2025-11-17
NA,25.431611464,8414,Largo,1,16107,5695247,0.6277672902,0.4608466769,10500,0,0,2,Prince George's Community College,https://www.pgcc.edu/,47548,0,00208900,0.0307,0.0075,0,0.1515,0.319,0.3706,2,NA,NA,2,MD,8049,0.3705,0.6295,0.0367,0.0024,0.034,0.6221,0.2101,0.0014,0.0375,0.0165,0.0394,2025-11-17
0.8863,21.126610825,10145,Salisbury,1,26134,93445415,0.5956829897,0.2917236662,21000,0,0,1,Salisbury University,https://www.salisbury.edu/,61515,0,00209100,0.0945,0,0.013,0.1705,0.2405,0.6977,3,NA,1250,3,MD,6056,0.4406,0.5594,0.0431,0.0036,0.031,0.1352,0.0736,7e-4,0.0069,0.015,0.6907,2025-11-17
0.7539,20.370235935,8799,St. Mary's City,1,31319,40034496,0.5970961887,0.2328244275,21000,0,0,1,St. Mary's College of Maryland,https://www.smcm.edu/,60110,0,00209500,0,0,0.0378,0,0.2017,0.7302,3,NA,1232,3,MD,1566,0.3946,0.6054,0.0556,0,0.0287,0.1149,0.0837,0.0045,0.0032,0.0089,0.7005,2025-11-17
0.4429,20.546583851,8988,Annapolis,2,52683,149227172,0.4099378882,PS,27000,0,0,1,St. John's College,www.sjc.edu/,51584,0,00209200,0,0,0,0,0.2208,0.9306,3,NA,1381,3,MD,488,0.5061,0.4939,0.0594,0,0.0389,0.0225,0.0656,0,0.1496,0.0307,0.6332,2025-11-17
0.828,21.479152141,9513,Towson,1,26621,95700858,0.6269697392,0.2895995218,18718,0,0,1,Towson University,www.towson.edu/,64390,0,00209900,0.094,0,0.0052,0.1427,0.3346,0.5591,3,NA,1166,3,MD,16400,0.4177,0.5823,0.0571,0.0013,0.0696,0.3279,0.1096,6e-4,0.0148,0.0099,0.4091,2025-11-17
0.0936,NA,13901,Annapolis,1,NA,341837755,NA,NA,NA,0,0,1,United States Naval Academy,www.usna.edu/,NA,0,00210100,0,0.3508,0.0214,0,NA,0.9741,3,NA,1308,NA,MD,4465,0.7041,0.2959,0.0869,0.002,0.0968,0.0634,0.1436,0.0036,0.0128,0.0125,0.5785,2025-11-17
0.832,21.637663886,8699,Owings Mills,2,57322,103541347,0.6609058403,0.3069435432,26000,0,0,1,Stevenson University,www.stevenson.edu/,62079,0,00210700,0.0428,0.0027,0.0053,0.1765,0.2894,0.301,3,NA,NA,3,MD,3027,0.3849,0.6151,0.0591,0.0017,0.036,0.3046,0.0971,0.001,0.0116,0.0135,0.4754,2025-11-17
0.6554,19.401785714,6433,Chestertown,2,70191,267150417,0.6089285714,0.1603773585,26956,0,0,1,Washington College,www.washcoll.edu/,65518,0,00210800,0,0,0.023,0.1567,0.2052,0.7895,3,NA,1274,3,MD,890,0.4348,0.5652,0,0.0034,0.0292,0.0933,0.0899,0.0022,0.0202,0.0876,0.6742,2025-11-17
0.8358,19.891549296,8097,Westminster,2,62974,143062000,0.5169014085,0.2636363636,25000,0,0,1,McDaniel College,www.mcdaniel.edu/,60663,0,00210900,0.0349,0,0.0107,0.1528,0.3381,0.2357,3,NA,NA,3,MD,1652,0.4165,0.5835,0.0587,0.0018,0.0218,0.2276,0.1059,6e-4,0.0097,0.0218,0.5521,2025-11-17
NA,25.054036458,7223,Salisbury,1,12199,25200584,0.6315104167,0.4895209581,7828,0,0,2,Wor-Wic Community College,www.worwic.edu/,36748,0,02073900,0.0354,0,0,0.065,0.4069,0.5038,2,NA,NA,2,MD,2047,0.3078,0.6922,0.0596,0.002,0.0205,0.3,0.0796,5e-4,0.0127,0.0112,0.5139,2025-11-17
0.5335,20.96,10825,Cambridge,2,74875,NA,PS,PS,PS,0,0,1,Hult International Business School,www.hult.edu/,NA,0,04143200,0,0,0,1,0.0836,0.3429,3,NA,NA,3,MA,694,0.6196,0.3804,0.0259,0,0.013,0.0288,0.0677,0.0014,0.7536,0.0706,0.0389,2025-11-17
0.969,21.604678363,7944,Springfield,2,55463,28023986,0.5941520468,0.4057377049,27000,0,1,1,American International College,www.aic.edu/,53124,0,00211400,0.0047,0,0,0.1028,0.5004,0.1573,3,NA,NA,3,MA,1097,0.4959,0.5041,0.0447,0.0018,0.01,0.2607,0.2388,0.0191,0.0729,0.0128,0.3391,2025-11-17
0.0982,19.660056657,14540,Amherst,2,83650,3321852777,0.5439093484,0.2084592145,13740,0,0,1,Amherst College,www.amherst.edu/,77644,0,00211500,0.0108,0,0.0868,0,0.216,0.9559,3,NA,1494,3,MA,1907,0.4625,0.5375,0.0844,0.0021,0.1557,0.1122,0.151,5e-4,0.1222,0.0126,0.3592,2025-11-17
0.8956,22.691107644,7192,Paxton,2,61106,5821338,0.6302652106,0.3969335605,25000,0,0,1,Anna Maria College,www.annamaria.edu/,46651,0,00211700,0.015,0,0,0.1391,0.3424,0.2805,3,30,NA,3,MA,948,0.6255,0.3745,0.0105,0.0053,0.0148,0.1403,0.1435,0,0.0981,0.0981,0.4895,2025-11-17
0.8654,20.621,9542,Worcester,2,61777,108227034,0.597,0.1752903907,27000,0,0,1,Assumption University,https://www.assumption.edu/,74895,0,00211800,0.0021,0,0.0256,0.2692,0.1937,0.5125,3,30,NA,3,MA,1664,0.4591,0.5409,0.0331,0.0012,0.027,0.0565,0.1136,6e-4,0.0258,0.0156,0.7266,2025-11-17
0.1974,19.440711462,19491,Wellesley,2,77248,663315949,0.4822134387,0.1487603306,20000,0,0,1,Babson College,www.babson.edu/,123938,0,00212100,0,0,0,1,0.1423,1,3,NA,1435,3,MA,2696,0.572,0.428,0.0252,4e-4,0.1332,0.0471,0.1658,0,0.2852,0.0423,0.3008,2025-11-17
0.735,29.326963907,9298,Longmeadow,2,47064,64645290,PS,0.4970662196,24901,0,1,1,Bay Path University,www.baypath.edu/,55383,0,00212200,0.0881,0,0,0.2264,0.6616,0.1413,3,NA,NA,3,MA,1186,0,1,0.0067,8e-4,0.0219,0.1206,0.2504,0,0.0017,0.1273,0.4705,2025-11-17
0.4844,19.811183144,15685,Waltham,2,77082,333061000,0.3995137763,0.1555367709,25023,0,0,1,Bentley University,www.bentley.edu/,120959,0,00212400,0,0,0.0021,0.9167,0.1508,0.6613,3,NA,1340,3,MA,4288,0.6108,0.3892,0.0296,0.0019,0.1012,0.0399,0.125,2e-4,0.1406,0.0091,0.5525,2025-11-17
0.4991,24.495095509,10565,Boston,2,69874,406592352,0.3608673206,0.2123362445,25000,0,0,1,Berklee College of Music,www.berklee.edu/,33647,0,00212600,0.0081,0,0,0,0.1536,0.34,3,NA,NA,3,MA,7510,0.5594,0.4406,0.0461,0.0016,0.0583,0.0602,0.1272,9e-4,0.3015,0.0123,0.392,2025-11-17
NA,25.470588235,7754,Pittsfield,1,17544,10272397,0.5871040724,0.4486842105,12053,0,0,2,Berkshire Community College,www.berkshirecc.edu/,38832,0,00216700,0.108,0.0244,0,0.0523,0.3607,0.2848,2,NA,NA,2,MA,1100,0.3191,0.6809,0.0618,0.0045,0.0118,0.0909,0.1355,0.0018,0.0045,0.0218,0.6673,2025-11-17
NA,24.428571429,6788,Boston,2,47152,11666895,0.4285714286,PS,37250,0,1,1,Boston Architectural College,www.the-bac.edu/,62123,0,00396600,0,0,0,0,0.202,0.1154,1,NA,NA,3,MA,269,0.4126,0.5874,0.0297,0,0.0743,0.0595,0.2119,0,0.1747,0.0595,0.3903,2025-11-17
0.1565,19.469064748,17441,Chestnut Hill,2,83683,3715412313,0.5189448441,0.1318956871,19000,0,0,1,Boston College,www.bc.edu/,103937,0,00212800,0.0061,0,0.0139,0.2251,0.1273,0.5993,3,30,1501,3,MA,9865,0.4696,0.5304,0.0381,0.0011,0.1117,0.0541,0.1161,5e-4,0.0718,0.0241,0.5825,2025-11-17
0.1085,19.95540186,16124,Boston,2,82694,2973352000,0.6546625328,0.169382716,23250,0,0,1,Boston University,www.bu.edu/,83238,0,00213000,0.0105,0.0793,0.0274,0.173,0.1797,0.6934,3,NA,1473,3,MA,17850,0.4171,0.5829,0.0455,6e-4,0.1988,0.0596,0.1131,7e-4,0.2184,0.0348,0.3285,2025-11-17
0.3531,19.484198646,14477,Waltham,2,82123,1205167500,0.6027088036,0.1630695444,25648,0,0,1,Brandeis University,https://www.brandeis.edu/,77231,0,00213300,0.0124,0,0.0633,0.0566,0.144,0.7261,3,NA,1473,3,MA,3663,0.4248,0.5752,0.0404,0,0.1717,0.0568,0.0822,0,0.208,0.0186,0.4223,2025-11-17
0.8919,21.950323012,10418,Bridgewater,1,25164,60993492,0.5927823569,0.3414215686,24286,0,0,1,Bridgewater State University,www.bridgew.edu/,57466,0,00218300,0.1561,0,0.0225,0.1656,0.3031,1,3,NA,1127,3,MA,7899,0.4225,0.5775,0.0667,9e-4,0.0222,0.1063,0.1015,4e-4,0.0041,0.0054,0.6925,2025-11-17
NA,24.502257336,6969,Fall River,1,11846,7624033,0.6284424379,0.5073836723,8243,0,0,2,Bristol Community College,www.bristolcc.edu/,38663,0,00217600,0.044,0.0132,0,0.1177,0.4335,1,2,NA,NA,2,MA,5073,0.3316,0.6684,0.0647,0.0012,0.0185,0.1248,0.1488,0.0016,0,0.0674,0.573,2025-11-17
0.5217,28.636871508,NA,Brockton,2,NA,NA,0.9106145251,0.4933333333,20000,0,0,2,Signature Healthcare Brockton Hospital School of Nursing,https://signature-healthcare.org/bhson,88084,0,00632200,0,0,0,0,0.3707,NA,1,NA,NA,1,MA,152,0.1053,0.8947,0.0526,0,0.0329,0.2303,0.0263,0,0,0.0395,0.6184,2025-11-17
NA,25.194370861,8137,Boston,1,14699,4784490,0.5710264901,0.5489702517,10500,0,1,2,Bunker Hill Community College,www.bhcc.edu/,47618,0,01121000,0.0416,0.0244,0.009,0.1734,0.3815,0.2573,2,NA,NA,2,MA,7322,0.4261,0.5739,0.0331,0.0015,0.0824,0.2323,0.2998,0.0012,0.0742,0.1161,0.1595,2025-11-17
NA,33.255186722,8831,Boston,2,NA,41731928,0.7427385892,0.509383378,21791,0,0,1,Cambridge College,www.cambridgecollege.edu/,45998,0,02182900,0.0994,0,0,0.4444,0.331,1,3,NA,NA,3,MA,591,0.22,0.78,0.0102,0.0085,0.0305,0.2978,0.291,0.0017,0.0389,0,0.3215,2025-11-17
NA,25.508825787,7670,West Barnstable,1,14356,7401862,0.5924788949,0.4132302405,12000,0,0,2,Cape Cod Community College,www.capecod.edu/,43670,0,00216800,0.0329,0.0094,0.0024,0.0941,0.3142,0.2683,2,NA,NA,2,MA,2223,0.359,0.641,0.0603,0.0031,0.0288,0.1107,0.1368,9e-4,4e-4,0.0193,0.6397,2025-11-17
0.4054,31.114323259,7514,Milton,2,NA,7424595,0.9053876478,0.4510779436,25250,0,0,1,Laboure College of Healthcare,https://www.laboure.edu/,62200,0,00632400,0,0,0,0,0.3664,0.1667,2,NA,NA,2,MA,717,0.1172,0.8828,0.0265,0,0.0321,0.4282,0.1269,0.0028,0.0153,0.0446,0.3236,2025-11-17
0.4167,19.712962963,12160,Worcester,2,64426,487169000,0.6560846561,0.1629526462,26759,0,0,1,Clark University,www.clarku.edu/,62381,0,00213900,0.0233,0,0.01,0.0963,0.2126,0.9961,3,NA,1339,3,MA,2336,0.4272,0.5728,0.0437,0,0.0689,0.0591,0.1173,4e-4,0.0518,0.0317,0.6271,2025-11-17
0.9205,22.325327511,10852,Milton,2,61556,91414240,0.6135371179,0.3001567398,25000,0,0,1,Curry College,https://www.curry.edu/,54400,0,00214300,0.0217,0,0,0.1243,0.2831,0.3881,3,NA,1130,3,MA,1757,0.4183,0.5817,0.033,0.0011,0.0239,0.1389,0.1144,6e-4,0.0154,0.0637,0.609,2025-11-17
0.7371,20.228971963,7352,Franklin,2,62802,64555302,0.4042056075,0.3168187744,25000,0,0,1,Dean College,www.dean.edu/,38109,0,00214400,0.0411,0,0,0.1747,0.296,0.2444,3,NA,NA,2,MA,1142,0.4825,0.5175,0.0473,0.0026,0.0131,0.1217,0.1138,9e-4,0.0158,0.049,0.6357,2025-11-17
0.4748,19.765163297,10655,Boston,2,77153,224902734,0.6143079316,0.1315577078,23000,0,0,1,Emerson College,www.emerson.edu/,62832,0,00214600,0.0146,0,0,0.119,0.1499,0.325,3,NA,1359,3,MA,4145,0.3339,0.6661,0.0483,5e-4,0.0574,0.0502,0.1105,5e-4,0.1643,0.0174,0.551,2025-11-17
0.806,19.55270936,10316,Boston,2,63864,160956937,0.7566502463,0.2073684211,27000,0,0,1,Emmanuel College,www.emmanuel.edu/,68245,0,00214700,0.079,0,0.0068,0.1422,0.2034,0.5533,3,30,1263,3,MA,1874,0.2257,0.7743,0.0309,0.0011,0.0443,0.0694,0.1441,5e-4,0.0085,0.0309,0.6702,2025-11-17
0.7229,20.73929099,11198,Beverly,2,57533,119158126,0.6322008863,0.1894818252,27000,0,0,1,Endicott College,www.endicott.edu/,58336,0,00214800,0.0569,0.019,0.0095,0.2656,0.1313,0.266,3,NA,1263,3,MA,3101,0.3505,0.6495,0.029,0.0016,0.0152,0.0129,0.0564,6e-4,0.0094,0.0242,0.8507,2025-11-17
0.7075,24.795353982,7612,Boston,2,52723,NA,0.6935840708,0.4677419355,25000,0,1,1,Fisher College,https://www.fisher.edu/,49669,0,00215000,0.1124,0,0,0.2329,0.42,0.2538,3,NA,NA,3,MA,1138,0.4429,0.5571,0.0308,9e-4,0.0281,0.0949,0.1889,9e-4,0.1221,0.3181,0.2153,2025-11-17
0.8994,21.473763875,10025,Fitchburg,1,24517,18876660,0.534308779,0.3591470258,24239,0,0,1,Fitchburg State University,www.fitchburgstate.edu/,53874,0,00218400,0.0942,0,0.0072,0.1406,0.3101,0.4975,3,NA,1114,3,MA,2825,0.469,0.531,0.0287,0.0011,0.0312,0.1292,0.1604,4e-4,0.0103,0.0219,0.617,2025-11-17
0.8487,21.342064715,10336,Framingham,1,26539,54656953,0.5988700565,0.3225071225,25000,0,0,1,Framingham State University,www.framingham.edu/,52349,0,00218500,0.0417,0,0.0112,0.2616,0.3448,0.5784,3,NA,1150,3,MA,2556,0.4566,0.5434,0.045,0.0016,0.0348,0.1682,0.2062,0,0.0117,0.0043,0.5282,2025-11-17
NA,23.603571429,7648,Boston,2,27631,950010,0.1107142857,0.487804878,12000,0,1,1,Benjamin Franklin Cummings Institute of Technology,www.bfit.edu/,57556,0,00215100,0,0,0,0.0331,0.4023,0.5424,1,NA,NA,2,MA,412,0.8714,0.1286,0.0631,0.0073,0.068,0.284,0.3277,0,0,0.0801,0.1699,2025-11-17
0.5878,19.605388273,7655,Wenham,2,41160,87072779,0.6497622821,0.1691542289,26250,0,0,1,Gordon College,www.gordon.edu/,52119,0,00215300,0.0764,0,0.0364,0.1091,0.2102,0.497,3,42,1268,3,MA,1247,0.4186,0.5814,0.0289,0,0.0313,0.0553,0.1179,0.0016,0.1075,0.0497,0.6079,2025-11-17
NA,25.995444191,7823,Greenfield,1,13752,NA,0.6184510251,0.3669724771,8307,0,0,2,Greenfield Community College,www.gcc.mass.edu/,37132,0,00216900,0.0088,0.031,0,0.0885,0.296,0.3061,2,NA,NA,2,MA,1232,0.3644,0.6356,0.0406,0.0032,0.0308,0.0609,0.1307,0,0,0.0244,0.7094,2025-11-17
0.7035,19.979452055,9661,Amherst,2,71224,39686592,0.6678082192,0.1390374332,26893,0,0,1,Hampshire College,https://www.hampshire.edu/,46938,0,00466100,0.0441,0,0.0147,0,0.376,0.746,3,NA,NA,3,MA,716,0.3771,0.6229,0.067,0.0042,0.0307,0.0656,0.1327,0,0.067,0.0433,0.5894,2025-11-17
0.0345,22.463589744,23783,Cambridge,2,82842,50877680000,0.5015384615,0.25708061,14000,0,0,1,Harvard University,www.harvard.edu/,101817,0,00215500,0,0.0433,0.1008,0.0163,0.1579,0.871,3,NA,1553,3,MA,7755,0.4692,0.5308,0.0738,0.0032,0.2245,0.0928,0.1175,0.0015,0.1354,0.0235,0.3278,2025-11-17
0.211,19.366627497,11812,Worcester,2,76510,992626923,0.526439483,0.1662531017,27000,0,0,1,College of the Holy Cross,www.holycross.edu/,90543,0,00214100,0,0,0.0334,0.0334,0.1473,0.9101,3,30,1354,3,MA,3015,0.4554,0.5446,0.0391,7e-4,0.0332,0.0418,0.1184,3e-4,0.0269,0.0275,0.7121,2025-11-17
NA,24.34368932,7594,Holyoke,1,13587,7552511,0.6183079057,0.4725609756,8250,0,1,2,Holyoke Community College,www.hcc.edu/,37277,0,00217000,0.0442,0.0244,0.0015,0.1463,0.3851,0.4182,2,NA,NA,2,MA,3164,0.3436,0.6564,0.0392,0.0028,0.0281,0.0683,0.3328,3e-4,0.006,0.0228,0.4997,2025-11-17
0.8225,19.738986784,8677,Newton,2,63387,46128982,0.6674008811,0.2880952381,26000,0,0,1,Lasell University,www.lasell.edu/,49705,0,00215800,0.0623,0,0,0.3027,0.3224,0.3587,3,NA,1159,3,MA,1152,0.3411,0.6589,0.0304,0,0.0269,0.0998,0.145,9e-4,0.0191,0.0451,0.6328,2025-11-17
NA,29.425,7296,Medford,2,NA,NA,0.9214285714,0.5151515152,20000,0,0,2,Lawrence Memorial Hospital School of Nursing,www.lmregis.org/,101466,0,00633100,0,0,0,0,0.4844,0.5273,2,30,NA,2,MA,195,0.0872,0.9128,0.0256,0,0.0462,0.1846,0.2103,0,0,0.1282,0.4051,2025-11-17
0.9442,23.696428571,8931,Cambridge,2,49226,186630620,0.7928571429,0.2874251497,21000,0,0,1,Lesley University,www.lesley.edu/,51173,0,00216000,0.1009,0,0,0.0403,0.2825,0.3375,3,NA,NA,3,MA,1252,0.274,0.726,0.0439,0.0048,0.0543,0.0839,0.1861,0,0.0343,0.0631,0.5296,2025-11-17
0.8524,22.936249073,13170,Lowell,1,29521,160107000,0.4343958488,0.3176614881,23704,0,0,1,University of Massachusetts-Lowell,www.uml.edu/,64874,0,00216100,0.0075,0.1923,0.0121,0.2116,0.2739,0.5983,3,NA,1253,3,MA,11632,0.582,0.418,0.0334,8e-4,0.1398,0.0941,0.158,4e-4,0.0229,0.0334,0.5173,2025-11-17
0.5777,21.250991951,13556,Amherst,1,33389,442469956,0.515474436,0.2155418251,22763,0,0,1,University of Massachusetts-Amherst,www.umass.edu/,71631,0,00222100,0.0078,0.0691,0.0285,0.1512,0.2029,0.8043,3,NA,1393,3,MA,23694,0.4802,0.5198,0.0422,7e-4,0.1359,0.044,0.0872,8e-4,0.075,0.0305,0.5836,2025-11-17
0.8296,23.598801274,11642,Boston,1,29698,126413000,0.5690204158,0.4305429864,21974,0,0,1,University of Massachusetts-Boston,www.umb.edu/,65865,0,00222200,0.0167,0.015,0.0088,0.1741,0.4269,0.6208,3,NA,1188,3,MA,11848,0.429,0.571,0.0403,0.001,0.1628,0.1786,0.1964,5e-4,0.0666,0.0452,0.3086,2025-11-17
NA,25.006953224,7659,Wellesley Hills,1,13346,5809702,0.5455120101,0.4324534161,6500,0,0,2,Massachusetts Bay Community College,https://www.massbay.edu/,52654,0,00217100,0.0155,0,0,0.1211,0.2505,0.2267,2,NA,NA,2,MA,3156,0.4411,0.5589,0.0352,0.0013,0.0574,0.1749,0.2614,0.0013,0.0437,0.0361,0.3888,2025-11-17
0.8521,21.849867374,11365,Boston,2,58975,1512276636,0.7708222812,0.3048780488,25000,0,0,1,MCPHS University,www.mcphs.edu/,125557,0,00216500,0,0,0,0,0.2822,0.3024,3,NA,1216,3,MA,3474,0.2406,0.7594,0.0127,0.002,0.2044,0.1238,0.1402,0,0.1275,0.0766,0.3129,2025-11-17
0.7747,20.787923417,10166,Boston,1,32256,16667670,0.7187039764,0.2251552795,25755,0,0,1,Massachusetts College of Art and Design,https://massart.edu/,43582,0,00218000,0.0398,0,0,0,0.2761,0.9917,3,NA,NA,3,MA,1812,0.2506,0.7494,0.0497,6e-4,0.0684,0.0408,0.1446,0.0011,0.0364,0.1115,0.5469,2025-11-17
0.0474,19.348462665,23177,Cambridge,2,79850,24600809000,0.3718887262,0.2585139319,14768,0,0,1,Massachusetts Institute of Technology,web.mit.edu/,143372,0,00217800,0,0.3517,0.0864,0.0183,0.1896,0.9906,3,NA,1553,3,MA,4571,0.5124,0.4876,0.0715,0.0015,0.3461,0.0866,0.1453,2e-4,0.1094,0.0291,0.2102,2025-11-17
0.9455,19.787323944,9395,Buzzards Bay,1,37721,40570073,0.1281690141,0.211062591,25000,0,0,1,Massachusetts Maritime Academy,https://www.maritime.edu/,82392,0,00218100,0,0.4135,0,0.1584,0.1697,0.6615,3,NA,NA,3,MA,1270,0.8559,0.1441,0.0299,0.0079,0.0094,0.0126,0.0551,8e-4,0.0157,0.0693,0.7992,2025-11-17
NA,24.404142012,7442,Brockton,1,13887,1947107,0.5715976331,0.4609403924,10000,0,0,2,Massasoit Community College,https://www.massasoit.edu/,46111,0,00217700,0.009,0.0128,0.0077,0.1181,0.2815,0.202,2,NA,NA,2,MA,3699,0.3969,0.6031,0.0381,0.0014,0.026,0.3385,0.1279,0.0011,0.0108,0.0324,0.4239,2025-11-17
0.7361,20.15598549,11248,North Andover,2,68089,65709445,0.5302297461,0.2067881835,27000,0,0,1,Merrimack College,https://www.merrimack.edu/,75584,0,00212000,0.001,0.0619,0.0103,0.2701,0.1518,0.4411,3,30,NA,3,MA,4043,0.4781,0.5219,0.0257,0.0017,0.0181,0.0378,0.0975,0.001,0.0205,0.025,0.7727,2025-11-17
NA,27.436681223,10186,Boston,2,NA,47462000,0.8689956332,0.2829268293,24961,0,0,1,MGH Institute of Health Professions,www.mghihp.edu/,87130,0,02231600,0,0,0,0,0,0.7673,3,NA,NA,3,MA,112,0.1429,0.8571,0.0357,0,0.1071,0.1161,0.0893,0,0,0.0357,0.6161,2025-11-17
NA,23.838028169,7569,Bedford,1,10759,NA,0.5988849765,0.4976355038,7291,0,0,2,Middlesex Community College,https://www.middlesex.mass.edu/,50651,0,00993600,0.0382,0.012,0.0022,0.1614,0.191,0.2592,2,NA,NA,2,MA,4658,0.3826,0.6174,0.0423,0.0015,0.1312,0.0996,0.2181,6e-4,0.035,0.0024,0.4693,2025-11-17
NA,20.142857143,6587,Beverly,2,56284,2858176,0.7248677249,0.3275862069,27000,0,0,1,Montserrat College of Art,https://www.montserrat.edu/,33022,0,02063000,0.0441,0,0,0,0.3277,0.375,3,NA,NA,3,MA,261,0.249,0.751,0.0536,0.0077,0.0307,0.046,0.1533,0,0.0038,0.069,0.636,2025-11-17
0.3829,20.555189456,11239,South Hadley,2,77545,1002548528,PS,0.1895652174,22902,0,0,1,Mount Holyoke College,https://www.mtholyoke.edu/,58418,0,00219200,0.0279,0,0.0339,0,0.2029,0.8902,3,NA,1422,3,MA,2198,0,1,0.0505,5e-4,0.071,0.0546,0.0919,0,0.2207,0.0064,0.5045,2025-11-17
NA,25.643295355,7623,Gardner,1,14330,4126757,0.6314636284,0.4831288344,10252,0,0,2,Mount Wachusett Community College,mwcc.edu/,41118,0,00217200,0.0078,0,0,0.1875,0.3773,1,2,NA,NA,2,MA,2554,0.3363,0.6637,0.0388,0.0016,0.0223,0.1038,0.2279,4e-4,0.0035,0.018,0.5838,2025-11-17
0.4275,19.552941176,7278,Boston,2,77870,138423418,0.4235294118,PS,27000,0,0,1,The New England Conservatory of Music,https://necmusic.edu/,34483,0,00219400,0,0,0,0,0.0752,0.2772,3,NA,NA,3,MA,371,0.5472,0.4528,0.0889,0,0.10780000000000001,0.0189,0.0162,0,0.407,0.0054,0.3558,2025-11-17
0.8814,20.553846154,10320,Dudley,2,55871,27334716,0.3776223776,0.3157099698,27000,0,0,1,Nichols College,www.nichols.edu/,58063,0,00219700,0,0,0,0.5977,0.3041,0.3451,3,NA,1110,3,MA,1152,0.6597,0.3403,0.0356,9e-4,0.0104,0.0894,0.1024,0,0.0278,0.0122,0.7214,2025-11-17
0.9235,22.070063694,9357,North Adams,1,27705,16824632,0.6369426752,0.3300699301,23750,0,0,1,Massachusetts College of Liberal Arts,https://www.mcla.edu/,48102,0,00218700,0.0415,0,0.0184,0.1429,0.4045,0.656,3,NA,NA,3,MA,748,0.4492,0.5508,0.0388,0.0027,0.0174,0.0856,0.0976,0.0013,0.0107,0.0294,0.7166,2025-11-17
NA,31.097087379,NA,Boston,2,NA,NA,0.2718446602,PS,9500,0,0,2,North Bennet Street School,www.nbss.edu/,43993,0,02197900,0,0,0,0,0.1366,NA,1,NA,NA,1,MA,151,0.6225,0.3775,0.0795,0,0.0464,0.053,0.0662,0,0.0132,0.0066,0.7351,2025-11-17
NA,25.016458196,7832,Danvers,1,13204,9736182,0.6171823568,0.5212981744,9000,0,1,2,North Shore Community College,www.northshore.edu/,45391,0,00217300,0.0098,0.014,0,0.0281,0.332,1,2,NA,NA,2,MA,4055,0.3586,0.6414,0.0691,0.002,0.0473,0.0974,0.3517,2e-4,0.0025,0.0459,0.384,2025-11-17
0.0565,21.600877193,14775,Boston,2,81353,1434085996,0.541089566,0.1851581509,24250,0,0,1,Northeastern University,www.northeastern.edu/,92538,0,00219900,0,0.1974,0.0189,0.2303,0.1234,0.7164,3,NA,1505,3,MA,15719,0.4358,0.5642,0.0644,7e-4,0.2092,0.0532,0.1113,5e-4,0.147,0.0098,0.404,2025-11-17
NA,23.865492958,7869,Haverhill,1,11921,8065373,0.6158450704,0.5093194625,9000,0,1,2,Northern Essex Community College,www.necc.mass.edu/,42862,0,00217400,0.0224,0,0,0.1741,0.3314,0.4506,2,NA,NA,2,MA,3350,0.3701,0.6299,0.0179,0.0024,0.0254,0.0507,0.4973,9e-4,0.0194,0.0099,0.3761,2025-11-17
0.8766,26.021992238,7362,Chicopee,2,53145,17361311,0.7723156533,0.3516642547,25000,0,1,1,College of Our Lady of the Elms,https://www.elms.edu/,51540,0,00214000,0.0396,0,0,0.0495,0.4184,0.36870000000000003,3,30,1240,3,MA,951,0.2871,0.7129,0.0294,0.0021,0.0242,0.1283,0.265,0.0021,0.0179,0.0726,0.4585,2025-11-17
NA,27.262575453,8911,Quincy,1,19527,NA,0.6995305164,0.480050399,13874,0,0,1,Quincy College,https://www.quincycollege.edu/,52506,0,00220500,0.0292,0,0,0.1667,0.3378,0.8889,2,NA,NA,2,MA,2126,0.4135,0.5865,0.0325,0.0028,0.0682,0.2201,0.1049,5e-4,0.0602,0.0762,0.4346,2025-11-17
NA,24.930187302,7769,Worcester,1,13295,4377031,0.5701775724,0.4770446944,16575,0,0,2,Quinsigamond Community College,www.qcc.edu/,45949,0,00217500,0.0486,0.014,0,0.1628,0.3936,0.2795,2,NA,NA,2,MA,5413,0.3887,0.6113,0.0285,0.0061,0.0508,0.1616,0.2479,7e-4,0.0068,0.0726,0.4249,2025-11-17
0.8928,22.230182927,9063,Weston,2,64315,39605519,0.7896341463,0.3487972509,25500,0,0,1,Regis College,www.regiscollege.edu/,52873,0,00220600,0.0113,0.0023,0,0.0158,0.2774,0.3495,3,30,NA,3,MA,1061,0.1904,0.8096,0.0047,0.0019,0.0386,0.0943,0.196,9e-4,0.0066,0.2187,0.4383,2025-11-17
NA,27.912357581,9318,Roxbury Crossing,1,15897,2411813,0.6958808063,0.5338541667,PS,0,0,2,Roxbury Community College,www.rcc.mass.edu/,38773,0,01193000,0.0828,0.0318,0.0064,0.1274,0.6013,0.1845,2,NA,NA,2,MA,1583,0.326,0.674,0.0171,0.0082,0.0139,0.4334,0.1623,0.0013,0.0297,0.2975,0.0366,2025-11-17
0.9557,22.373049645,10111,Salem,1,27615,110000,0.6470921986,0.4025974026,25000,0,0,1,Salem State University,www.salemstate.edu/,56662,0,00218800,0.0737,0,0.007,0.1982,0.3531,0.9935,3,NA,1090,3,MA,4286,0.3577,0.6423,0.0359,9e-4,0.0287,0.0852,0.2315,0,0.0306,0.0268,0.5604,2025-11-17
0.66,20.937846837,8463,Boston,2,63512,212281646,PS,0.2039397451,24840,0,0,1,Simmons University,www.simmons.edu/,63494,0,00220800,0,0,0.0159,0.0272,0.2984,0.2708,3,NA,1332,3,MA,1750,0,1,0.0337,0,0.108,0.1023,0.1514,0,0.0434,0.072,0.4891,2025-11-17
0.9721,19.82629108,8162,Great Barrington,2,82465,2175187,0.6197183099,0.1217105263,24254,0,0,1,Bard College at Simon's Rock,www.simons-rock.edu/,46543,0,00267122,0,0.0179,0.0536,0,0.2349,0.6984,2,NA,NA,2,MA,237,0.3797,0.6203,0.0042,0.0042,0.0675,0.0844,0.0759,0,0.2236,0.1013,0.4388,2025-11-17
0.1973,20.522464698,12787,Northampton,2,82134,2467994699,PS,0.1850828729,17550,0,0,1,Smith College,www.smith.edu/,64027,0,00220900,0.0289,0.0466,0.0241,0,0.1815,0.8159,3,NA,1480,3,MA,2501,0.0012,0.9988,0.0616,4e-4,0.098,0.0512,0.1216,0.0012,0.1287,0.0136,0.5238,2025-11-17
0.4917,27.860215054,NA,South Easton,1,NA,NA,0.8494623656,0.5403726708,8846,0,0,3,Southeastern Technical Institute,www.stitech.edu/,NA,0,01238600,0,0,0,0,0.2921,NA,1,NA,NA,1,MA,140,0.3643,0.6357,0.0357,0,0.0286,0.3714,0.1143,0,0,0,0.45,2025-11-17
0.7023,27.558659218,8000,Springfield,2,57942,91832544,0.5983240223,0.3138871275,26250,0,0,1,Springfield College,www.springfield.edu/,48036,0,00221100,0.0235,0,0.0085,0.0874,0.2166,1,3,NA,1120,3,MA,1916,0.5094,0.4906,0.0021,0.0052,0.0308,0.0595,0.0945,0.0016,0.0418,0.0318,0.7328,2025-11-17
NA,24.998169057,7116,Springfield,1,14223,1379439,0.5849862679,0.4805900621,6570,0,1,2,Springfield Technical Community College,www.stcc.edu/,36966,0,00807800,0.0776,0.0174,0.004,0.0964,0.4695,0.5869,2,NA,NA,2,MA,3965,0.3884,0.6116,0.0346,0.0015,0.0409,0.1397,0.3501,0.001,0.0033,0.058,0.371,2025-11-17
0.9216,21.456860395,11964,North Dartmouth,1,31677,90217112,0.5080886759,0.3518893387,25000,0,0,1,University of Massachusetts-Dartmouth,www.umassd.edu/,68804,0,00221000,0.0026,0.1195,0.0043,0.2701,0.3564,0.675,3,NA,1152,3,MA,5289,0.4808,0.5192,0.0531,0.0013,0.0321,0.1821,0.1339,6e-4,0.0142,0.0195,0.5632,2025-11-17
0.7256,19.43043043,10495,Easton,2,68412,295106757,0.6086086086,0.1639004149,25000,0,0,1,Stonehill College,https://www.stonehill.edu/,77745,0,00221700,0.1068,0.0055,0.0074,0.2891,0.1479,0.5248,3,30,NA,3,MA,2477,0.4598,0.5402,0.0335,0.0012,0.0234,0.0525,0.0763,0,0.0182,0.027,0.7679,2025-11-17
0.8474,20.245924546,13004,Boston,2,62822,253973639,0.6008383791,0.2965027876,26889,0,0,1,Suffolk University,https://www.suffolk.edu/,67506,0,00221800,0.0022,0,0.0043,0.3703,0.2741,0.5668,3,NA,1197,3,MA,4434,0.369,0.631,0.0392,7e-4,0.0713,0.0785,0.1721,2e-4,0.1191,0.0219,0.4971,2025-11-17
0.1013,19.943956044,13737,Medford,2,84600,2350755000,0.4582417582,0.1529548088,16250,0,0,1,Tufts University,https://www.tufts.edu/,83214,0,00221900,0,0.1387,0.0265,0,0.1158,0.6349,3,NA,1513,3,MA,6804,0.4367,0.5633,0.0792,3e-4,0.1664,0.0655,0.1014,0.0013,0.1226,0.0434,0.4199,2025-11-17
0.1391,19.854961832,13404,Wellesley,2,83050,2846865000,PS,0.1717791411,10000,0,0,1,Wellesley College,www.wellesley.edu/,84803,0,00222400,0.0136,0,0.0306,0,0.2056,0.8053,3,NA,1513,3,MA,2318,0,1,0.0703,0.0013,0.236,0.0846,0.1588,0.0017,0.1389,0.003,0.3054,2025-11-17
0.8537,20.651038576,10356,Boston,2,55030,143897385,0.2059347181,0.24718398,25028,0,0,1,Wentworth Institute of Technology,https://wit.edu/,82721,0,00222500,0,0.4131,0.0194,0.1665,0.2257,1,3,NA,1226,3,MA,3641,0.7514,0.2486,0.0316,8e-4,0.0934,0.0887,0.1395,3e-4,0.0428,0.0305,0.5724,2025-11-17
0.8326,19.975421348,10666,Springfield,2,58933,59527823,0.3827247191,0.2454954955,25500,0,0,1,Western New England University,wne.edu/,73157,0,00222600,0.0089,0.1037,0,0.3467,0.2502,0.6181,3,NA,1231,3,MA,2508,0.5726,0.4274,0.0339,8e-4,0.0323,0.0582,0.1164,4e-4,0.0215,0.0271,0.7093,2025-11-17
0.8074,21.23257468,7932,Westfield,1,26435,11843315,0.5586770982,0.3050716221,22457,0,0,1,Westfield State University,www.westfield.ma.edu/,57346,0,00218900,0.1008,0,0.0112,0.1545,0.3336,0.6741,3,NA,NA,3,MA,3481,0.4611,0.5389,0.0333,0.0014,0.0221,0.0669,0.1402,3e-4,0.0089,0.0313,0.6955,2025-11-17
0.7133,19.397174254,8860,Norton,2,76819,241464278,0.6357927786,0.147107438,26000,0,0,1,Wheaton College (Massachusetts),www.wheatoncollege.edu/,67725,0,00222700,0.0453,0,0.0198,0.2068,0.1962,0.7151,3,NA,1321,3,MA,1744,0.3498,0.6502,0.0419,0,0.0401,0.0562,0.0745,0,0.0419,0.0407,0.7047,2025-11-17
0.0999,19.379775281,14893,Williamstown,2,81164,3341413367,0.5123595506,0.215496368,12761,0,0,1,Williams College,https://www.williams.edu/,88665,0,00222900,0,0,0.0507,0,0.1715,0.8495,3,NA,1527,3,MA,2060,0.4874,0.5126,0.0816,5e-4,0.1388,0.051,0.1369,0,0.0811,0.0393,0.4709,2025-11-17
0.585,19.455445545,13114,Worcester,2,75678,589684000,0.3649222065,0.1337719298,27000,0,0,1,Worcester Polytechnic Institute,https://www.wpi.edu/,103470,0,00223300,0,0.6241,0.0294,0.0046,0.1029,0.8391,3,NA,NA,3,MA,5344,0.6529,0.3471,0.0359,6e-4,0.1267,0.0284,0.0835,7e-4,0.0664,0.0103,0.6475,2025-11-17
0.8986,22.368997473,9476,Worcester,1,21586,21148406,0.5930918281,0.3564493759,19500,0,0,1,Worcester State University,https://www.worcester.edu/,60624,0,00219000,0.0703,0,0.0087,0.1548,0.289,0.4916,3,NA,1145,3,MA,3963,0.3964,0.6036,0.029,0.0028,0.056,0.0878,0.1789,8e-4,0.0151,0.0207,0.6089,2025-11-17
0.6837,19.731658291,6360,Adrian,2,54950,41060715,0.4221105528,0.3100529101,27000,0,0,1,Adrian College,www.adrian.edu/,55504,0,00223400,0.0985,0,0.006,0.2716,0.3114,0.494,3,71,1030,3,MI,1635,0.5431,0.4569,0.0385,0.0018,0.0073,0.0654,0.0667,0.0024,0.0648,0.1358,0.6171,2025-11-17
0.8316,19.627118644,7378,Albion,2,68794,176126977,0.4957627119,0.2797619048,27000,0,0,1,Albion College,www.albion.edu/,58799,0,00223500,0.0707,0.0071,0.0035,0.159,0.4526,0.8451,3,NA,NA,3,MI,1347,0.4699,0.5301,0.0319,0.003,0.0148,0.17,0.1284,0,0.0379,0.0653,0.5486,2025-11-17
0.6566,19.777456647,7148,Alma,2,61380,128521753,0.5534682081,0.2410714286,27000,0,0,1,Alma College,www.alma.edu/,54742,0,00223600,0.1095,0,0.0036,0.1898,0.2092,0.6794,3,66,NA,3,MI,1208,0.4776,0.5224,0.0306,0.0025,0.0083,0.0604,0.0348,8e-4,0.0381,0.0248,0.7997,2025-11-17
NA,23.078353254,9704,Alpena,1,11320,7385053,0.4714475432,0.4283646889,9024,0,0,1,Alpena Community College,www.alpenacc.edu/,36442,0,00223700,0.0199,0.0133,0,0.1063,0.2077,0.4891,2,NA,NA,2,MI,715,0.4839,0.5161,0,0.0322,0.0098,0.0336,0.0266,0.0028,0,0.0098,0.8853,2025-11-17
0.874,21.493230174,6920,Berrien Springs,2,43670,65553164,0.580270793,0.1721311475,26000,0,0,1,Andrews University,https://www.andrews.edu/,53187,0,00223800,0.0062,0.0492,0.0123,0.0985,0.22,0.6464,3,95,1177,3,MI,1262,0.4905,0.5095,0.0578,0.0016,0.1212,0.1704,0.2044,0.0063,0.2052,0.0143,0.2187,2025-11-17
0.7106,20.214876033,6676,Grand Rapids,2,49018,41318389,0.6396694215,0.2191780822,23000,0,0,1,Aquinas College,https://www.aquinas.edu/,49584,0,00223900,0.1057,0,0.0163,0.2886,0.2301,0.5926,3,30,1087,3,MI,1201,0.4197,0.5803,0.0508,0.0017,0.0183,0.0225,0.0833,0.0017,0.0441,0.0283,0.7494,2025-11-17
0.875,26.256857402,6411,Owosso,2,23456,348217506,0.6670299728,0.4714151828,25000,0,0,1,Baker College,www.baker.edu/,35833,0,00467300,0.0153,0,0,0.2224,0.3811,0.1661,3,NA,1080,2,MI,3026,0.2323,0.7677,0.0492,0.0063,0.0182,0.1008,0.0555,0.0013,0.002,0.0099,0.7568,2025-11-17
NA,24.100376412,7010,Escanaba,1,15674,11101145,0.5859473024,0.4387895461,12618,0,0,2,Bay de Noc Community College,https://www.baycollege.edu/,35090,0,00224000,0,0.0152,0,0.1364,0.2439,1,2,NA,NA,2,MI,1100,0.3636,0.6364,0.0509,0.0345,0.0073,0.0245,0.0336,0,0,0.0045,0.8445,2025-11-17
0.7131,19.837073982,9611,Grand Rapids,2,53286,248568000,0.5627597672,0.1322525597,23250,0,0,1,Calvin University,www.calvin.edu/,58375,0,00224100,0.0915,0.1033,0.0131,0.1176,0.144,1,3,35,1205,3,MI,2921,0.4899,0.5101,0.0318,0.001,0.0442,0.0514,0.049,0,0.128,0.0116,0.683,2025-11-17
0.9101,21.429654255,10489,Mount Pleasant,1,26470,230600367,0.592287234,0.2932980354,27000,0,0,1,Central Michigan University,https://www.cmich.edu/,55874,0,00224300,0.0952,0.0209,0.0106,0.1973,0.3064,0.7737,3,NA,1099,3,MI,9916,0.386,0.614,0.0367,0.0087,0.0135,0.0844,0.0537,7e-4,0.027,0.0104,0.7649,2025-11-17
NA,24.491340018,8735,Flint,1,12495,44736581,0.5747493163,0.4028740056,13000,0,1,2,Mott Community College,https://www.mcc.edu/,32538,0,00226100,0,0,0,0.0739,0.3539,1,2,NA,NA,2,MI,5152,0.3639,0.6361,0.0345,0.0076,0.0043,0.1405,0.2393,0.0012,0.0027,0.1526,0.4173,2025-11-17
0.4975,27.73880597,5250,Howell,2,39110,1304291,0.6119402985,0.4229249012,19500,0,0,1,Cleary University,www.cleary.edu/,54186,0,00224600,0,0,0,1,0.2738,0.0446,3,NA,NA,3,MI,774,0.6021,0.3979,0.0194,0.0026,0.0142,0.239,0.0452,0.0026,0.053,0.0814,0.5426,2025-11-17
0.7209,24.278212805,6741,Ann Arbor,2,50378,23176850,0.6421004146,0.3183879093,25750,0,0,1,Concordia University Ann Arbor,https://www.cuaa.edu/,56075,0,00384256,0.0892,0.0127,0,0.1338,0.2419,1,3,68,1250,3,MI,918,0.5534,0.4466,0.0381,0.0011,0.0076,0.0795,0.0686,0,0.0414,0.0861,0.6776,2025-11-17
0.9276,20.951557093,10684,Detroit,2,61238,87761448,0.5657439446,0.2283609576,26000,0,0,1,College for Creative Studies,https://www.ccsdetroit.edu/,44860,0,00677100,0.0233,0,0,0,0.2826,1,3,NA,NA,3,MI,1285,0.3292,0.6708,0.0498,0.0039,0.0506,0.116,0.0506,0.0031,0.0817,0.1105,0.5339,2025-11-17
0.9705,26.441853035,7039,Grand Rapids,2,35864,29404298,0.5626198083,0.3986062718,26000,0,0,1,Davenport University,www.davenport.edu/,45099,0,00224900,0,0,0,0.4709,0.301,0.2908,3,NA,NA,3,MI,3213,0.4416,0.5584,0.0345,0.0047,0.0293,0.1357,0.0778,0.0025,0.0395,0.0495,0.6265,2025-11-17
NA,23.649828088,10074,University Center,1,11953,28274644,0.5699550383,0.4151443724,10978,0,0,2,Delta College,https://www.delta.edu/,37781,0,00225100,0,0.0034,0,0.0942,0.3536,1,2,NA,NA,2,MI,6061,0.3681,0.6319,0.0416,0.0036,0.0074,0.115,0.0916,5e-4,0.003,0.0203,0.717,2025-11-17
0.8014,23.755447942,10394,Detroit,2,40069,83263247,0.6795803067,0.2871198569,23250,0,0,1,University of Detroit Mercy,https://www.udmercy.edu/,71030,0,00232300,0.003,0.0526,0.003,0.0781,0.2513,1,3,30,1136,3,MI,2289,0.363,0.637,0.0214,0.0035,0.0721,0.1092,0.0931,0,0.0931,0.0725,0.5352,2025-11-17
0.8135,22.664177078,10337,Ypsilanti,1,28168,92105005,0.6105377512,0.3441964286,25000,0,0,1,Eastern Michigan University,www.emich.edu/,51793,0,00225900,0.0853,0.0182,0.0038,0.1732,0.3656,0.9904,3,NA,1046,3,MI,10751,0.4059,0.5941,0.0425,0.0023,0.0333,0.1739,0.1002,7e-4,0.0475,0.046,0.5535,2025-11-17
0.8058,23.222241499,10457,Big Rapids,1,26066,113015293,0.5511797363,0.352963101,21000,0,0,1,Ferris State University,www.ferris.edu/,54735,0,00226000,0.0418,0.0197,0.0015,0.1823,0.3358,0.7198,3,NA,1001,3,MI,8087,0.4747,0.5253,0.0314,0.0084,0.0152,0.0945,0.0663,9e-4,0.0137,0.0262,0.7434,2025-11-17
NA,23.330415755,8452,Centreville,1,14645,NA,0.6083150985,0.5286783042,10794,0,0,2,Glen Oaks Community College,www.glenoaks.edu/,37540,0,00226300,0,0,0,0.1934,0.2572,0.7429,2,NA,NA,2,MI,577,0.3899,0.6101,0.0381,0.0035,0.0035,0.0728,0.1473,0.0017,0,0.0173,0.7158,2025-11-17
0.7909,19.694785276,9193,Flint,2,58610,102189065,0.1901840491,0.1818181818,27000,0,0,1,Kettering University,https://www.kettering.edu/,94823,0,00226200,0,0.8203,0.0145,0.029,0.1681,1,3,NA,1219,3,MI,1279,0.8006,0.1994,0.0399,8e-4,0.0665,0.043,0.0422,8e-4,0.0258,0.0195,0.7615,2025-11-17
NA,23.564428312,6494,Ironwood,1,13398,4720129,0.5263157895,0.3898635478,10925,0,0,2,Gogebic Community College,gogebic.edu/,40950,0,00226400,0.0396,0.0099,0,0.1386,0.3548,0.973,2,NA,NA,2,MI,508,0.3839,0.6161,0.0335,0.0256,0.0039,0.0197,0.0217,0.002,0.0098,0.0118,0.872,2025-11-17
0.9931,33.703832753,5554,Wyoming,2,24637,NA,0.5783972125,0.517053206,24375,0,0,1,Grace Christian University,https://www.gracechristian.edu/,41663,0,00226500,0,0,0,0.1065,0.4979,1,3,79,NA,2,MI,707,0.4328,0.5672,0.0481,0.0085,0.0198,0.2447,0.1089,0.0028,0.0028,0.0382,0.5262,2025-11-17
0.732,26.247033441,6678,Grand Rapids,2,40737,16402621,0.6526429342,0.3476744186,25000,0,0,1,Cornerstone University,www.cornerstone.edu/,47314,0,00226600,0.1456,0.0129,0.0097,0.3333,0.2973,1,3,42,NA,3,MI,1387,0.3893,0.6107,0.0209,0.0029,0.0224,0.0656,0.0541,7e-4,0.0613,0.049,0.7231,2025-11-17
NA,23.247139924,9639,Grand Rapids,1,16255,14938751,0.5444411851,0.4142663504,9000,0,0,2,Grand Rapids Community College,https://www.grcc.edu/,38377,0,00226700,0.0011,0,0,0.137,0.2656,0.4084,2,NA,NA,2,MI,10530,0.4517,0.5483,0.0388,0.0058,0.0362,0.10780000000000001,0.1854,6e-4,0.0047,0.0368,0.584,2025-11-17
0.9469,20.815527149,9983,Allendale,1,26578,169199257,0.6112349009,0.2732988166,24500,0,0,1,Grand Valley State University,www.gvsu.edu/,56118,0,00226800,0.0306,0.0276,0.0205,0.2102,0.2577,0.636,3,NA,1079,3,MI,19073,0.3963,0.6037,0.0366,0.0038,0.0276,0.0642,0.0779,3e-4,0.0127,0.0077,0.7692,2025-11-17
NA,22.457943925,6258,Lansing,2,29664,1093074,0.4672897196,0.2903225806,18779,0,0,1,Great Lakes Christian College,www.glcc.edu/,31053,0,00226900,0,0,0,0,0.6241,1,3,48,NA,3,MI,130,0.5538,0.4462,0.0308,0,0.0077,0.2385,0.0615,0,0.0462,0.0077,0.6077,2025-11-17
NA,23.944909652,11204,Dearborn,1,9983,NA,0.5739679741,0.5072463768,14250,0,0,1,Henry Ford College,https://www.hfcc.edu/,34795,0,00227000,0.0258,0.0061,0,0.0897,0.4548,1,1,NA,NA,2,MI,8695,0.4345,0.5655,0.0421,0.0029,0.0298,0.161,0.021,0.0023,0.0176,0.1808,0.5425,2025-11-17
0.2059,NA,8372,Hillsdale,2,NA,924423912,NA,NA,NA,0,0,1,Hillsdale College,https://www.hillsdale.edu/,NA,0,00227200,0,0,0.0523,0.1354,0,1,3,88,1433,NA,MI,1563,0.4997,0.5003,0,0,0,0,0,0,0,1,0,2025-11-17
0.7585,19.516320475,8562,Holland,2,52206,282642000,0.5895153314,0.1491317671,26800,0,0,1,Hope College,https://hope.edu/,58427,0,00227300,0.1014,0.07,0.0129,0.2129,0.1643,0.6807,3,NA,1237,3,MI,3274,0.3952,0.6048,0.0345,6e-4,0.025,0.0354,0.0751,3e-4,0.0238,0.0183,0.7868,2025-11-17
NA,25.118070953,7048,Jackson,1,15892,12732519,0.5227272727,0.4578696343,13875,0,0,1,Jackson College,www.jccmi.edu/,36898,0,00227400,0,0.0057,0,0.1461,0.3442,1,2,NA,NA,2,MI,3563,0.4095,0.5905,0.0502,0.0053,0.009,0.1603,0.0665,3e-4,0.0011,0.0668,0.6405,2025-11-17
0.7623,19.443373494,8832,Kalamazoo,2,71173,267031405,0.5831325301,0.1369509044,26077,0,0,1,Kalamazoo College,https://www.kzoo.edu/,65590,0,00227500,0,0,0.0268,0.1107,0.2322,0.7958,3,NA,1270,3,MI,1175,0.4357,0.5643,0.0553,0.0017,0.046,0.0536,0.1745,0,0.034,0.0204,0.6145,2025-11-17
NA,23.940934771,11524,Kalamazoo,1,9517,13541551,0.5400616333,0.384593191,9699,0,0,2,Kalamazoo Valley Community College,https://www.kvcc.edu/,38618,0,00694900,0.0189,0.0168,0,0.0673,0.2663,0.2469,2,NA,NA,2,MI,4885,0.4565,0.5435,0.0547,0.0084,0.0194,0.1429,0.0921,0.001,0.0184,0.035,0.628,2025-11-17
NA,25.692162417,9500,Battle Creek,1,11939,11785630,0.6416430595,0.4804983749,17000,0,0,2,Kellogg Community College,www.kellogg.edu/,38329,0,00227600,0.0062,0,0,0.1197,0.2346,0.2331,2,NA,NA,2,MI,2781,0.2783,0.7217,0.0381,0.0076,0.023,0.1054,0.0759,0,0.0072,0.0471,0.6958,2025-11-17
NA,25.800953516,6653,Grayling,1,15802,1373303,0.5947556615,0.4646194927,13067,0,0,2,Kirtland Community College,https://www.kirtland.edu/,35831,0,00717100,0,0,0,0.064,0.3435,0.6563,2,NA,NA,2,MI,965,0.3337,0.6663,0.029,0.0166,0.0073,0.0404,0.0383,0.0031,0,0.0021,0.8632,2025-11-17
NA,23.763398693,8702,Benton Harbor,1,17782,12147966,0.6254901961,0.4440242057,9000,0,0,2,Lake Michigan College,https://www.lakemichigancollege.edu/,34466,0,00227700,0.0066,0.0153,0,0.1179,0.1785,0.9636,2,NA,NA,2,MI,1811,0.3959,0.6041,0.0331,0.0033,0.0083,0.1364,0.1331,0.0011,0.0226,0.0734,0.5886,2025-11-17
0.6801,21.388829216,7639,Sault Ste Marie,1,25757,31641300,0.5563909774,0.3303167421,23250,0,0,1,Lake Superior State University,www.lssu.edu/,49045,0,00229300,0.0597,0.0531,0.0044,0.1283,0.2906,0.9474,3,NA,NA,3,MI,1391,0.445,0.555,0.046,0.0654,0.0079,0.0144,0.005,0.0014,0.0661,0.0625,0.7311,2025-11-17
NA,23.798585323,8699,Lansing,1,10180,15820305,0.534571176,0.3814018879,12700,0,0,2,Lansing Community College,https://www.lcc.edu/,39206,0,00227800,0.0095,0.0146,0,0.0559,0.2783,0.2109,2,NA,NA,2,MI,7756,0.4569,0.5431,0.0471,0.0048,0.0324,0.1101,0.1006,0.0014,0.0088,0.0324,0.6626,2025-11-17
0.8025,21.127527216,8939,Southfield,2,54266,47684469,0.2814930016,0.2227722772,27000,0,0,1,Lawrence Technological University,www.ltu.edu/,69151,0,00227900,0,0.4358,0.0076,0.068,0.1654,0.3861,3,NA,NA,3,MI,1701,0.6966,0.3034,0.0364,0.0029,0.0341,0.1088,0.0459,0.0024,0.1141,0.0229,0.6326,2025-11-17
NA,24.574164762,10962,Warren,1,10719,26548871,0.5912504081,0.4866837388,6000,0,0,2,Macomb Community College,www.macomb.edu/,41596,0,00890600,0,0.0019,0,0.124,0.3311,0.3004,2,NA,NA,2,MI,14285,0.4305,0.5695,0.0367,0.0044,0.065,0.1499,0.0524,0.0011,0.0167,0.0439,0.63,2025-11-17
0.9293,25.69047619,7358,Livonia,2,38809,44542478,0.6872294372,0.4176755448,23000,0,0,1,Madonna University,https://www.madonna.edu/,59058,0,00228200,0.0294,0,0,0.1289,0.295,0.3004,3,30,1000,3,MI,1637,0.3647,0.6353,0.0208,0.0067,0.0318,0.1368,0.0525,0.0018,0.102,0.0183,0.6292,2025-11-17
0.6531,26.962323391,6201,Rochester Hills,2,36215,4680215,0.6624803768,0.4059233449,24475,0,0,1,Rochester University,rcu.edu/,48707,0,00228800,0.297,0,0,0.1584,0.3108,0.878,3,74,NA,3,MI,827,0.3942,0.6058,0.029,0.0085,0.0181,0.1644,0.0435,0.006,0.0351,0.0713,0.6239,2025-11-17
0.1794,20.469775475,12896,Ann Arbor,1,33345,17104431000,0.5349348406,0.2057218455,19500,0,0,1,University of Michigan-Ann Arbor,https://umich.edu/,83648,0,00232500,0.0086,0.136,0.0289,0.0808,0.1757,0.8252,3,NA,1473,3,MI,33488,0.4692,0.5308,0.0535,0.0014,0.1863,0.0454,0.1003,8e-4,0.0792,0.0446,0.4884,2025-11-17
0.8392,19.973643857,13188,East Lansing,1,30528,4375011965,0.5534790109,0.2095218963,23250,0,0,1,Michigan State University,https://www.msu.edu/,67253,0,00229000,0.0258,0.0933,0.0145,0.1575,0.2002,0.865,3,NA,1261,3,MI,40243,0.4865,0.5135,0.0436,0.0027,0.0798,0.0651,0.0624,6e-4,0.054,0.02,0.6716,2025-11-17
0.8794,19.886582278,11488,Houghton,1,32550,147630662,0.2774683544,0.1853785901,24990,0,0,1,Michigan Technological University,https://www.mtu.edu/,78198,0,00229200,0,0.6043,0.0144,0.0612,0.1823,0.876,3,NA,1243,3,MI,5829,0.7051,0.2949,0.0352,0.0048,0.0202,0.0087,0.0312,7e-4,0.0091,0.0535,0.8365,2025-11-17
0.5863,23.07663411,11205,Dearborn,1,22435,86785000,0.5116453794,0.3818103818,22500,0,0,1,University of Michigan-Dearborn,https://umdearborn.edu/,59649,0,00232600,0.0469,0.2587,0.0161,0.1877,0.4385,0.6856,3,NA,1127,3,MI,5882,0.5274,0.4726,0.0498,0.0012,0.0978,0.085,0.0649,5e-4,0.0379,0.0168,0.646,2025-11-17
0.6883,25.387921022,10307,Flint,1,23329,165315000,0.6531165312,0.3679401993,25000,0,0,1,University of Michigan-Flint,www.umflint.edu/,53230,0,00232700,0.0344,0.0395,0.0061,0.1591,0.3467,0.5519,3,NA,1104,3,MI,4157,0.3644,0.6356,0.0293,0.0084,0.0243,0.1513,0.0647,0.001,0.0135,0.0358,0.6716,2025-11-17
NA,23.729102845,9115,Harrison,1,14816,2635794,0.5444201313,0.4401154401,13750,0,0,2,Mid Michigan College,www.midmich.edu/,37319,0,00676800,0.0415,0,0,0.1728,0.3164,1,2,NA,NA,2,MI,2002,0.3626,0.6374,0.045,0.01,0.0085,0.0445,0.0559,5e-4,0.0105,0.0105,0.8147,2025-11-17
NA,24.745566692,10181,Monroe,1,9894,7890725,0.5867386276,0.479202773,12296,0,0,2,Monroe County Community College,www.monroeccc.edu/,41646,0,00229400,0.0256,0,0,0.11,0.2531,0.3704,2,NA,NA,2,MI,1484,0.3976,0.6024,0.0283,0.0054,0.0027,0.0445,0.0492,0,7e-4,0.1469,0.7224,2025-11-17
NA,24.757372654,8767,Sidney,1,10978,22311132,0.6648793566,0.4845814978,16500,0,0,2,Montcalm Community College,www.montcalm.edu/,35499,0,00229500,0.0035,0,0,0.0519,0.2938,0.6122,2,NA,NA,1,MI,1040,0.3587,0.6413,0.0144,0.0058,0.0048,0.0087,0.0375,0.001,0,0.199,0.7288,2025-11-17
NA,22.929326656,11801,Muskegon,1,11303,1216917,0.5754034502,0.4171287739,9125,0,0,2,Muskegon Community College,www.muskegoncc.edu/,36549,0,00229700,0.0363,0.0091,0,0.0498,0.2832,1,2,NA,NA,2,MI,2781,0.4092,0.5908,0.0485,0.0054,0.0133,0.0917,0.0939,0.0011,0.0079,0.0129,0.7253,2025-11-17
NA,23.398913043,10399,Petoskey,1,13378,2057142,0.6043478261,0.420738975,14000,0,0,2,North Central Michigan College,www.ncmich.edu/,36594,0,00229900,0.0036,0,0,0.0712,0.3314,1,2,NA,NA,2,MI,897,0.3802,0.6198,0.0379,0.0457,0.0111,0.0323,0.019,0.0011,0.0022,0.0234,0.8272,2025-11-17
0.6995,20.852520436,8794,Marquette,1,26206,17270347,0.5367847411,0.2846975089,21474,0,0,1,Northern Michigan University,https://www.nmu.edu/,47107,0,00230100,0.0712,0,0.0064,0.1385,0.2739,0.7379,3,NA,NA,3,MI,6425,0.3941,0.6059,0.0364,0.0139,0.0072,0.0135,0.0439,2e-4,0.0098,0.0229,0.8523,2025-11-17
NA,23.443600234,9808,Traverse City,1,11821,17525939,0.52893045,0.3807138384,12500,0,0,1,Northwestern Michigan College,https://www.nmc.edu/,38167,0,00230200,0,0.0083,0,0.048,0.285,0.3645,2,NA,NA,2,MI,2668,0.4805,0.5195,0.0382,0.0139,0.0139,0.0135,0.051,4e-4,0.0019,0.0828,0.7845,2025-11-17
0.839,26.824221453,7846,Midland,2,47114,100230394,0.4816608997,0.397157816,20842,0,0,1,Northwood University,www.northwood.edu/,63075,0,00407200,0,0,0,0.8992,0.2469,0.1774,3,NA,NA,3,MI,1900,0.6247,0.3753,0.03,0.0058,0.0132,0.0842,0.0695,0.0016,0.02,0.0763,0.6995,2025-11-17
NA,24.912330401,9716,Auburn Hills,1,11487,2657334,0.6035485314,0.4285465622,9105,0,0,2,Oakland Community College,https://www.oaklandcc.edu/,37395,0,00230300,0.0055,0.0012,0,0.1077,0.2741,1,2,NA,NA,2,MI,11772,0.4435,0.5565,0.0477,0.0042,0.0293,0.2109,0.0674,0.0016,0.0601,0.0668,0.512,2025-11-17
0.7024,21.991732804,10123,Rochester Hills,1,25016,124893354,0.6078042328,0.3242526092,22750,0,0,1,Oakland University,www.oakland.edu/,58612,0,00230700,0.0595,0.0867,0.0025,0.1735,0.2983,0.5591,3,NA,1110,3,MI,12450,0.4268,0.5732,0.0412,0.0019,0.0611,0.0963,0.0538,0.001,0.018,0.0261,0.7006,2025-11-17
0.9711,19.893233083,6908,Olivet,2,45849,21930202,0.3909774436,0.3344103393,27000,0,0,1,The University of Olivet,https://www.uolivet.edu/,47907,0,00230800,0,0,0.0055,0.3149,0.4174,1,3,76,NA,3,MI,918,0.5806,0.4194,0.0773,0.0022,0.0065,0.1667,0.0763,0.0011,0.0011,0.0098,0.659,2025-11-17
0.3385,21.021052632,5454,Grand Rapids,2,37282,5142059,0.5263157895,PS,21389,0,0,1,Kuyper College,https://www.kuyper.edu/,41066,0,00231100,0.0526,0,0,0.1579,0.3165,0.4545,3,79,NA,3,MI,119,0.6134,0.3866,0.0336,0,0.0252,0.2773,0.1008,0,0.0252,0.0252,0.5126,2025-11-17
1,29.260869565,7040,Detroit,2,39466,25093252,PS,PS,PS,0,0,1,Sacred Heart Major Seminary,www.shms.edu/,49295,0,00231300,0,0,0,0,0.0636,0.617,1,30,NA,1,MI,176,0.5114,0.4886,0.0057,0.0625,0.0114,0.0057,0.0852,0,0,0.1761,0.6534,2025-11-17
0.7288,21.617481203,9258,University Center,1,24043,96122134,0.6005639098,0.3286713287,25000,0,0,1,Saginaw Valley State University,www.svsu.edu/,51955,0,00231400,0.1277,0.0542,0.0101,0.1486,0.3237,0.4944,3,NA,1051,3,MI,6004,0.3691,0.6309,0.0331,0.0028,0.0117,0.0819,0.0596,3e-4,0.027,0.0215,0.762,2025-11-17
NA,25.509673519,11264,Livonia,1,11921,11816076,0.6023780734,0.4256217738,10500,0,0,1,Schoolcraft Community College District,https://www.schoolcraft.edu/,42722,0,00231500,0.0249,0.021,0,0.181,0.2719,0.2597,2,NA,NA,2,MI,6626,0.425,0.575,0.0407,0.0017,0.0423,0.1748,0.0691,0.0012,0.0275,0.0545,0.5883,2025-11-17
0.6656,28.855436832,6735,Adrian,2,42802,17219189,0.6367064739,0.4433634468,18750,0,0,1,Siena Heights University,https://www.sienaheights.edu/,57529,0,00231600,0.036,0.0144,0.0036,0.2,0.309,1,3,30,1033,3,MI,1533,0.4514,0.5486,0.0235,0.0059,0.017,0.1298,0.0907,0.0013,0,0.0913,0.6406,2025-11-17
NA,24.751101322,9784,Port Huron,1,12153,8141511,0.5998531571,0.4259868421,11750,0,0,2,St Clair County Community College,www.sc4.edu/,40177,0,00231000,0,0,0,0.0919,0.2498,0.381,2,NA,NA,2,MI,1955,0.3417,0.6583,0.0097,0.0246,0.0113,0.0486,0.0445,5e-4,0.001,0.0368,0.823,2025-11-17
NA,21.611287758,7576,Dowagiac,1,14999,13771485,0.5858505564,0.4141048825,10959,0,0,2,Southwestern Michigan College,www.swmich.edu/,37303,0,00231700,0.0538,0.0143,0,0.1147,0.3824,0.3409,2,NA,NA,2,MI,1396,0.3947,0.6053,0.0695,0.01,0.0136,0.1533,0.0172,0.0014,0,0.0666,0.6683,2025-11-17
0.3733,26.688172043,6077,Spring Arbor,2,43178,25774041,0.6715542522,0.351659751,26375,0,0,1,Spring Arbor University,https://www.arbor.edu/,51732,0,00231800,0.0616,0.0117,0.0029,0.1848,0.2591,0.2741,3,64,1072,3,MI,990,0.3707,0.6293,0.0293,0.004,0.0101,0.0687,0.0626,0.001,0.0293,0.0838,0.7111,2025-11-17
NA,21.226086957,NA,Plainwell,1,16152,NA,0.2347826087,0.3367346939,PS,0,0,3,Michigan Career and Technical Institute,www.michigan.gov/MCTI,29376,0,02618400,0,0,0,0.0978,0.3394,NA,1,NA,NA,1,MI,118,0.8305,0.1695,0.0424,0,0.0339,0.0593,0.0339,0,0,0,0.8305,2025-11-17
NA,28.552941176,10013,Troy,2,NA,11638919,0.5458823529,0.481865285,16217,0,0,1,Walsh College,https://walshcollege.edu/,72081,0,00407100,0,0,0,0.805,0.3114,0.2,3,NA,NA,3,MI,535,0.5308,0.4692,0.0243,0.0056,0.0318,0.071,0.0187,0,0.0187,0.0318,0.7981,2025-11-17
NA,25.411211044,8677,Ann Arbor,1,11161,26349482,0.5569964443,0.3917378917,13310,0,0,2,Washtenaw Community College,www.wccnet.edu/,39449,0,00232800,0.0118,0.0079,0,0.1272,0.2686,0.2774,1,NA,NA,1,MI,7736,0.4515,0.5485,0.0651,0.0034,0.0315,0.179,0.0804,0.0012,0.019,0.0288,0.5915,2025-11-17
NA,28.508851093,9129,Detroit,1,12642,NA,0.6113617957,0.5362029208,12062,0,0,2,Wayne County Community College District,https://www.wcccd.edu/,29079,0,00923000,0.0013,0.0018,0,0.0325,0.2846,0.1359,2,NA,NA,2,MI,7848,0.355,0.645,0.0429,0.0022,0.0045,0.6966,0.0166,0.0011,0.0243,0.0408,0.171,2025-11-17
0.8203,23.013102282,11576,Detroit,1,26794,458465000,0.5950972105,0.3760200879,21250,0,0,1,Wayne State University,https://wayne.edu/,53493,0,00232900,0.0443,0.0615,0.0075,0.2233,0.4304,0.5807,3,NA,1147,3,MI,15676,0.4069,0.5931,0.0405,0.0024,0.1386,0.1717,0.0773,4e-4,0.0217,0.0078,0.5396,2025-11-17
NA,25.212007505,9063,Scottville,1,9674,163086,0.5816135084,0.4340425532,9089,0,0,2,West Shore Community College,https://www.westshore.edu/,36115,0,00795000,0,0,0,0.092,0.3367,0.6098,2,NA,NA,2,MI,651,0.3625,0.6375,0.0292,0.0108,0.0061,0.0261,0.1198,0.0015,0.0046,0.0092,0.7926,2025-11-17
0.8468,21.668113102,10462,Kalamazoo,1,28655,557113863,0.5443729003,0.2931240658,26188,0,0,1,Western Michigan University,https://wmich.edu/,53562,0,00233000,0.0613,0.0819,0.003,0.2675,0.2537,0.6415,3,NA,1108,3,MI,12704,0.49370000000000003,0.5063,0.0424,0.0036,0.026,0.0782,0.09,5e-4,0.0454,0.0223,0.6917,2025-11-17
NA,23.104669887,8581,Alexandria,1,18962,3520000,0.4541062802,0.2625649913,12000,0,0,2,Alexandria Technical & Community College,www.alextech.edu/,49393,0,00554400,0.0246,0,0,0.0846,0.1557,0.5455,2,NA,NA,2,MN,1438,0.5424,0.4576,0.0292,0.0028,0.0035,0.0216,0.0668,7e-4,0.0014,0.0473,0.8268,2025-11-17
NA,28.599518459,8586,Anoka,1,16662,129000,0.5730337079,0.3714821764,11000,0,0,2,Anoka Technical College,www.anokatech.edu/,47746,0,00735000,0,0,0,0.0478,0.3285,0.6154,1,NA,NA,1,MN,1522,0.4731,0.5269,0.0493,0.0046,0.0644,0.1708,0.0815,0.0013,7e-4,0.0118,0.6156,2025-11-17
NA,24.110704483,8666,Coon Rapids,1,16110,1430000,0.6203110704,0.3416257884,13500,0,0,2,Anoka-Ramsey Community College,www.anokaramsey.edu/,48342,0,00233200,0.0108,0.0079,0,0.1217,0.1962,0.5019,2,NA,NA,2,MN,3983,0.408,0.592,0.0537,0.0033,0.066,0.1657,0.07,0,0.009,0.0158,0.6164,2025-11-17
0.7653,22.592505855,8411,Minneapolis,2,57966,70632324,0.5464480874,0.2890120037,25347,0,0,1,Augsburg University,www.augsburg.edu/,58829,0,00233400,0.0537,0,0.0179,0.2545,0.515,0.5348,3,39,NA,3,MN,2429,0.445,0.555,0.0729,0.0144,0.107,0.2882,0.1449,0.0016,0.021,0.021,0.3289,2025-11-17
NA,24.687445887,8369,Austin,1,14611,1960000,0.541991342,0.3567073171,12000,0,0,2,Riverland Community College,https://www.riverland.edu/,45247,0,00233500,0.0065,0,0,0.0826,0.2649,0.5118,2,NA,NA,1,MN,1895,0.4707,0.5293,0.0243,0.0053,0.0438,0.0818,0.1916,0.0011,0.0164,0.0296,0.6063,2025-11-17
NA,27.567839196,8110,Bemidji,1,18271,NA,0.6884422111,0.2742537313,15000,0,0,2,Northwest Technical College,https://www.ntcmn.edu/,42930,0,00575900,0.0085,0,0,0.0723,0.3301,0.4651,2,NA,NA,1,MN,654,0.2936,0.7064,0.0581,0.0963,0.0107,0.0994,0.0367,0,0.0031,0.0107,0.685,2025-11-17
0.7066,24.029595665,9734,Bemidji,1,23066,30044000,0.5981659025,0.2725245317,19750,0,0,1,Bemidji State University,https://www.bemidjistate.edu/,53755,0,00233600,0.1183,0,0.0142,0.2125,0.2628,0.6165,3,NA,1090,3,MN,3120,0.4093,0.5907,0.0615,0.049,0.017,0.0314,0.0407,6e-4,0.0173,0.0045,0.7779,2025-11-17
0.5096,19.884462151,7225,Mankato,2,39624,48033174,0.5537848606,PS,23000,0,0,1,Bethany Lutheran College,https://www.blc.edu/,46110,0,00233700,0.0894,0.0488,0.0244,0.2033,0.221,0.4819,3,99,1144,3,MN,682,0.5015,0.4985,0.0381,0.0015,0.0117,0.0352,0.0601,0.0015,0.1848,0.0073,0.6598,2025-11-17
0.9099,23.839256866,7816,Saint Paul,2,56310,92871511,0.6357027464,0.1858254105,21500,0,0,1,Bethel University,https://www.bethel.edu/,63764,0,00905800,0.0955,0.021,0.0032,0.2039,0.1898,0.3595,3,54,1243,3,MN,2012,0.4294,0.5706,0.0348,0.0025,0.0477,0.0591,0.0726,5e-4,0.0015,0.0214,0.7599,2025-11-17
NA,24.445757997,8738,Brainerd,1,18003,8752000,0.495132128,0.3171875,11000,0,0,2,Central Lakes College-Brainerd,www.clcmn.edu/,42162,0,00233900,0.0046,0,0,0.0276,0.1455,0.597,2,NA,NA,2,MN,1486,0.4677,0.5323,0.0485,0.0182,0.0074,0.0686,0.0296,0,0.0027,0.0121,0.8129,2025-11-17
0.2228,19.383292383,12173,Northfield,2,81350,1093697498,0.4594594595,0.1568123393,16750,0,0,1,Carleton College,https://www.carleton.edu/,75525,0,00234000,0,0,0.079,0,0.1404,0.8419,3,NA,1491,3,MN,2019,0.4948,0.5052,0.0896,0.001,0.1045,0.0684,0.0996,5e-4,0.0981,0.0228,0.5156,2025-11-17
0.6306,19.637454982,7863,Moorhead,2,43074,177341871,0.581032413,0.1268844221,26847,0,0,1,Concordia College at Moorhead,https://www.concordiacollege.edu/,59317,0,00234600,0.1156,0,0.0276,0.2563,0.1976,0.7225,3,39,1192,3,MN,1721,0.4747,0.5253,0.018,0.0099,0.0291,0.0418,0.0366,0.0012,0.0645,0.0238,0.7751,2025-11-17
0.7487,27.729563614,7135,Saint Paul,2,34495,40644955,0.6072526122,0.3356692362,17832,0,0,1,Concordia University-Saint Paul,https://www.csp.edu/,59871,0,00234700,0.0479,0,0.0054,0.1697,0.3403,0.2386,3,68,NA,3,MN,2786,0.3281,0.6719,0.0513,0.0047,0.107,0.1726,0.1159,0.0032,0.009,0.0201,0.5162,2025-11-17
NA,26.06442769,8493,Rosemount,1,15792,2043000,0.4037011652,0.3115656963,11000,0,0,2,Dakota County Technical College,www.dctc.edu/,51938,0,01040200,0.0089,0,0,0.1937,0.2713,0.4701,2,NA,NA,1,MN,2083,0.5602,0.4398,0.0557,0.0067,0.0389,0.12,0.1186,0.001,0.0024,0.0134,0.6433,2025-11-17
0.8257,19.744897959,4920,New Ulm,2,29288,21303935,0.4727891156,PS,20177,0,0,1,Martin Luther College,www.mlc-wels.edu/,47491,0,00236100,0.5602,0,0,0,0.2265,0.7981,3,33,1191,3,MN,718,0.4749,0.5251,0.0348,0.0014,0.0042,0.0125,0.0111,0,0.0139,0,0.922,2025-11-17
NA,24.935468219,8223,Duluth,1,20049,1163000,0.5351770985,0.2848712446,12775,0,0,2,Lake Superior College,www.lsc.edu/,46449,0,00575700,0,0,0,0.0381,0.1925,0.4318,2,NA,NA,2,MN,2456,0.4336,0.5664,0.0517,0.0102,0.0138,0.0277,0.0468,4e-4,0.0106,0.0094,0.8294,2025-11-17
NA,24.579850281,8452,Fergus Falls,1,15570,7252000,0.5467872739,0.3006535948,12000,0,0,2,Minnesota State Community and Technical College,www.minnesota.edu/,45591,0,00554100,0.0171,0.007,0,0.1484,0.2518,0.56,2,NA,NA,2,MN,2875,0.3969,0.6031,0.0511,0.0167,0.025,0.1457,0.063,7e-4,0.0077,0.007,0.6831,2025-11-17
NA,25.246038365,8308,Granite Falls,1,17205,1105000,0.565471226,0.3656862745,10987,0,0,2,Minnesota West Community and Technical College,www.mnwest.edu/,45285,0,00526300,0.0013,0,0,0.0572,0.1405,0.5274,1,NA,NA,1,MN,1700,0.5835,0.4165,0.0265,0.0088,0.0212,0.0653,0.1459,6e-4,0.0188,0.0188,0.6941,2025-11-17
0.618,19.603926097,8083,Saint Peter,2,65976,291244740,0.5415704388,0.1465838509,26774,0,0,1,Gustavus Adolphus College,gustavus.edu/,65607,0,00235300,0.0394,0,0.0394,0.1079,0.2138,0.9343,3,39,1320,3,MN,1930,0.4523,0.5477,0.0451,0,0.0249,0.0233,0.0554,5e-4,0.044,0.0088,0.7979,2025-11-17
0.8983,20.692585895,8194,Saint Paul,2,56738,117220823,0.6320072333,0.2320162107,23770,0,0,1,Hamline University,https://www.hamline.edu/,61106,0,00235400,0.0071,0.0071,0.0071,0.1953,0.3977,0.4683,3,71,1197,3,MN,1685,0.3632,0.6368,0.0546,0.0059,0.0884,0.1228,0.1318,6e-4,0.0071,0.0273,0.5614,2025-11-17
NA,28.251712946,8349,Brooklyn Park,1,15830,1375000,0.3855030653,0.3764705882,11433,0,0,2,Hennepin Technical College,www.hennepintech.edu/,49460,0,01049100,0.0019,0,0,0.0391,0.2642,0.474,1,NA,NA,1,MN,2827,0.6311,0.3689,0.0488,0.0042,0.1171,0.2398,0.099,0.0014,0.006,0.011,0.4726,2025-11-17
NA,26.547961631,8327,Hibbing,1,16231,8829000,0.48441247,0.3370013755,12000,0,0,2,Minnesota North College,https://minnesotanorth.edu/,45570,0,00235500,0.0164,0.0319,0,0.0175,0.3016,0.5534,2,NA,NA,2,MN,1942,0.5288,0.4712,0.0587,0.0252,0.0046,0.0767,0.0592,0.001,0.0149,0.0113,0.7482,2025-11-17
NA,24.699864192,8613,Inver Grove Heights,1,15612,2506000,0.5952919873,0.3336921421,13965,0,0,2,Inver Hills Community College,https://www.inverhills.edu/,49898,0,00974000,0.0107,0.0015,0,0.0852,0.2327,0.4968,2,NA,NA,2,MN,2203,0.3899,0.6101,0.0545,0.0036,0.0676,0.2079,0.1639,5e-4,0.0027,0.0082,0.4911,2025-11-17
0.2821,19.270428016,11661,Saint Paul,2,78900,868060000,0.593385214,0.128256513,23000,0,0,1,Macalester College,www.macalester.edu/,63878,0,00235800,0,0,0.0763,0,0.1733,0.8408,3,66,1424,3,MN,2131,0.4228,0.5772,0.084,0.0019,0.0854,0.0577,0.1131,0.0023,0.1328,0.0056,0.5171,2025-11-17
NA,24.455428571,8332,North Mankato,1,15400,1388000,0.516,0.366827254,12000,0,0,2,South Central College,southcentral.edu/,45068,0,00553700,0.0519,0,0,0.0787,0.3248,0.4967,2,NA,NA,2,MN,1890,0.4413,0.5587,0.0317,0.0026,0.0127,0.1365,0.1423,0,0.0339,0.0116,0.6286,2025-11-17
0.9133,21.292361884,10753,Mankato,1,22565,64486000,0.5695216908,0.2421159715,21106,0,0,1,Minnesota State University-Mankato,https://mnsu.edu/,56922,0,00236000,0.0675,0.0609,0.0042,0.2292,0.2048,0.6817,3,NA,1190,3,MN,11325,0.4539,0.5461,0.0343,0.0026,0.0331,0.06,0.0569,2e-4,0.0887,0.0055,0.7189,2025-11-17
0.3871,26.563492063,NA,Rochester,2,NA,1216420000,0.7857142857,PS,10500,0,0,1,Mayo Clinic College of Medicine and Science,https://college.mayo.edu/,79652,0,01173200,0,0,0,0,0.0075,NA,1,NA,NA,1,MN,296,0.2061,0.7939,0.0541,0.0068,0.0541,0.0743,0.0101,0.0034,0.0101,0.0203,0.7669,2025-11-17
0.9649,29.644987665,10790,Saint Paul,1,26057,7536000,0.6086566495,0.371321408,17100,0,0,1,Metropolitan State University,www.metrostate.edu/,64705,0,01037400,0.0271,0,0.0084,0.2656,0.443,0.321,3,NA,1020,3,MN,4998,0.4242,0.5758,0.0414,0.0056,0.1667,0.3159,0.0772,8e-4,0.0238,0.0072,0.3613,2025-11-17
0.7703,20.925279599,13261,Minneapolis,1,29013,4901364610,0.5593906672,0.1865601991,19500,0,0,1,University of Minnesota-Twin Cities,https://twin-cities.umn.edu/,69020,0,00396900,0.0532,0.1003,0.0258,0.1268,0.1687,0.8218,3,NA,1359,3,MN,30469,0.4604,0.5396,0.0499,0.0035,0.1312,0.0891,0.0599,4e-4,0.0591,0.0148,0.5921,2025-11-17
0.5838,25.88165038,8868,Crookston,1,25290,23942175,0.4896851249,0.2903981265,20500,0,0,1,University of Minnesota-Crookston,https://crk.umn.edu/,58056,0,00406900,0.0408,0.0054,0,0.4674,0.1919,0.9756,3,NA,NA,3,MN,1650,0.4145,0.5855,0.0364,0.0109,0.0376,0.0667,0.0661,0,0.0467,0.0297,0.7061,2025-11-17
0.4836,21.542635659,7762,Minneapolis,2,54606,55064844,0.661498708,0.2083333333,27000,0,0,1,Minneapolis College of Art and Design,https://mcad.edu/,40873,0,00236500,0,0,0,0.048,0.4017,0.2794,3,NA,1170,3,MN,701,0.3124,0.6876,0.0699,0.0128,0.0785,0.067,0.1084,0,0.0114,0.0171,0.6348,2025-11-17
NA,26.399633364,8830,Minneapolis,1,18826,3968000,0.5485792851,0.3869801085,17954,0,0,2,Minneapolis Community and Technical College,www.minneapolis.edu/,40086,0,00236200,0.013,0,0.0015,0.0521,0.4033,0.4237,2,NA,NA,2,MN,4816,0.4381,0.5619,0.0669,0.0154,0.0509,0.3569,0.142,6e-4,0.0264,0.0239,0.3171,2025-11-17
0.9382,31.289940828,7344,St. Louis Park,2,23747,NA,0.8135465189,0.5209032652,21500,0,0,1,Herzing University-Minneapolis,https://www.herzing.edu/,36909,0,00962108,0,0,0,0.0177,0.5186,0.1143,3,NA,NA,2,MN,747,0.1071,0.8929,0.0295,0.0013,0.1165,0.3039,0.0656,0.0027,0,0.0669,0.4137,2025-11-17
0.8175,20.362378268,8730,Duluth,1,26907,278253841,0.4882111738,0.1834061135,22024,0,0,1,University of Minnesota-Duluth,https://d.umn.edu/,62616,0,00238800,0.0682,0.1524,0.019,0.1714,0.1824,0.8377,3,NA,1221,3,MN,7475,0.511,0.489,0.0403,0.0063,0.0302,0.0225,0.0393,3e-4,0.0108,0.0118,0.8385,2025-11-17
0.7046,20.224887556,7856,Morris,1,25816,23228312,0.5892053973,0.2025518341,18995,0,0,1,University of Minnesota-Morris,https://morris.umn.edu/,50919,1,00238900,0.0619,0,0.0221,0.0708,0.3081,0.9398,3,NA,NA,3,MN,980,0.4612,0.5388,0.202,0.1286,0.0112,0.0265,0.0816,0,0.0296,0.0051,0.5153,2025-11-17
0.5262,22.463289963,10113,Moorhead,1,24419,33040000,0.5961895911,0.2013854527,20000,0,0,1,Minnesota State University Moorhead,https://www.mnstate.edu/,50527,0,00236700,0.1392,0.0029,0.0038,0.2198,0.2746,0.577,3,NA,1090,3,MN,3120,0.3651,0.6349,0.0394,0.0112,0.0173,0.0519,0.0494,0.001,0.0452,0.0048,0.7798,2025-11-17
NA,25.521079769,8693,Brooklyn Park,1,14293,1226000,0.5944798301,0.3759082218,14750,0,0,2,North Hennepin Community College,https://www.nhcc.edu/,51142,0,00237000,0.0137,0.0046,0,0.3265,0.2913,0.456,2,NA,NA,2,MN,3299,0.3962,0.6038,0.057,0.003,0.16,0.3052,0.1055,0,0.0288,0.0073,0.3331,2025-11-17
NA,23.745462899,8791,Bloomington,1,17594,893000,0.5598437859,0.3459189339,12000,0,0,2,Normandale Community College,www.normandale.edu/,50207,0,00795400,0.0155,0.0163,7e-4,0.1774,0.2762,0.505,2,NA,NA,2,MN,6040,0.4432,0.5568,0.0536,0.0025,0.0901,0.2768,0.1576,8e-4,0.0134,0.0185,0.3866,2025-11-17
0.9082,20.588594705,7300,Minneapolis,2,42215,4149449,0.5682281059,0.2210300429,23200,0,0,1,North Central University,www.northcentral.edu/,45064,0,00236900,0.1063,0,0.0048,0.2319,0.4251,0.2,3,27,NA,3,MN,802,0.4813,0.5187,0.0474,0.0012,0.0449,0.1035,0.1421,0,0.0125,0.0237,0.6247,2025-11-17
NA,24.008493771,8339,Thief River Falls,1,17893,3307000,0.5175537939,0.3300395257,12000,0,0,2,Northland Community and Technical College,www.northlandcollege.edu/,44425,0,00238500,0.0262,0,0,0.1002,0.2184,0.625,2,NA,NA,1,MN,1382,0.4103,0.5897,0.0318,0.0166,0.0159,0.0912,0.0796,7e-4,0.0101,0.0101,0.7438,2025-11-17
0.9188,22.113778706,6373,Saint Paul,2,48246,21207532,0.5782881002,0.164277839,21325,0,0,1,University of Northwestern-St Paul,https://www.unwsp.edu/,50755,0,00237100,0.08,0.0282,0.0071,0.1271,0.1506,1,3,79,1244,3,MN,1495,0.4435,0.5565,0.0482,7e-4,0.0361,0.0462,0.0602,0,0.0127,0.0054,0.7906,2025-11-17
NA,27.82629108,7566,Bloomington,2,36501,2866213,0.5962441315,0.2486772487,7500,0,0,1,Northwestern Health Sciences University,www.nwhealth.edu/,48666,0,01232800,0,0,0,0,0.1917,0.5333,2,NA,NA,3,MN,251,0.2629,0.7371,0.0398,0.008,0.0558,0.0757,0.0478,0.004,0.0319,0.243,0.494,2025-11-17
NA,28.502835539,8270,Pine City,1,15534,370000,0.5671077505,0.3608017817,14392,0,0,2,Pine Technical & Community College,www.pine.edu/,41232,0,00553500,0,0,0,0.0815,0.1495,0.3188,1,NA,NA,1,MN,569,0.4271,0.5729,0.0299,0.0088,0.0141,0.0633,0.0422,0,0,0.0105,0.8313,2025-11-17
NA,24.474839198,8901,Rochester,1,17814,6758000,0.5732122588,0.3333333333,14743,0,0,2,Rochester Community and Technical College,www.rctc.edu/,45287,0,00237300,0.0065,0.0022,0,0.1153,0.2892,0.4444,2,NA,NA,2,MN,3122,0.3773,0.6227,0.0455,0.0029,0.0503,0.1611,0.0987,0,0.0115,0.009,0.6211,2025-11-17
0.9136,19.433503836,9056,Saint Joseph,2,66878,102989504,PS,0.214084507,26944,0,0,1,College of Saint Benedict,https://csbsju.edu/,63260,0,00234100,0.0955,0,0.0251,0.0955,0.1871,0.8369,3,30,1185,3,MN,1392,0,1,0,0.0079,0.0323,0.028,0.0999,0.0036,0.0309,0.0036,0.7938,2025-11-17
NA,23.462289562,8581,Saint Cloud,1,15374,744000,0.5141414141,0.3206631622,12000,0,0,2,St Cloud Technical and Community College,www.sctcc.edu/,46874,0,00553400,0.0444,0,0,0.09,0.352,0.4278,2,NA,NA,2,MN,2808,0.3878,0.6122,0.0402,0.0046,0.0164,0.1952,0.0637,0.0011,0.0064,0.0178,0.6546,2025-11-17
0.9495,21.929016189,11152,Saint Cloud,1,21389,40585000,0.5498132005,0.2676623992,21058,0,0,1,Saint Cloud State University,https://www.stcloudstate.edu/,55813,0,00237700,0.0777,0.0513,0.0047,0.187,0.203,0.619,3,NA,1091,3,MN,5181,0.4717,0.5283,0.0373,0.0025,0.0434,0.1268,0.0554,4e-4,0.1199,0.005,0.6093,2025-11-17
0.9048,19.62154294,9144,Collegeville,2,66863,257884064,PS,0.1752738654,27000,0,0,1,Saint Johns University,https://csbsju.edu/,76786,0,00237900,0.0122,0,0.0152,0.4103,0.1806,0.8429,3,30,1220,3,MN,1468,1,0,7e-4,0.0068,0.0354,0.0443,0.077,0.0041,0.0327,0.0027,0.7963,2025-11-17
0.8881,25.434840426,7173,Winona,2,54870,73063383,0.5970744681,0.2615384615,21500,0,0,1,Saint Mary's University of Minnesota,www.smumn.edu/,58170,0,00238000,0.05,0,0.0156,0.2125,0.2209,0.2302,3,30,NA,3,MN,1061,0.4364,0.5636,0.0057,0.017,0.0264,0.0763,0.115,9e-4,0.0226,0.1527,0.5834,2025-11-17
0.5215,19.553610503,9105,Northfield,2,69200,696676006,0.5426695842,0.1287356322,26000,0,0,1,St Olaf College,wp.stolaf.edu/,65543,0,00238200,0.0262,0,0.064,0,0.2006,0.7524,3,39,1373,3,MN,3049,0.4221,0.5779,0.0453,0.001,0.0577,0.0321,0.0931,0,0.0994,0.0043,0.6671,2025-11-17
0.6281,24.91002045,4976,Saint Bonifacius,2,44961,9836677,0.5214723926,0.265625,22500,0,0,1,Crown College,www.crown.edu/,48057,0,00238300,0.0538,0,0,0.1237,0.2446,0.2589,3,34,NA,3,MN,789,0.512,0.488,0.0317,0.0076,0.0406,0.0722,0.0913,0.0013,0.0292,0.0076,0.7186,2025-11-17
0.9378,26.455582233,7652,Duluth,2,53069,94079260,0.7551020408,0.2849673203,20000,0,0,1,The College of Saint Scholastica,www.css.edu/,65934,0,00234300,0.0507,0,0.003,0.1133,0.2322,0.509,3,30,1190,3,MN,1725,0.3432,0.6568,0.0441,0.011,0.0249,0.0452,0.0429,0.0023,0.0406,0.0417,0.7472,2025-11-17
0.8494,20.448177677,11518,Saint Paul,2,64684,698880000,0.4880410023,0.137745975,23250,0,0,1,University of St Thomas,www.stthomas.edu/,73739,0,00234500,0.0181,0.087,0.0125,0.4134,0.1956,0.474,3,30,1296,3,MN,6014,0.5098,0.4902,0.0442,0.002,0.056,0.0747,0.0963,7e-4,0.0359,0.0329,0.6573,2025-11-17
0.9407,25.392367323,7650,Saint Paul,2,58432,133127196,0.9511031604,0.2880771881,24181,0,0,1,St Catherine University,https://www.stkate.edu/,59282,0,00234200,0.0529,0,0.0014,0.0692,0.3582,0.4849,3,30,1190,3,MN,2393,0.0447,0.9553,0.0393,0.0038,0.1208,0.1722,0.1333,0.0017,0.005,0.0238,0.5002,2025-11-17
NA,26.279785498,8516,Saint Paul,1,17977,2407000,0.5383539287,0.4021854071,10925,0,0,2,Saint Paul College,https://www.saintpaul.edu/,38399,0,00553300,0.0032,0.0016,0,0.1023,0.4047,0.5433,1,NA,NA,1,MN,3607,0.4419,0.5581,0.0424,0.005,0.1663,0.3782,0.1001,0.0011,0.0369,0.013,0.257,2025-11-17
0.6894,22.572249589,10460,Marshall,1,22399,14181000,0.5977011494,0.2689463956,20500,0,0,1,Southwest Minnesota State University,www.smsu.edu/,51342,0,00237500,0.2193,0,0.0022,0.1732,0.1081,0.4867,3,NA,1020,3,MN,2045,0.3355,0.6645,0.0333,0.0049,0.023,0.0792,0.0822,0.0015,0.0499,0.0181,0.7081,2025-11-17
NA,31.708399366,NA,Minneapolis,2,NA,NA,0.4278922345,0.4903225806,PS,0,0,3,Summit Academy Opportunities Industrialization Center,www.saoic.org/,22606,0,02260500,0,0,0,0,0.4543,NA,1,NA,NA,1,MN,270,0.6963,0.3037,0.1185,0.0148,0.0667,0.5556,0.1296,0,0,0.0259,0.0889,2025-11-17
0.9847,26.006862745,7291,Minneapolis,2,34834,34574737,0.1666666667,0.2821948488,16000,0,0,1,Dunwoody College of Technology,www.dunwoody.edu/,61511,0,00464100,0,0.0818,0,0.1084,0.2929,0.5705,2,NA,1050,2,MN,1417,0.7911,0.2089,0.0593,0.0078,0.0656,0.0769,0.0508,0.0021,0.0042,0.0466,0.6867,2025-11-17
NA,23.421296296,8342,Willmar,1,16195,2492000,0.5149176955,0.3143851508,12000,0,0,2,Ridgewater College,www.ridgewater.edu/,43827,0,00525200,0.0309,0,0,0.0689,0.3354,0.5844,2,NA,NA,2,MN,2048,0.376,0.624,0.0239,0.0054,0.0151,0.0405,0.1377,0.001,0.0029,0.0122,0.7612,2025-11-17
NA,27.088607595,8370,Winona,1,20158,1078000,0.5365141188,0.3452115813,12971,0,0,2,Minnesota State College Southeast,www.southeastmn.edu/,43613,0,00239300,0.0183,0,0,0.1201,0.2241,0.4945,1,NA,NA,1,MN,1198,0.4558,0.5442,0.0334,0.005,0.0209,0.0651,0.0684,0,8e-4,0.0134,0.793,2025-11-17
0.6852,21.455958549,10331,Winona,1,23373,52266000,0.6644315757,0.2117455139,21500,0,0,1,Winona State University,www.winona.edu/,58532,0,00239400,0.1624,0.0142,0.0043,0.1681,0.2349,0.6217,3,NA,1119,3,MN,5088,0.3164,0.6836,0.0377,0.0026,0.034,0.0305,0.0513,6e-4,0.0163,0.0055,0.8215,2025-11-17
NA,24.747676912,8845,White Bear Lake,1,15084,4304000,0.5601620205,0.3443728918,14250,0,0,2,Century College,https://www.century.edu/,46424,0,01054600,0.0084,0.0057,0,0.1008,0.3264,0.3938,2,NA,NA,2,MN,5971,0.4405,0.5595,0.0472,0.0044,0.2109,0.1301,0.1105,7e-4,0.0156,0.0129,0.4678,2025-11-17
0.2466,21.559285328,7090,Alcorn State,1,23937,20252468,0.621548457,0.3451053284,27000,1,0,1,Alcorn State University,www.alcorn.edu/,36421,0,00239600,0.0221,0,0.004,0.1288,0.7742,0.5327,3,NA,1039,3,MS,2290,0.3367,0.6633,0,0.0022,4e-4,0.9585,0.0066,0.0039,0.007,0,0.0214,2025-11-17
0.5325,30.590542099,5598,Jackson,2,38359,6552352,0.6828143022,0.3951187335,26333,0,0,1,Belhaven University,https://www.belhaven.edu/,46440,0,00239700,0.0314,0,0.0048,0.3261,0.4454,0.1368,3,66,1050,3,MS,1370,0.3686,0.6314,0.0518,0.0109,0.008,0.4409,0.0445,7e-4,0.0168,0.0562,0.3701,2025-11-17
1,22.719723183,6210,Blue Mountain,2,32140,18062246,0.5259515571,0.3695652174,18534,0,0,1,Blue Mountain Christian University,www.bmc.edu/,40421,0,00239800,0.2483,0,0.0069,0.2414,0.2623,0.6866,3,75,1047,3,MS,536,0.472,0.528,0.0205,0.0131,0.0037,0.1418,0.0858,0,0.0578,0.0112,0.666,2025-11-17
NA,21.971618357,5501,Clarksdale,1,9071,3167585,0.5301932367,0.4230769231,PS,1,0,2,Coahoma Community College,www.coahomacc.edu/,24289,0,00240100,0.0319,0,0.0017,0.0789,0.5939,0.7188,1,NA,NA,2,MS,1314,0.4125,0.5875,0.0107,0.0015,0.003,0.9353,0.0046,0,0.0023,0.0038,0.0388,2025-11-17
NA,21.819243604,5301,Wesson,1,11844,10928154,0.5939933259,0.4113520408,7435,0,0,2,Copiah-Lincoln Community College,www.colin.edu/,31241,0,00240200,0.1006,0.0274,0.0015,0.1372,0.3838,1,2,NA,NA,2,MS,1948,0.4004,0.5996,0.018,0.0031,0.0051,0.4148,0.0277,5e-4,0,0.0031,0.5277,2025-11-17
0.9968,22.434220532,7213,Cleveland,1,22008,34370961,0.6045627376,0.3227158424,20390,0,0,1,Delta State University,https://www.deltastate.edu/,41991,0,00240300,0.2135,0,0.007,0.1323,0.4314,0.6009,3,NA,1091,3,MS,1613,0.4389,0.5611,0.0186,0.0012,0.0074,0.3577,0.0248,0,0.0465,0.0198,0.5239,2025-11-17
NA,21.614295347,5847,Decatur,1,12692,9522626,0.5724881996,0.3713178295,5500,0,0,2,East Central Community College,https://www.eccc.edu/,32421,0,00240400,0,0,0,0.0678,0.4046,0.5069,2,NA,NA,2,MS,1584,0.3971,0.6029,0.0278,0.0682,0.0051,0.2891,0.0562,0.0013,0.012,0.012,0.5284,2025-11-17
NA,21.980495124,6152,Scooba,1,10806,145131,0.5303825956,0.375272094,9006,0,0,2,East Mississippi Community College,www.eastms.edu/,33772,0,00240500,0.0307,0.0277,0,0.1276,0.4549,0.4934,2,NA,NA,2,MS,2914,0.4272,0.5728,0.0031,0.0103,0.0096,0.4657,0.0278,0,0,0.0192,0.4643,2025-11-17
NA,23.676981611,5361,Raymond,1,9817,48869,0.5997463538,0.3823441247,9371,0,0,2,Hinds Community College,www.hindscc.edu/,30774,0,00240700,0,0,0,0.0563,0.3822,0.503,2,NA,NA,1,MS,6533,0.39,0.61,0.0305,0.004,0.0058,0.5832,0.0325,6e-4,0,0.0569,0.2865,2025-11-17
NA,24.183751922,6536,Goodman,1,12733,8462751,0.6786263455,0.3853889382,9274,0,0,2,Holmes Community College,www.holmescc.edu/,32922,0,00240800,0.053900000000000003,0.0257,0,0.0997,0.4222,1,2,NA,NA,2,MS,3847,0.3234,0.6766,0.025,0.0026,0.0062,0.5077,0.0221,3e-4,0.001,8e-4,0.4344,2025-11-17
NA,21.779267495,6946,Fulton,1,11557,10802487,0.5752125572,0.4135005533,7631,0,0,2,Itawamba Community College,www.iccms.edu/,32912,0,00240900,0.0722,0.0217,9e-4,0.10780000000000001,0.4553,0.4748,2,NA,NA,2,MS,4018,0.3795,0.6205,0.0306,0.0012,0.0067,0.2899,0.0343,0,0,0.003,0.6341,2025-11-17
0.9103,23.338580576,7740,Jackson,1,28611,48933270,0.6464781217,0.3197217181,30470,1,0,1,Jackson State University,https://www.jsums.edu/,39060,0,00241000,0.1335,0.0596,0.0036,0.124,0.6838,0.5847,3,NA,974,3,MS,4769,0.3638,0.6362,0.0061,0.004,0.0013,0.9486,0.0029,0.0023,0.0124,0.0029,0.0195,2025-11-17
NA,21.464549483,6795,Ellisville,1,14975,13233924,0.5853028065,0.4018340975,6291,0,0,2,Jones County Junior College,www.jcjc.edu/,33377,0,00241100,0,0,0,0.0321,0.3769,0.8,2,NA,NA,2,MS,3248,0.3818,0.6182,0.0286,0.0037,0.0043,0.326,0.0212,0,0.0089,0.0012,0.6059,2025-11-17
NA,23.730748225,5527,Meridian,1,13402,16088455,0.6886947023,0.4185750636,5521,0,0,2,Meridian Community College,www.meridiancc.edu/,31002,0,00241300,0,0,0,0.0476,0.3996,0.6292,2,NA,NA,2,MS,2025,0.2993,0.7007,0.0054,0.0128,0.0074,0.4617,0.0262,0.0015,0,0.0277,0.4573,2025-11-17
0.4903,19.5,8506,Jackson,2,61025,98495928,0.4971264368,0.1671732523,27000,0,0,1,Millsaps College,www.millsaps.edu/,53848,0,00241400,0.0075,0,0.0677,0.1504,0.3557,0.7549,3,71,NA,3,MS,580,0.5379,0.4621,0.0103,0.0086,0.031,0.2724,0.0431,0.0069,0.0259,0.0328,0.569,2025-11-17
NA,21.287207872,5980,Moorhead,1,9270,10000,0.5688806888,0.4243323442,PS,0,0,2,Mississippi Delta Community College,https://www.msdelta.edu/,28421,0,00241600,0.028,0.0076,0.0025,0.1298,0.486,0.6642,2,NA,NA,2,MS,1490,0.3805,0.6195,0,0,0.004,0.653,0.0188,7e-4,0,0.0242,0.2993,2025-11-17
0.9778,21.748081841,10098,University,1,27692,780800661,0.608056266,0.2350269179,20000,0,0,1,University of Mississippi,www.olemiss.edu/,50994,0,00244000,0.0515,0.0437,0.0031,0.2722,0.2241,0.8601,3,NA,1187,3,MS,18995,0.43,0.57,0.0268,0.0032,0.0202,0.0974,0.0528,7e-4,0.0109,0.0048,0.7832,2025-11-17
1,26.140659341,6655,Columbus,1,21808,61567784,0.8681318681,0.3704600484,15000,0,0,1,Mississippi University for Women,https://www.muw.edu/,46128,0,00242200,0.0296,0,0.004,0.1739,0.4159,0.6398,3,NA,1050,3,MS,1593,0.1915,0.8085,0,0.0088,0.0082,0.3848,0.0144,0.0019,0.01,0,0.5719,2025-11-17
0.5116,21.69733448,6651,Itta Bena,1,21606,3263283,0.5717970765,0.4262626263,28413,1,0,1,Mississippi Valley State University,www.mvsu.edu/,31919,0,00242400,0.1303,0,0.0294,0.1134,0.5955,0.6463,3,NA,910,3,MS,1326,0.4977,0.5023,0.009,0.0023,0.0038,0.8937,0.0158,0.0015,0,0.0505,0.0234,2025-11-17
0.4887,22.265023112,7962,Clinton,2,39167,102545404,0.6217257319,0.2567237164,22500,0,0,1,Mississippi College,www.mc.edu/,47485,0,00241500,0.0832,0.0129,0.0166,0.1479,0.2617,0.5266,3,75,1120,3,MS,2423,0.4139,0.5861,0.0235,0.0033,0.0256,0.1841,0.0425,0,0.0124,0.0227,0.6859,2025-11-17
NA,23.810880829,5540,Perkinston,1,12908,9503681,0.593955095,0.435149809,10000,0,0,2,Mississippi Gulf Coast Community College,https://www.mgccc.edu/,33017,0,00241700,0.0357,0.0333,0.0036,0.1223,0.4084,0.8049,2,NA,NA,2,MS,6231,0.3771,0.6229,0.0489,0.0056,0.0228,0.252,0.0727,0.0011,0,0.0672,0.5296,2025-11-17
0.7632,21.226035332,9760,Mississippi State,1,26922,639484617,0.5395308427,0.248577142,22142,0,0,1,Mississippi State University,https://www.msstate.edu/,51513,0,00242300,0.0831,0.1687,0.0073,0.1799,0.2864,0.8403,3,NA,1220,3,MS,18092,0.4898,0.5102,0.0266,0.0048,0.0164,0.1505,0.0421,4e-4,0.012,0.0066,0.7406,2025-11-17
NA,21.245354931,5875,Booneville,1,14779,7479241,0.557884707,0.4473826228,9722,0,0,2,Northeast Mississippi Community College,https://www.nemcc.edu/,34081,0,00242600,0,0,0,0.0996,0.5777,0.8477,2,NA,NA,2,MS,2640,0.3795,0.6205,0.0269,0.0023,0.0027,0.2038,0.0398,8e-4,0,0,0.7239,2025-11-17
NA,22.729815639,5970,Senatobia,1,13156,18122535,0.5884721339,0.4165450122,6500,0,0,2,Northwest Mississippi Community College,www.northwestms.edu/,36396,0,00242700,0.0147,0.001,0,0.1207,0.3256,0.5425,2,NA,NA,2,MS,5181,0.3762,0.6238,0.0197,8e-4,0.0112,0.3847,0.0654,8e-4,0,0.0118,0.5057,2025-11-17
NA,22.289483603,6193,Poplarville,1,11607,7905,0.58386732,0.4233390119,9750,0,0,2,Pearl River Community College,https://www.prcc.edu/,33019,0,00243000,0,0,0,0.0504,0.4747,1,2,NA,NA,2,MS,4725,0.3295,0.6705,0,0.0034,0.0061,0.3327,0.0047,0,0,0.0519,0.6013,2025-11-17
0.3469,20.437410072,5197,Holly Springs,2,18448,42759949,0.5726618705,0.4599659284,26159,1,0,1,Rust College,www.rustcollege.edu/,32275,0,00243300,0.0875,0,0.0375,0.2125,0.6876,0.9444,3,71,NA,3,MS,428,0.4953,0.5047,0,0.0047,0.0047,0.9276,0.0047,0,0.0421,0.014,0.0023,2025-11-17
NA,22.307949791,6297,Summit,1,10933,1491574,0.549790795,0.4214079074,PS,0,0,2,Southwest Mississippi Community College,https://www.smcc.edu/,33227,0,00243600,0,0,0,0.0309,0.5525,1,2,NA,NA,2,MS,1497,0.3988,0.6012,0.0167,0.0013,0.0067,0.4456,0.0194,0.0013,7e-4,0.0234,0.485,2025-11-17
0.9938,23.329936086,8373,Hattiesburg,1,25482,130594735,0.6505441354,0.3259689197,22500,0,0,1,University of Southern Mississippi,https://www.usm.edu/,44140,0,00244100,0.0953,0.0053,0.0019,0.1993,0.4659,1,3,NA,1120,3,MS,9899,0.3621,0.6379,0.0409,0.0041,0.0147,0.2829,0.0471,7e-4,0.0297,0.0073,0.5726,2025-11-17
0.5319,21.238095238,3855,Tougaloo,2,22570,26434602,0.6363636364,0.2978208232,30046,1,0,1,Tougaloo College,www.tougaloo.edu/,34724,0,00243900,0.1316,0,0.0175,0,0.618,0.9787,3,76,NA,3,MS,681,0.4112,0.5888,0.0162,0.0029,0.0015,0.8987,0.0191,0,0.0015,0.0558,0.0044,2025-11-17
0.5797,25.904263276,6124,Hattiesburg,2,30846,28399508,0.6626776365,0.3590163934,20832,0,0,1,William Carey University,https://www.wmcarey.edu/,43087,0,00244700,0.2389,0,0.0053,0.0779,0.2458,0.3758,3,54,1120,3,MS,1818,0.3284,0.6716,6e-4,0.0044,0.0094,0.28,0.0242,0,0.0583,0.0259,0.5974,2025-11-17
0.5954,23.66621067,6864,Kansas City,2,32863,16273905,0.6292749658,0.3674698795,25000,0,0,1,Avila University,https://www.avila.edu/,52773,0,00244900,0.0556,0,0,0.1759,0.4908,0.3039,3,30,942,3,MO,1192,0.3767,0.6233,0.0201,0.0109,0.026,0.281,0.1846,0.0042,0.021,0.0193,0.4329,2025-11-17
NA,20.741626794,4009,Springfield,2,29288,385695,0.5645933014,PS,26168,0,0,1,Mission University,www.mission.edu/,38641,0,01320800,0.1273,0,0,0.2545,0.4891,0.2373,3,54,NA,3,MO,342,0.6462,0.3538,0.0263,0.0263,0.0088,0.0673,0.0614,0,0,0,0.8099,2025-11-17
0.7143,29.018181818,7423,Springfield,2,NA,NA,0.8545454545,0.4103194103,20000,0,0,1,Cox College,https://coxcollege.edu/,56867,0,02068200,0,0,0,0,0.3491,0.7073,3,NA,NA,3,MO,634,0.1278,0.8722,0.0363,0.0079,0.0126,0.0158,0.0552,0,0,0.0426,0.8297,2025-11-17
0.7091,25.614035088,3957,Kansas City,2,20044,529932,0.4035087719,0.3461538462,20839,0,0,1,Calvary University,www.calvary.edu/,45421,0,00245000,0.0612,0,0,0.1837,0.3584,0.4762,3,79,1008,3,MO,170,0.4412,0.5588,0.0353,0,0.0176,0.0529,0.1118,0.0059,0.0059,0.0059,0.7647,2025-11-17
NA,27.673170732,NA,Cape Girardeau,1,NA,NA,0.7512195122,0.5683060109,8750,0,0,2,Cape Girardeau Career and Technology Center,www.capectc.org/,44369,0,00553200,0,0,0,0,0.3777,NA,1,NA,NA,1,MO,212,0.3255,0.6745,0.033,0.0047,0.0047,0.1557,0.0142,0,0,0,0.7877,2025-11-17
NA,21.929032258,4867,Moberly,2,22288,1634652,0.3612903226,0.3125,17500,0,0,1,Central Christian College of the Bible,https://www.cccb.edu/,34675,0,02266400,0,0,0,0,0.5316,0.6538,3,48,NA,3,MO,145,0.6414,0.3586,0.0207,0,0.0276,0.1379,0.0552,0,0,0.1103,0.6483,2025-11-17
0.879,27.84279476,6652,Fayette,2,43890,45882023,0.6899563319,0.4372781065,17619,0,0,1,Central Methodist University-College of Liberal Arts and Sciences,www.centralmethodist.edu/,48991,0,00245300,0.18,0,0.012,0.132,0.3698,1,3,71,1090,3,MO,1015,0.4571,0.5429,0.0512,0.0049,0.0089,0.1163,0.0837,0,0.0808,0.0158,0.6384,2025-11-17
0.6861,22.044336175,8767,Warrensburg,1,22086,65431590,0.5887941535,0.3339464004,21000,0,0,1,University of Central Missouri,https://www.ucmo.edu/,49560,0,00245400,0.1474,0.0046,0.004,0.126,0.2565,0.9923,3,NA,1090,3,MO,5653,0.4674,0.5326,0.0474,0.0042,0.0119,0.0869,0.069,0.0012,0.0175,0.005,0.7569,2025-11-17
NA,29.95456331,8367,Columbia,2,37136,179655066,0.6236742176,0.4855916616,23879,0,0,1,Columbia College,https://www.ccis.edu/,45378,0,00245600,0,0,0.0018,0.278,0.4412,1,3,61,NA,3,MO,5359,0.4103,0.5897,0.064,0.0043,0.0203,0.2131,0.1161,0.0058,0.0308,0.0168,0.5288,2025-11-17
0.6631,19.921875,6886,Nevada,2,36726,106709123,PS,0.3068181818,19043,0,0,1,Cottey College,https://www.cottey.edu/,35422,0,00245800,0.0923,0,0,0.1077,0.4534,0.8409,3,NA,1190,2,MO,266,0,1,0.015,0.0226,0.015,0.0677,0.1053,0.0038,0.0414,0,0.7293,2025-11-17
NA,23.708046907,5170,Neosho,1,11561,3568847,0.6263647392,0.5350999535,9000,0,0,2,Crowder College,www.crowder.edu/,35987,0,00245900,0.0592,0.0088,0,0.048,0.3463,0.3905,2,NA,NA,2,MO,2622,0.3806,0.6194,0.0534,0.0183,0.016,0.0172,0.1522,0.0076,0.0153,0.0198,0.7002,2025-11-17
0.98,20.380872483,6062,Canton,2,43028,34714829,0.5234899329,0.3187613843,26000,0,0,1,Culver-Stockton College,https://www.culver.edu/,46092,0,00246000,0.1333,0,0.0061,0.2727,0.3578,0.64,3,61,1020,3,MO,884,0.5509,0.4491,0.0396,0.0124,0.0068,0.155,0.069,0.0057,0.0317,0,0.6799,2025-11-17
0.5887,26.131881428,7165,Springfield,2,47091,96442572,0.6037507562,0.4127630686,20979,0,0,1,Drury University,www.drury.edu/,40694,0,00246100,0.0679,0.0264,0.0113,0.1094,0.272,0.9355,3,61,1212,3,MO,1367,0.4755,0.5245,0.0351,0.0139,0.0205,0.0315,0.03,0.0015,0.0797,0.0505,0.73740000000000006,2025-11-17
NA,23.888888889,7079,Union,1,18191,12469797,0.6617126681,0.4599673203,9500,0,0,2,East Central College,www.eastcentral.edu/,36916,0,00886200,0.0702,0.0303,0,0.0383,0.3306,0.341,2,NA,NA,2,MO,1719,0.381,0.619,0.0396,0.0047,0.0058,0.0111,0.0413,0.0017,0.014,0.0029,0.879,2025-11-17
0.693,22.481751825,5293,Springfield,2,38931,23680777,0.5505735141,0.2610571737,24736,0,0,1,Evangel University,www.evangel.edu/,46573,0,00246300,0.1735,0.0032,0.0063,0.1798,0.3612,0.2848,3,27,NA,3,MO,1205,0.4963,0.5037,0.0573,0.0124,0.0183,0.0481,0.0523,0,0.0349,0.0266,0.7502,2025-11-17
0.9503,23.637329287,7052,Saint Louis,2,42982,14138749,0.660091047,0.3224222586,25000,0,0,1,Fontbonne University,https://www.fontbonne.edu/,48825,0,00246400,0.1825,0,0.0073,0.1971,0.4795,0.4414,3,30,NA,3,MO,632,0.4984,0.5016,0.0522,0.0063,0.0206,0.2769,0.0142,0.0016,0.0063,0.0158,0.606,2025-11-17
NA,25.455091455,6327,Springfield,1,12540,5844154,0.5943215943,0.4651198763,10453,0,0,1,Ozarks Technical Community College,www.otc.edu/,36455,0,03083000,0.0317,0.0138,0.0013,0.1179,0.3711,0.2876,2,NA,NA,2,MO,8194,0.418,0.582,0.0607,0.0057,0.0165,0.0314,0.0779,0.0026,0,0.0088,0.7966,2025-11-17
0.5874,25.039325843,4056,Hannibal,2,39296,10060790,0.6797752809,0.4574898785,18599,0,0,1,Hannibal-LaGrange University,www.hlg.edu/,42643,0,00908900,0.1679,0,0,0.1168,0.2935,1,3,75,1020,3,MO,381,0.5144,0.4856,0.0236,0,0.0105,0.1024,0.0709,0,0.0341,0.0761,0.6824,2025-11-17
NA,22.696597353,5331,Saint Louis,1,19616,1613116,0.6701323251,0.4731934732,25930,1,0,1,Harris-Stowe State University,https://www.hssu.edu/,31088,0,00246600,0.0913,0,0.0079,0.2222,0.7288,0.3209,3,NA,NA,3,MO,1086,0.2974,0.7026,0.0405,0,0.0018,0.826,0.0193,9e-4,0.0479,0.0378,0.0258,2025-11-17
NA,24.237209302,7421,Hillsboro,1,12965,709525,0.6097674419,0.4580679406,9285,0,0,2,Jefferson College,https://www.jeffco.edu/,40782,0,00246800,0.0421,0.0095,0,0.0461,0.2951,1,2,NA,NA,2,MO,2514,0.4045,0.5955,0.0298,0.004,0.0167,0.0255,0.0346,0.0012,0.006,0,0.8823,2025-11-17
NA,26.285472973,8165,Saint Louis,2,NA,41674716,0.875,0.3087719298,16750,0,0,1,Barnes-Jewish College Goldfarb School of Nursing,https://www.barnesjewishcollege.edu/,84393,0,00638900,0,0,0,0,0.2458,0.4737,3,NA,NA,3,MO,426,0.1033,0.8967,0.0423,0.0047,0.0376,0.2019,0.0023,0,0.0117,0.0493,0.6502,2025-11-17
0.6035,20.571428571,7438,Kansas City,2,57779,72034483,0.7338935574,0.2098765432,27000,0,0,1,Kansas City Art Institute,www.kcai.edu/,37032,0,00247300,0,0,0,0,0.4173,0.4651,3,NA,NA,3,MO,782,0.2084,0.7916,0.0831,0.0038,0.0358,0.0806,0.1471,0,0.0128,0.0205,0.6164,2025-11-17
NA,21.18206158,6588,Jefferson City,1,21265,2852874,0.5649263722,0.3789308176,28875,1,0,1,Lincoln University,https://www.lincolnu.edu/,39463,0,00247900,0.0561,0,0.0047,0.1963,0.463,0.6818,3,NA,NA,3,MO,1357,0.3979,0.6021,0.0413,0.0037,0.0066,0.5321,0.0361,7e-4,0.0685,0.0273,0.2837,2025-11-17
0.6586,24.814534231,9202,Saint Charles,2,33442,184148418,0.5777216611,0.350877193,26000,0,0,1,Lindenwood University,https://www.lindenwood.edu/,53278,0,00248000,0.0679,0,0.015,0.3077,0.2889,1,3,NA,1120,3,MO,4748,0.4187,0.5813,0.0505,0.0038,0.0177,0.135,0.0459,0.0061,0.0701,0.0343,0.6365,2025-11-17
NA,21.416490486,6913,Linn,1,17385,518520,0.1828752643,0.4114349776,10986,0,0,2,State Technical College of Missouri,https://www.statetechmo.edu/,55901,0,00471100,0,0,0,0.0684,0.2987,0.9091,2,NA,NA,2,MO,2023,0.829,0.171,0.0163,0.0158,0.0049,0.0133,0.0054,5e-4,0,0.0193,0.9244,2025-11-17
0.9,27.52991453,6871,Chesterfield,2,24276,29747996,0.5213675214,0.3653846154,10250,0,0,1,Logan University,https://www.logan.edu/,55838,0,00470300,0,0,0,0,0.4,0.3949,3,NA,998,3,MO,258,0.3023,0.6977,0.0504,0.0078,0.0465,0.1512,0.0349,0.0078,0,0.0465,0.655,2025-11-17
NA,24.379955332,8295,Kansas City,1,14162,5822207,0.6037130095,0.4544404094,10073,0,0,2,Metropolitan Community College-Kansas City,www.mcckc.edu/,40796,0,00248400,0.0126,0.005,0,0.0172,0.304,1,2,NA,NA,2,MO,10412,0.4091,0.5909,0.0663,0.002,0.0288,0.1626,0.15,0.0029,0.0083,0.0233,0.5558,2025-11-17
0.9369,23.956345998,9364,Saint Louis,2,45093,68302541,0.6944219887,0.2958735733,22000,0,0,1,Maryville University of Saint Louis,https://www.maryville.edu/,62105,0,00248200,0.0142,0,0.0102,0.1707,0.3555,0.1422,3,NA,NA,3,MO,5988,0.3145,0.6855,0.0379,0.0042,0.0336,0.1281,0.0877,0,0.0276,0.0336,0.6475,2025-11-17
0.9433,27.895833333,7199,Kansas City,2,31765,26749841,0.2604166667,PS,15675,0,0,1,Midwestern Baptist Theological Seminary,https://www.mbts.edu/,50535,0,00248500,0,0,0,0.0259,0.3092,0.2,3,75,NA,3,MO,791,0.641,0.359,0.024,0.0076,0.0329,0.0392,0.0746,0.0038,0.0152,0.0468,0.756,2025-11-17
NA,23.340482574,5423,Park Hills,1,17328,6398922,0.6219839142,0.5329295988,10500,0,0,2,Mineral Area College,https://mineralarea.edu/,35352,0,00248600,0.0897,0,0,0.0068,0.308,0.4511,2,NA,NA,2,MO,1530,0.3824,0.6176,0.0229,0.0033,0.0052,0.0275,0.0314,0,0.0412,0.0216,0.8471,2025-11-17
0.641,24.204281891,6865,Saint Louis,2,47370,4702162,0.5504014273,0.3589015152,22500,0,0,1,Missouri Baptist University,www.mobap.edu/,46660,0,00754000,0.125,0,0.0049,0.2304,0.1271,0.2624,3,54,983,3,MO,1452,0.4573,0.5427,0.0289,0.0083,0.011,0.1391,0.0041,7e-4,0.0441,0.031,0.7328,2025-11-17
0.9744,23.347340775,6614,Joplin,1,19194,41148112,0.6070256074,0.4522339266,19174,0,0,1,Missouri Southern State University,www.mssu.edu/,42620,0,00248800,0.0945,0,0.0054,0.1789,0.3497,0.5423,3,NA,1090,3,MO,3101,0.3918,0.6082,0.0148,0.0445,0.0281,0.0651,0.0932,0.0058,0.0326,0.0226,0.6933,2025-11-17
0.5269,20.472361809,5100,Marshall,2,37001,11181713,0.3628140704,0.4008810573,25950,0,0,1,Missouri Valley College,https://www.moval.edu/,43221,0,00248900,0.0867,0,0.0102,0.2602,0.2991,0.6552,3,66,1018,3,MO,1274,0.6358,0.3642,0.0392,0.0031,0.0063,0.1484,0.1075,0.0157,0.2991,0.0204,0.3603,2025-11-17
NA,22.088486677,7741,Saint Joseph,1,20282,34756187,0.6189039718,0.3968957871,19968,0,0,1,Missouri Western State University,https://www.missouriwestern.edu/,42647,0,00249000,0.0815,0,0.0044,0.1481,0.2817,0.5678,3,NA,NA,3,MO,2372,0.3938,0.6062,0.0805,0.0118,0.0177,0.1395,0.0169,0.0021,0.0126,0.0438,0.675,2025-11-17
0.7702,20.262374861,11373,Columbia,1,28948,1314188649,0.5432424917,0.2005208333,20500,0,0,1,University of Missouri-Columbia,https://missouri.edu/,63403,0,00251600,0.0361,0.0469,0.0129,0.1738,0.201,0.7724,3,NA,1247,3,MO,23118,0.4529,0.5471,0.0439,0.0014,0.0278,0.0508,0.0574,0.001,0.0104,0.01,0.7973,2025-11-17
0.7499,23.122913907,10561,Kansas City,1,24645,200936597,0.6063576159,0.3370424597,18750,0,0,1,University of Missouri-Kansas City,https://www.umkc.edu/,59637,0,00251800,0.0273,0.0752,0.0061,0.1868,0.2498,0.6431,3,NA,1230,3,MO,6618,0.3968,0.6032,0.0532,0.0038,0.1082,0.1369,0.1618,0.0012,0.0429,0.0121,0.4799,2025-11-17
0.7307,20.46378054,12520,Rolla,1,25653,252819049,0.2413201886,0.2249212776,23250,0,0,1,Missouri University of Science and Technology,https://www.mst.edu/,82957,0,00251700,0.0216,0.6424,0.0224,0.0248,0.2075,0.8063,3,NA,1287,3,MO,5467,0.7717,0.2283,0.028,0.0038,0.0441,0.032,0.0556,2e-4,0.0256,0.0624,0.7483,2025-11-17
0.5716,25.092912448,10058,Saint Louis,1,27442,113994621,0.6098868374,0.3779761905,20000,0,0,1,University of Missouri-St Louis,https://www.umsl.edu/,53037,0,00251900,0.0945,0.039,0.0077,0.2229,0.1785,0.5428,3,NA,1147,3,MO,5108,0.455,0.545,0.0401,0.0031,0.0501,0.1854,0.0409,8e-4,0.0166,0.0544,0.6085,2025-11-17
NA,23.116693679,5790,Moberly,1,13379,3945631,0.5923824959,0.4127853881,10658,0,0,2,Moberly Area Community College,www.macc.edu/,37537,0,00249100,0.0515,0.0132,0,0.024,0.2187,0.3738,2,NA,NA,2,MO,2928,0.3839,0.6161,0.0458,0.0027,0.0195,0.1093,0.0584,0.0014,0.0034,0.0229,0.7367,2025-11-17
0.7996,19.899752475,7456,Kirksville,1,23420,58743168,0.599009901,0.2280927835,21000,0,0,1,Truman State University,https://www.truman.edu/,56280,0,00249500,0,0,0.0324,0.1733,0.153,0.8545,3,NA,1249,3,MO,2666,0.4059,0.5941,0.0311,0.0019,0.0206,0.0203,0.0345,8e-4,0.0923,0.0105,0.7881,2025-11-17
0.8591,20.258077383,7883,Maryville,1,22906,42298771,0.6122856003,0.3080851064,21500,0,0,1,Northwest Missouri State University,https://www.nwmissouri.edu/,47885,0,00249600,0.1926,0,0.0037,0.175,0.2732,0.7968,3,NA,1090,3,MO,4550,0.3897,0.6103,0.0341,0.0046,0.0051,0.0426,0.0521,0.0011,0.0251,0.02,0.8154,2025-11-17
0.9819,20.526530612,5195,Joplin,2,25475,4991927,0.5020408163,0.2586206897,16772,0,0,1,Ozark Christian College,www.occ.edu/,41297,0,02202700,0,0,0,0,0.3849,0.625,3,48,NA,3,MO,612,0.531,0.469,0.0392,0.0196,0.0131,0.0163,0.0556,0.0016,0.0131,0.0098,0.8317,2025-11-17
0.1487,19.735576923,8283,Point Lookout,2,32262,586442373,0.5817307692,0.3265993266,PS,0,0,1,College of the Ozarks,www.cofo.edu/,41592,0,00250000,0.1053,0.0362,0.0099,0.1513,0.4364,0.7143,3,102,1125,3,MO,1415,0.4389,0.5611,0.0269,0.0071,0.012,0.0141,0.0473,0,0.0155,0.0092,0.8678,2025-11-17
NA,29.780041797,6971,Parkville,2,23714,52114851,0.5412748171,0.4795763994,21685,0,0,1,Park University,www.park.edu/,56309,0,00249800,0.0248,0,6e-4,0.4314,0.3863,0.1423,3,NA,NA,3,MO,5250,0.5432,0.4568,0.0741,0.0046,0.029,0.179,0.2339,0.0091,0.0392,0.017,0.4141,2025-11-17
NA,24.369278997,5847,Saint Louis,2,28229,74416081,0.0545454545,0.3892473118,12000,0,0,1,Ranken Technical College,www.ranken.edu/,55955,0,01250000,0,0,0,0.0105,0.4171,0.6287,2,NA,NA,2,MO,1695,0.9062,0.0938,0.0236,0.0077,0.0183,0.2077,0.0407,0.0018,6e-4,0.0637,0.636,2025-11-17
0.6905,20.794520548,8019,Kansas City,2,57712,45733174,0.6210045662,0.2060702875,18250,0,0,1,Rockhurst University,https://www.rockhurst.edu/,67102,0,00249900,0.0124,0.0207,0.0062,0.1694,0.1933,0.5196,3,30,1218,3,MO,1702,0.3719,0.6281,0.0388,0.0041,0.0358,0.0905,0.1698,0.0012,0.03,0.0141,0.6157,2025-11-17
0.8147,21.771541502,11370,Saint Louis,2,69125,1343808415,0.6241106719,0.2236408567,25000,0,0,1,Saint Louis University,www.slu.edu/,70783,0,00250600,0.0117,0.0744,0.0043,0.1525,0.1537,0.5943,3,30,1326,3,MO,7324,0.4001,0.5999,0.055,0.001,0.1427,0.0953,0.0875,5e-4,0.044,0.0074,0.5666,2025-11-17
0.7513,21.418338109,9923,Saint Louis,2,53608,137232750,0.6446991404,0.2242424242,17755,0,0,1,University of Health Sciences and Pharmacy in St. Louis,www.uhsp.edu/,137047,0,00250400,0,0,0,0,0.2879,0.6964,3,NA,1150,3,MO,274,0.4343,0.5657,0.0219,0.0036,0.0949,0.135,0.0146,0.0073,0.0511,0.0438,0.6277,2025-11-17
NA,23.995776567,8206,Bridgeton,1,12053,NA,0.6147138965,0.418402493,6725,0,0,1,Saint Louis Community College,https://www.stlcc.edu/,35325,0,00247100,0,0,0,0.028,0.2943,0.3608,2,NA,NA,2,MO,11174,0.3328,0.6672,0.0525,0.0027,0.0429,0.3382,0.0566,0.001,0.015,0.0117,0.4794,2025-11-17
0.9972,23.862146051,5455,Bolivar,2,38035,36764343,0.6520119225,0.3549432739,20957,0,0,1,Southwest Baptist University,www.sbuniv.edu/,43112,0,00250200,0.1096,0,0.0117,0.0862,0.3513,0.3762,3,75,1084,3,MO,1339,0.3779,0.6221,0.0336,0.0052,0.0134,0.065,0.0358,0,0.0224,0.065,0.7595,2025-11-17
NA,24.54679803,6618,West Plains,1,15761,NA,0.6285714286,0.4880817253,10000,0,0,2,Missouri State University-West Plains,wp.missouristate.edu/,36922,0,03106000,0.0947,0,0,0.0772,0.2652,1,2,NA,NA,2,MO,860,0.3047,0.6953,0.0302,0.0093,0.0058,0.0326,0.0314,0,0.007,0.014,0.8698,2025-11-17
NA,24.280635401,5720,Sedalia,1,13483,21745420,0.6312405446,0.4804301075,10500,0,0,2,State Fair Community College,https://www.sfccmo.edu/,35562,0,00808000,0.0385,0.0124,0,0.0248,0.3335,0.3715,2,NA,NA,2,MO,2475,0.3422,0.6578,0.0505,0.0053,0.0089,0.044,0.1034,0.0044,0.0089,0.0012,0.7733,2025-11-17
0.9155,22.348387097,7351,Columbia,2,42694,53919550,PS,0.3089622642,27000,0,0,1,Stephens College,https://www.stephens.edu/,43071,0,00251200,0.0737,0,0,0.0632,0.4171,0.9149,3,NA,1104,3,MO,353,0.0397,0.9603,0.0822,0.0057,0.0113,0.1048,0.0085,0,0.0142,0.2068,0.5666,2025-11-17
0.785,21.782877772,8375,Cape Girardeau,1,23337,97524500,0.5954100052,0.3688938798,21500,0,0,1,Southeast Missouri State University,https://www.semo.edu/,44030,0,00250100,0.1263,0.0043,0.0073,0.1226,0.2942,0.6692,3,NA,1018,3,MO,6588,0.4065,0.5935,0.034,0.002,0.0085,0.0845,0.0319,3e-4,0.0477,0.0411,0.75,2025-11-17
0.9105,21.904991948,8852,Springfield,1,24022,NA,0.6103059581,0.3225576759,21992,0,0,1,Missouri State University-Springfield,www.missouristate.edu/,49827,0,00250300,0.1125,0,0.0032,0.2023,0.2134,0.6652,3,NA,1119,3,MO,13407,0.3908,0.6092,0.0403,0.0038,0.0195,0.0351,0.0535,0.0013,0.0294,0.0269,0.7902,2025-11-17
NA,24.797576981,4935,Poplar Bluff,1,17482,11488042,0.6390711762,0.5611638955,10000,0,0,2,Three Rivers College,https://trcc.edu/,32442,0,00471300,0.0435,0.0037,0,0.0634,0.4691,1,2,NA,NA,1,MO,1909,0.3012,0.6988,0,0.0031,0.0052,0.1137,0.0367,0.0021,0.0042,0.0833,0.7517,2025-11-17
NA,24.002259887,5983,Trenton,1,17119,9673246,0.7005649718,0.48125,10500,0,0,2,North Central Missouri College,www.ncmissouri.edu/,40837,0,00251400,0.0426,0,0,0.0832,0.3358,1,2,NA,NA,2,MO,1198,0.2321,0.7679,0.0401,0.0017,0.0075,0.0367,0.0067,8e-4,0.0159,0.0217,0.8689,2025-11-17
0.1196,20.040290089,16718,St. Louis,2,83476,12242758000,0.5342465753,0.114071607,17500,0,0,1,Washington University in St Louis,https://washu.edu/,86182,0,00252000,0.0031,0.134,0.0277,0.1183,0.1589,0.7127,3,NA,1530,3,MO,7897,0.4607,0.5393,0.0629,0.001,0.2115,0.0891,0.1256,6e-4,0.0821,0.0124,0.4147,2025-11-17
0.5799,24.500353857,8830,Saint Louis,2,49218,143951186,0.6043878273,0.3013270882,23000,0,0,1,Webster University,www.webster.edu/,50876,0,00252100,0.0338,0.0017,0.0203,0.1909,0.2804,1,3,NA,1145,3,MO,2180,0.4179,0.5821,0.0495,0.0014,0.028,0.1468,0.0642,0.0014,0.0706,0.0275,0.6106,2025-11-17
0.7758,20.016666667,7160,Fulton,2,49646,51591885,0.4555555556,0.2700296736,27000,0,0,1,Westminster College,https://www.wcmo.edu/,52199,0,00252300,0.1053,0,0.0088,0.2807,0.3967,0.6585,3,66,1083,3,MO,592,0.5557,0.4443,0.0422,0.0051,0.0051,0.0659,0.0507,0.0017,0.022,0.0068,0.8007,2025-11-17
0.3429,21.334042553,6981,Liberty,2,34291,64442101,0.5957446809,0.2013274336,24498,0,0,1,William Jewell College,https://www.jewell.edu/,59268,0,00252400,0.0221,0.011,0.0055,0.2265,0.2791,1,3,NA,1114,3,MO,868,0.53,0.47,0.068,0.0115,0.0138,0.0887,0.1175,0.0035,0.0472,0.0276,0.6221,2025-11-17
0.7449,23.318637275,5535,Fulton,2,44907,23002509,0.7314629259,0.2978723404,21983,0,0,1,William Woods University,https://www.williamwoods.edu/,42401,0,00252500,0.0667,0,0.0061,0.2182,0.3034,0.3158,3,61,NA,3,MO,1061,0.3638,0.6362,0.0415,0.0094,0.0132,0.1169,0.0829,0.0028,0.032,0.1093,0.5919,2025-11-17
NA,25.838297872,4872,Browning,2,12168,16158,0.5574468085,0.347826087,PS,0,0,1,Blackfeet Community College,bfcc.edu/,22953,0,02510600,0.1892,0.0676,0,0.1216,0.7982,0.7045,2,NA,NA,2,MT,240,0.3167,0.6833,0,0.9292,0,0,0.0042,0,0,0,0.0667,2025-11-17
NA,24.211302211,9079,Butte,1,16138,9751699,0.3943488943,0.3373015873,18750,0,0,2,Highlands College of Montana Tech,https://www.mtech.edu/,54329,0,00253101,0,0,0,0.0132,0.1557,0.7143,1,NA,NA,3,MT,343,0.6356,0.3644,0.0554,0.0292,0.0175,0.0029,0.0496,0,0,0.0525,0.793,2025-11-17
0.7264,20.357692308,7115,Helena,2,54141,65990770,0.6038461538,0.1971830986,25757,0,0,1,Carroll College,www.carroll.edu/,61772,0,00252600,0.0358,0.0502,0.0143,0.1326,0.1804,0.626,3,30,1170,3,MT,1052,0.4202,0.5798,0.0599,0.0048,0.0105,0.0057,0.0751,0.0019,0,0.058,0.7842,2025-11-17
NA,23.570621469,6086,Glendive,1,15311,3289864,0.5875706215,0.3540372671,9450,0,0,2,Dawson Community College,www.dawson.edu/,41951,0,00252900,0,0,0,0.0319,0.2684,0.4516,2,NA,NA,2,MT,226,0.5354,0.4646,0.0442,0.0708,0.0044,0.0398,0.0708,0.0044,0.1018,0.0133,0.6504,2025-11-17
NA,24.67816092,6545,Lame Deer,1,12809,1885264,0.5172413793,0.472972973,PS,0,0,2,Chief Dull Knife College,cdkc.edu/,20073,0,02545200,0,0,0,0,0.3077,1,2,NA,NA,2,MT,226,0.2566,0.7434,0,0.9469,0,0,0,0,0,0,0.0531,2025-11-17
NA,25.683438155,7021,Billings,1,18473,29957268,0.6325995807,0.3845265589,18209,0,0,1,Montana State University Billings,https://www.msubillings.edu/,44296,0,00253000,0.0912,0,0.0016,0.2154,0.2647,0.6502,3,NA,NA,3,MT,2710,0.3638,0.6362,0.059,0.0524,0.0107,0.0074,0.0782,0.0011,0.0244,0.0118,0.755,2025-11-17
NA,25.961352657,6164,Kalispell,1,14949,15277563,0.5917874396,0.4008097166,10500,0,0,2,Flathead Valley Community College,www.fvcc.edu/,38520,0,00677700,0.0142,0,0,0.0783,0.1647,1,2,NA,NA,2,MT,1169,0.4003,0.5997,0.0402,0.0265,0.0163,0.006,0.0445,9e-4,0.0163,0.065,0.7844,2025-11-17
NA,24.604395604,4725,Harlem,1,16133,1299060,0.5054945055,0.2876712329,PS,0,0,1,Aaniiih Nakoda College,www.ancollege.edu/,30528,0,02517500,0,0,0,0.1667,0.5346,0.6667,2,NA,NA,2,MT,108,0.463,0.537,0,0.9352,0,0,0,0,0,0,0.0648,2025-11-17
NA,25.717647059,6027,Poplar,1,11078,3262135,0.5529411765,0.3424657534,PS,0,0,2,Fort Peck Community College,www.fpcc.edu/,14747,0,02343000,0.075,0,0,0.1833,0.208,0.5429,2,NA,NA,2,MT,426,0.3216,0.6784,0,0.838,0.007,0.007,0.007,0,0,0.0023,0.1385,2025-11-17
NA,27.439347604,6717,Great Falls,1,14341,11301,0.6727828746,0.388951522,PS,0,0,2,Great Falls College Montana State University,https://www.gfcmsu.edu/,38034,0,00931400,0,0,0,0.0412,0.3003,0.3131,2,NA,NA,2,MT,828,0.2597,0.7403,0.1014,0.058,0.0133,0.006,0.0592,0.0024,0,0.006,0.7536,2025-11-17
0.642,24.170568562,6413,Great Falls,2,43054,19039727,0.5652173913,0.4,18750,0,0,1,University of Providence,www.uprovidence.edu/,48296,0,00252700,0.0084,0,0.0042,0.0759,0.3103,0.4948,3,30,985,3,MT,527,0.3966,0.6034,0,0.0285,0.0398,0.0493,0.038,0.0228,0.0569,0.0209,0.7438,2025-11-17
NA,26.48,5910,Helena,1,17493,358360,0.5488,0.3580246914,14580,0,0,2,Helena College University of Montana,https://www.helenacollege.edu/,40738,0,00757000,0,0,0,0.1288,0.1856,0.3478,2,NA,NA,2,MT,641,0.3885,0.6115,0.0733,0.0203,0.0062,0.0078,0.0546,0,0,0.0686,0.7691,2025-11-17
NA,23.262411348,4171,Crow Agency,1,11402,4462904,0.5390070922,0.3193277311,PS,0,0,2,Little Big Horn College,www.lbhc.edu/,21152,0,02286600,0.0645,0,0,0.2581,0.3597,0.8857,2,NA,NA,2,MT,339,0.2979,0.7021,0.0029,0.9794,0,0,0.0029,0,0,0,0.0147,2025-11-17
NA,23.842490842,6058,Miles City,1,15399,1336905,0.5970695971,0.3775100402,11500,0,0,2,Miles Community College,www.milescc.edu/,42862,0,00252800,0.0376,0.0226,0,0.2481,0.2367,0.4286,2,NA,NA,2,MT,353,0.2918,0.7082,0.0368,0.0283,0.0028,0.0227,0.034,0.0227,0.0227,0.0708,0.7592,2025-11-17
0.899,24.211302211,8216,Butte,1,21620,47611239,0.3943488943,0.3373015873,18750,0,0,1,Montana Technological University,https://www.mtech.edu/,54329,0,00253100,0,0.4191,0.0495,0.1386,0.2136,0.7264,3,NA,1126,3,MT,1428,0.6296,0.3704,0.0294,0.0161,0.0126,0.0126,0.0476,0,0.014,0.0525,0.8151,2025-11-17
0.8683,21.451500206,9290,Bozeman,1,23779,252592976,0.4928072339,0.2331828928,22500,0,0,1,Montana State University,https://www.montana.edu/,53263,0,00253200,0.0428,0.1593,0.0131,0.1237,0.1673,0.5737,3,NA,1154,3,MT,14472,0.5403,0.4597,0.0554,0.0144,0.0104,0.0044,0.0576,7e-4,0.0077,0.0067,0.8427,2025-11-17
0.956,23.268637196,8778,Missoula,1,23744,253875055,0.5540151713,0.3023255814,22400,0,0,1,The University of Montana,www.umt.edu/,44511,0,00253600,0.0351,0,0.0045,0.1586,0.2751,0.6655,3,NA,1190,3,MT,7079,0.4276,0.5724,0.1468,0.0342,0.013,0.0072,0.0612,6e-4,0.0076,0.0249,0.7046,2025-11-17
NA,23.868238558,5942,Havre,1,17363,9950113,0.4590846047,0.3438438438,18500,0,0,1,Montana State University-Northern,www.msun.edu/,49505,1,00253300,0.0512,0,0,0.122,0.297,1,3,NA,NA,3,MT,787,0.5947,0.4053,0.0343,0.197,0.0025,0.0191,0.0534,0,0,0.0076,0.6861,2025-11-17
0.7288,21.024439919,6944,Billings,2,44180,37071580,0.517311609,0.3153347732,26000,0,0,1,Rocky Mountain College,https://www.rocky.edu/,49036,0,00253400,0.0838,0,0.0112,0.162,0.3172,0.8554,3,76,1093,3,MT,790,0.5114,0.4886,0.0684,0.0266,0.0025,0.0481,0.0747,0.0025,0.057,0.0013,0.719,2025-11-17
NA,26.808695652,6423,Pablo,1,14562,16431200,0.5717391304,0.4458762887,12923,0,0,1,Salish Kootenai College,www.skc.edu/,32725,0,02143400,0.0935,0.0093,0,0.1776,0.5804,0.6296,2,NA,NA,2,MT,568,0.3363,0.6637,0.0018,0.6391,0.0018,0.0018,0.0739,0.0106,0,0.0088,0.2623,2025-11-17
0.995,23.083228247,6987,Dillon,1,19414,10610167,0.6343001261,0.3596730245,21000,0,0,1,The University of Montana-Western,umwestern.edu/,43229,0,00253700,0.4404,0,0.0028,0.1053,0.3539,1,3,NA,NA,3,MT,1271,0.347,0.653,0.0511,0.059,0.0055,0.0094,0.0448,0.0071,0,0.0134,0.8096,2025-11-17
NA,31.506609385,6501,Bellevue,2,33315,96628759,0.5948446794,0.4493882091,20000,0,0,1,Bellevue University,https://www.bellevue.edu/,61289,0,00974300,0.0043,0,0.0027,0.4997,0.2891,0.1141,3,NA,NA,3,NE,10426,0.4708,0.5292,0.0333,0.0073,0.033,0.1635,0.152,0.0032,3e-4,0.1076,0.4998,2025-11-17
0.6429,26.221218962,6568,Omaha,2,23962,5762459,0.8645598194,0.3333333333,23716,0,0,1,Clarkson College,www.clarksoncollege.edu/,64876,0,00986200,0,0,0,0.0231,0.3043,0.8696,3,50,NA,3,NE,611,0.1555,0.8445,0.1571,0.0016,0.0393,0.0851,0.0507,0.0033,0,0.0115,0.6514,2025-11-17
0.6291,23.188284519,8174,Lincoln,2,28837,8777439,0.9205020921,PS,24985,0,0,1,Bryan College of Health Sciences,https://www.bryanhealthcollege.edu/bcohs/,70845,0,00639900,0,0,0,0,0.2124,0.575,3,NA,NA,3,NE,534,0.0674,0.9326,0.0262,0,0.0187,0.015,0.0824,0,0,0.0206,0.8371,2025-11-17
NA,23.458157227,7219,Grand Island,1,13504,18766532,0.5765004227,0.4931573803,7992,0,0,2,Central Community College,https://www.cccneb.edu/,39429,0,02099500,0,0,0,0.1668,0.1902,0.5395,1,NA,NA,1,NE,3206,0.4102,0.5898,0.0019,0.0119,0.0106,0.0371,0.3175,0.0037,0,0,0.6173,2025-11-17
NA,23.22326454,7875,Chadron,1,20672,25122433,0.5778611632,0.393360161,18875,0,0,1,Chadron State College,www.csc.edu/,47002,0,00253900,0.2199,0,0.012,0.2651,0.3587,0.5933,3,NA,NA,3,NE,1634,0.3635,0.6365,0.0416,0.0153,0.0049,0.0379,0.1175,0.0018,0.0122,0.0055,0.7632,2025-11-17
0.9004,20.189768977,6623,Seward,2,51179,63865774,0.4884488449,0.1827586207,25750,0,0,1,Concordia University-Nebraska,www.cune.edu/,52415,0,00254100,0.234,0,0.0128,0.1915,0.1136,1,3,68,1148,3,NE,1270,0.4866,0.5134,0.0299,0.0031,0.0047,0.0197,0.0543,0,0.0575,0.1031,0.7276,2025-11-17
0.7231,20.86,10427,Omaha,2,61046,690797000,0.6107142857,0.1838398814,25000,0,0,1,Creighton University,https://www.creighton.edu/,73911,0,00254200,0.0065,0,0.0065,0.254,0.0524,0.7035,3,30,1296,3,NE,4231,0.4188,0.5812,0.0671,0.0024,0.0848,0.0253,0.1004,0.0017,0.0201,0.0099,0.6883,2025-11-17
0.8953,24.447657029,7472,Crete,2,55510,124287044,0.556331007,0.2992545261,25000,0,0,1,Doane University,www.doane.edu/,53316,0,00254400,0.0746,0.056,0.0373,0.194,0.2801,0.4273,3,NA,NA,3,NE,981,0.5433,0.4567,0.0347,0.0061,0.0102,0.0418,0.1019,0.0031,0.0428,0.0795,0.6799,2025-11-17
0.6987,20.311233886,6910,Hastings,2,49051,101507490,0.4659300184,0.2748538012,27000,0,0,1,Hastings College,www.hastings.edu/,51303,0,00254800,0.1307,0,0.0251,0.2663,0.2894,1,3,66,NA,3,NE,957,0.4869,0.5131,0.0178,0.0146,0.0136,0.0564,0.1181,0,0.0627,0.0731,0.6437,2025-11-17
0.8579,21.823923445,8312,Kearney,1,24452,68152926,0.6186602871,0.343830666,19500,0,0,1,University of Nebraska at Kearney,www.unk.edu/,50105,0,00255100,0.1711,0,0.0069,0.178,0.3354,0.6515,3,NA,1089,3,NE,4130,0.3705,0.6295,0.0262,0.0019,0.0077,0.0274,0.1521,0.0022,0.0448,0.0046,0.7332,2025-11-17
0.8829,26.600746269,6617,Omaha,2,30659,13978774,0.8992537313,0.302970297,23417,0,0,1,Nebraska Methodist College of Nursing & Allied Health,www.methodistcollege.edu/,65071,0,00640400,0,0,0,0,0.323,0.9367,3,71,NA,3,NE,752,0.1117,0.8883,0.0173,0.0066,0.0332,0.0652,0.0944,0.004,0,0.0372,0.742,2025-11-17
NA,25.809797736,8708,Omaha,1,9684,5888616,0.5837817777,0.4706684857,8217,0,0,2,Metropolitan Community College Area,https://www.mccneb.edu/,38773,0,01258600,5e-4,0.001,0,0.1083,0.1993,0.2817,2,NA,NA,2,NE,7629,0.4879,0.5121,0.0519,0.0045,0.0312,0.1157,0.1909,0.0017,0.0126,0.1197,0.4719,2025-11-17
NA,23.890271493,7647,North Platte,1,12030,NA,0.5622171946,0.4030037547,9995,0,0,2,Mid-Plains Community College,www.mpcc.edu/,40059,0,00255700,0,0,0,0.1161,0.1771,0.2491,2,NA,NA,2,NE,923,0.416,0.584,0.0347,0.0076,0.0065,0.0303,0.1073,0.0011,0.0715,0.0087,0.7324,2025-11-17
0.6692,20.52876377,6891,Fremont,2,52386,24810728,0.4259485924,0.3412384717,26134,0,0,1,Midland University,https://www.midlandu.edu/,52163,0,00255300,0.1974,0,0,0.1842,0.2806,1,3,39,1043,3,NE,1191,0.5172,0.4828,0.0218,0,0.0168,0.0756,0.1612,0,0.0798,0.0747,0.5701,2025-11-17
0.869,22.211476075,8945,Omaha,1,20446,105767803,0.5608272506,0.3478655767,19000,0,0,1,University of Nebraska at Omaha,https://www.unomaha.edu/,53909,0,00255400,0.0814,0,0.0202,0.1595,0.331,0.5371,3,NA,1120,3,NE,11573,0.4401,0.5599,0.0499,0.0034,0.0535,0.0766,0.1721,0.001,0.031,0.0065,0.606,2025-11-17
NA,26.797297297,4424,Macy,1,29812,1616957,0.5675675676,0.5238095238,PS,0,0,1,Nebraska Indian Community College,www.thenicc.edu/,31458,0,02550800,0.1212,0,0,0.1515,0.2954,0.3176,2,NA,NA,2,NE,330,0.2636,0.7364,0,0.8818,0.0061,0,0.0212,0,0,0,0.0909,2025-11-17
NA,25.857369255,9813,Omaha,1,NA,379110376,0.8668779715,0.2671118531,15000,0,0,1,University of Nebraska Medical Center,www.unmc.edu/,76833,0,00689500,0,0,0,0,0.2212,0.8289,3,NA,NA,3,NE,861,0.1359,0.8641,0.0348,0,0.029,0.0221,0.1231,0,0.0128,0.0035,0.7747,2025-11-17
0.8375,22.494469027,7128,Lincoln,2,53350,72527000,0.5741150442,0.262295082,26970,0,0,1,Nebraska Wesleyan University,https://www.nebrwesleyan.edu/,56405,0,00255500,0.059,0,0.0051,0.1615,0.296,0.6415,3,71,1209,3,NE,1514,0.4723,0.5277,0.0416,0.004,0.0231,0.041,0.1077,7e-4,0.0251,0.0152,0.7417,2025-11-17
0.7707,20.135573747,12271,Lincoln,1,25341,1196483117,0.5250610369,0.220236292,21000,0,0,1,University of Nebraska-Lincoln,www.unl.edu/,56887,0,00256500,0.0676,0.1096,0.0141,0.2332,0.2217,0.8397,3,NA,1191,3,NE,18887,0.4965,0.5035,0.0367,0.0022,0.0403,0.0292,0.0909,7e-4,0.0304,0.0088,0.7608,2025-11-17
NA,21.950916936,5198,Norfolk,1,13845,9863554,0.5399137001,0.3992762364,11000,0,0,2,Northeast Community College,https://northeast.edu/,42634,0,01166700,0.0595,0.0068,0,0.1122,0.1659,0.3942,2,NA,NA,2,NE,2464,0.4716,0.5284,0.0231,0.0101,0.0065,0.0138,0.1631,4e-4,0.0381,0.0154,0.7293,2025-11-17
NA,23.328571429,7754,Peru,1,20743,22060201,0.5404761905,0.4155844156,21875,0,0,1,Peru State College,www.peru.edu/,47071,0,00255900,0.1693,0,0.0039,0.3701,0.3376,1,3,NA,NA,3,NE,1141,0.4119,0.5881,0.0438,0.0079,0.0061,0.1183,0.0911,9e-4,0.0149,0.0044,0.7125,2025-11-17
0.4395,24.624161074,7637,Omaha,2,33989,25358520,PS,0.26,24250,0,0,1,College of Saint Mary,https://www.csm.edu/,54338,0,00254000,0.053,0,0.0066,0.0265,0.3692,0.5704,3,30,1120,3,NE,455,0,1,0.0308,0.0044,0.022,0.0923,0.2264,0.0044,0.022,0.0286,0.5692,2025-11-17
NA,24.355036298,6576,Lincoln,1,12319,34826557,0.5111161525,0.3941191643,11000,0,0,2,Southeast Community College Area,www.southeast.edu/,43405,0,02508300,7e-4,0,0,0.1237,0.211,0.4837,2,NA,NA,2,NE,6235,0.4897,0.5103,0.0622,0.0047,0.035,0.0582,0.1301,0.0019,0,0.0011,0.7068,2025-11-17
0.9989,21.168091168,6575,Lincoln,2,40586,29755906,0.6296296296,0.2453416149,27000,0,1,1,Union Adventist University,https://www.uau.edu/,55045,0,00256300,0.0482,0,0.012,0.1325,0.2438,0.9855,3,95,NA,3,NE,439,0.4077,0.5923,0.0342,0.0023,0.0524,0.0683,0.2551,0.0114,0.0866,0.0068,0.4829,2025-11-17
NA,20.135573747,8752,Curtis,1,19088,214343,0.5250610369,0.220236292,21000,0,0,2,Nebraska College of Technical Agriculture,https://ncta.unl.edu/,56887,0,00256596,0,0,0,0,0.3366,0.7143,2,NA,NA,3,NE,228,0.3114,0.6886,0.0088,0,0,0.0044,0.0614,0,0.0044,0.0088,0.9123,2025-11-17
NA,21.129710145,8090,Wayne,1,21310,27892348,0.5753623188,0.3418604651,19000,0,0,1,Wayne State College,https://www.wsc.edu/,47075,0,00256600,0.235,0,0.0016,0.194,0.2658,0.4883,3,NA,NA,3,NE,3041,0.4258,0.5742,0.0283,0.0072,0.0082,0.0296,0.0993,3e-4,0.047,0.003,0.777,2025-11-17
NA,23.719379845,6364,Scottsbluff,1,12550,5882229,0.5782945736,0.4812834225,9000,0,0,2,Western Nebraska Community College,www.wncc.edu/,38729,0,00256000,0.0766,0.0085,0,0.0936,0.2476,1,2,NA,NA,2,NE,948,0.3808,0.6192,0,0.0222,0.0137,0.0295,0.2711,0.0011,0.0865,0.0274,0.5485,2025-11-17
0.4763,20.605809129,6002,York,2,33136,21348924,0.4024896266,0.334841629,21500,0,0,1,York University,www.york.edu/,44130,0,00256700,0.1215,0,0.0187,0.3271,0.4374,0.4737,3,74,988,3,NE,443,0.4944,0.5056,0,0.0113,0.0023,0.1084,0.1964,0.0023,0.1129,0.0271,0.5395,2025-11-17
NA,25.782698505,9743,Las Vegas,1,13270,6948000,0.6147236222,0.5101978691,8000,0,1,1,College of Southern Nevada,www.csn.edu/,38087,0,01036200,0.0347,0,0,0.1487,0.2957,1,2,NA,NA,2,NV,27790,0.4358,0.5642,0.0781,0.0039,0.0911,0.1051,0.4117,0.01,0.0056,0.0475,0.2471,2025-11-17
0.9626,22.712441979,12000,Las Vegas,1,19440,361485000,0.5966262878,0.4234979633,19450,0,1,1,University of Nevada-Las Vegas,www.unlv.edu/,55037,0,00256900,0.0794,0.0505,0.004,0.2211,0.4026,0.9919,3,NA,1091,3,NV,24131,0.4435,0.5565,0.1414,0.0027,0.1578,0.091,0.3527,0.0077,0.0169,0.0047,0.2252,2025-11-17
0.8531,21.467339261,11770,Reno,1,24702,458077297,0.5637824897,0.3846298032,18922,0,1,1,University of Nevada-Reno,www.unr.edu/,60614,0,00256800,0.0421,0.0942,0.0121,0.1578,0.2409,0.98,3,NA,NA,3,NV,15723,0.4694,0.5306,0.0918,0.0065,0.0805,0.0326,0.2479,0.0043,0.0085,0.016,0.5119,2025-11-17
NA,27.630193906,8831,Elko,1,12010,854000,0.663434903,0.5237315876,15750,0,1,1,Great Basin College,www.gbcnv.edu/,39289,0,00697700,0.0593,0,0,0.0933,0.203,1,1,NA,NA,1,NV,1855,0.338,0.662,0.0334,0.034,0.0183,0.0383,0.2539,0.0086,5e-4,0.0313,0.5817,2025-11-17
NA,25.638443155,9340,Reno,1,15874,13191000,0.5745988392,0.5240443896,11000,0,1,1,Truckee Meadows Community College,www.tmcc.edu/,44573,0,02107700,0.0214,0,0.001,0.0663,0.149,0.9936,1,NA,NA,2,NV,6752,0.4559,0.5441,0.0511,0.013,0.0547,0.0224,0.3805,0.0056,0.0077,0.0089,0.4562,2025-11-17
NA,26.943227899,8785,Carson City,1,19595,309000,0.5855636659,0.5429951691,10500,0,1,1,Western Nevada College,www.wnc.edu/,41987,0,01036300,0.0019,0,0,0.055,0.1845,0.9839,1,NA,NA,2,NV,1967,0.4194,0.5806,0.059,0.0234,0.0239,0.0244,0.3122,0.0046,0,0.0361,0.5165,2025-11-17
0.8998,20.061403509,7720,New London,2,65807,55606879,0.7192982456,0.2413793103,27000,0,0,1,Colby-Sawyer College,www.colby-sawyer.edu/,46474,0,00257200,0.0748,0,0,0.0787,0.2298,1,3,NA,NA,3,NH,778,0.2815,0.7185,0.0116,0.0013,0.0103,0.0424,0.0296,0,0.0141,0.1067,0.7841,2025-11-17
0.0623,20.470711297,19216,Hanover,2,83802,8065742786,0.5240585774,0.1736263736,17500,0,0,1,Dartmouth College,https://dartmouth.edu/,97434,0,00257300,0,0.0685,0.0727,0,0.1483,0.8064,3,NA,1533,3,NH,4367,0.5111,0.4889,0.0705,0.0108,0.1399,0.0623,0.0946,0,0.1381,0.0202,0.4637,2025-11-17
0.9019,21.571043165,7973,Rindge,2,61955,21224074,0.5422661871,0.2977691562,27000,0,0,1,Franklin Pierce University,https://www.franklinpierce.edu/,53353,0,00257500,0.0871,0,0,0.1742,0.2716,0.2317,3,NA,1030,3,NH,1055,0.5137,0.4863,0.0265,0.0047,0.0133,0.0787,0.0976,9e-4,0.0445,0.0313,0.7024,2025-11-17
0.9574,27.360824742,6875,Henniker,2,60896,29784827,0.624742268,0.4603305785,26000,0,0,1,New England College,www.nec.edu/,42092,0,00257900,0.0489,0,0,0.1759,0.419,0.1122,3,NA,NA,3,NH,980,0.4194,0.5806,0.0204,0.0061,0.0194,0.0908,0.1082,0.0031,0.0337,0.1724,0.5459,2025-11-17
0.9612,31.899427801,9682,Manchester,2,37524,54413950,0.6766710402,0.4825895769,21082,0,0,1,Southern New Hampshire University,www.snhu.edu/,50318,0,00258000,0.0027,0.0071,0.007,0.3459,0.469,1,3,NA,NA,3,NH,156755,0.3673,0.6327,0.0382,0.0061,0.0216,0.1806,0.1443,0.0038,0.0054,0.0837,0.5164,2025-11-17
0.8687,20.029505732,11876,Durham,1,34567,442271919,0.5576019545,0.174486235,26814,0,0,1,University of New Hampshire-Main Campus,https://www.unh.edu/,66479,0,00258900,0.0019,0.0925,0.0088,0.1976,0.1773,0.7294,3,NA,1229,3,NH,11230,0.4364,0.5636,0.0249,4e-4,0.0263,0.0075,0.0413,2e-4,0.0107,0.0317,0.857,2025-11-17
0.8909,19.903969957,10143,Keene,1,29524,51584518,0.5665236052,0.2299554566,25749,0,0,1,Keene State College,www.keene.edu/,54368,0,00259000,0.0947,0,0.0061,0.0809,0.2371,0.4607,3,NA,NA,3,NH,2680,0.4698,0.5302,0.031,0.0034,0.0134,0.0187,0.0493,4e-4,0.0022,0.034,0.8478,2025-11-17
0.8733,20.029505732,10263,Manchester,1,22605,1995728,0.5576019545,0.174486235,26814,0,0,1,University of New Hampshire at Manchester,https://manchester.unh.edu/,66479,0,00258901,0,0,0,0.1655,0.32,0.3876,3,NA,1140,3,NH,486,0.5309,0.4691,0.0391,0.0041,0.0617,0.0453,0.0967,0,0.0041,0.0823,0.6667,2025-11-17
0.9103,19.990521327,9097,Plymouth,1,29257,35602208,0.5355450237,0.2702251877,26000,0,0,1,Plymouth State University,www.plymouth.edu/,57304,0,00259100,0.089,0,0.004,0.2616,0.2563,0.5327,3,NA,NA,3,NH,3298,0.5218,0.4782,0.0628,0.0024,0.0127,0.0194,0.0528,0,0.0161,0.0461,0.7878,2025-11-17
NA,23.132551065,7916,Concord,1,23210,1246484,0.5506301608,0.3721153846,14650,0,0,2,NHTI-Concord's Community College,https://www.nhti.edu/,48943,0,00258100,0.0561,0.0062,0.0021,0.1164,0.2777,0.2222,2,NA,NA,2,NH,2186,0.3413,0.6587,0.0325,0.0055,0.0284,0.0435,0.097,9e-4,0,0.0695,0.7228,2025-11-17
NA,25.921245421,7031,Berlin,1,20388,54370,0.6007326007,0.4526748971,11000,0,0,2,White Mountains Community College,www.wmcc.edu/,35037,0,00529100,0.1946,0,0,0.0498,0.3556,0.2838,1,NA,NA,1,NH,430,0.3814,0.6186,0.0326,0.007,0.0116,0.014,0.0558,0,0,0.0977,0.7814,2025-11-17
NA,27.526126126,6718,Claremont,1,24442,370201,0.7207207207,0.4411177645,16226,0,0,2,River Valley Community College,https://www.rivervalley.edu/,44700,0,00756000,0.0667,0,0,0.081,0.3237,0.2745,2,NA,NA,2,NH,610,0.2098,0.7902,0.0328,0.0049,0.018,0.0279,0.0639,0,0,0.0508,0.8016,2025-11-17
NA,24.37007874,6647,Laconia,1,22877,237002,0.4960629921,0.4258289703,18525,0,0,2,Lakes Region Community College,www.lrcc.edu/,51182,0,00755500,0.0862,0,0,0.1121,0.2822,0.338,2,NA,NA,2,NH,493,0.5578,0.4422,0.0223,0.0061,0.0101,0.0081,0.0649,0,0,0.0892,0.7992,2025-11-17
NA,24.876361307,7551,Manchester,1,17069,228667,0.5784753363,0.424439624,15060,0,0,2,Manchester Community College,www.mccnh.edu/,49063,0,00258200,0.0565,0,0.0065,0.1217,0.253,0.2249,2,NA,NA,2,NH,1610,0.495,0.505,0.0354,0.0068,0.0435,0.0559,0.1348,6e-4,0,0.059,0.664,2025-11-17
NA,23.727014218,7514,Nashua,1,18752,0,0.5478672986,0.4053191489,11000,0,0,2,Nashua Community College,nashuacc.edu/,46164,0,00923600,0.0972,0,0.0046,0.1898,0.2514,0.1765,2,NA,NA,2,NH,1039,0.4697,0.5303,0.0308,0.0029,0.0395,0.0577,0.232,0.0029,0,0.0414,0.5929,2025-11-17
NA,24.758293839,7613,Portsmouth,1,22016,526841,0.5886255924,0.3459570113,13828,0,0,2,Great Bay Community College,https://www.greatbay.edu/,42397,0,00258300,0.0594,0.0175,0,0.1678,0.2636,0.2357,2,NA,NA,2,NH,1262,0.4176,0.5824,0.0317,0.0055,0.0444,0.0246,0.08,0.0032,0,0.0563,0.7544,2025-11-17
0.8176,24.167958656,8231,Nashua,2,50999,39862999,0.7661498708,0.3735795455,26956,0,0,1,Rivier University,www.rivier.edu/,52248,0,00258600,0.0571,0,0,0.0714,0.2731,0.2899,3,30,NA,3,NH,1312,0.2698,0.7302,0.0297,0.0061,0.0404,0.1113,0.045,0.0053,0,0.045,0.7172,2025-11-17
0.7832,19.583828775,9520,Manchester,2,65067,192714136,0.6028537455,0.130806846,27000,0,0,1,Saint Anselm College,https://www.anselm.edu/,73371,0,00258700,0.0553,0.0046,0.0092,0.2212,0.1052,0.6951,3,30,1183,3,NH,2032,0.4154,0.5846,0.0261,0.0015,0.0074,0.0148,0.0453,5e-4,0.0069,0.0271,0.8706,2025-11-17
NA,23.706286837,7355,Mays Landing,1,15261,4281275,0.5831151832,0.5764,9500,0,1,2,Atlantic Cape Community College,atlanticcape.edu/,34241,0,00259600,0.0061,0.0151,0.003,0.1982,0.4981,1,2,NA,NA,2,NJ,3860,0.3697,0.6303,0.0409,0.0023,0.0588,0.1365,0.2909,0.0018,0.0176,0.037,0.414,2025-11-17
NA,23.126167401,8709,Paramus,1,15317,10981736,0.5430837004,0.4935856993,12000,0,1,2,Bergen Community College,https://www.bergen.edu/,46624,0,00473600,0,0,0,0.0157,0.3429,0.2903,2,NA,NA,2,NJ,10597,0.4657,0.5343,0.0167,0.0016,0.0875,0.0752,0.4301,0.0023,0.0516,0.0675,0.2675,2025-11-17
NA,23.742081448,8783,Lakewood,2,NA,13167967,PS,0.3081463991,PS,0,0,1,Beth Medrash Govoha,bmg.edu/,47544,0,00794700,0,0,0,0,0.7274,0.1407,3,NA,NA,3,NJ,3532,1,0,0,0,0,0,0.0017,0,0.0204,0,0.9779,2025-11-17
0.6723,21.686017989,8995,Bloomfield,2,44298,14833362,0.6263286999,0.5084210526,26746,0,1,1,Bloomfield College of Montclair State University,www.bloomfield.edu/,45902,0,00259700,0.0038,0,0.0076,0.1947,0.6892,1,3,NA,NA,3,NJ,901,0.4029,0.5971,0.0011,0.0067,0.0355,0.4839,0.3163,0.0011,0.0344,0.0433,0.0777,2025-11-17
NA,22.99219563,8927,Lincroft,1,15369,2729239,0.5421436004,0.4851943245,12000,0,0,2,Brookdale Community College,https://www.brookdalecc.edu/,44379,0,00840400,0.0575,0.0215,0,0.1913,0.2339,1,2,NA,NA,2,NJ,7898,0.4764,0.5236,0.0298,0.0019,0.0377,0.0858,0.2437,0.0016,0.0258,0.0368,0.5367,2025-11-17
NA,24.276413478,6510,Mount Laurel,1,11965,1745663,0.6250713878,0.4777368597,10500,0,0,2,Rowan College at Burlington County,www.rcbc.edu/,44745,0,00773000,0,0,0,0.0912,0.2862,1,2,NA,NA,2,NJ,6174,0.3993,0.6007,0.0434,0.0018,0.0515,0.1921,0.1676,0.0016,0.0165,0.0222,0.5032,2025-11-17
0.654,21.388335704,8294,Caldwell,2,53586,10143000,0.7425320057,0.4306688418,25000,0,1,1,Caldwell University,https://www.caldwell.edu/,53843,0,00259800,0.036,0,0.003,0.1441,0.4592,1,3,30,NA,3,NJ,1437,0.4057,0.5943,0.0111,0,0.0355,0.183,0.30620000000000003,0,0.167,0.0668,0.2303,2025-11-17
NA,24.73922499,7674,Blackwood,1,11538,1263204,0.5858046659,0.5308092056,11851,0,1,2,Camden County College,https://www.camdencc.edu/,41212,0,00686500,0.0402,0.005,0,0.1055,0.3906,1,2,NA,NA,2,NJ,6555,0.385,0.615,0.0325,0.005,0.0471,0.2043,0.2972,0.0021,0.0392,0.0397,0.3329,2025-11-17
0.9668,22.684131737,7080,Hackettstown,2,51351,14414284,0.6541916168,0.3821548822,23163,0,0,1,Centenary University,www.centenaryuniversity.edu/,53726,0,00259900,0.1807,0,0,0.3213,0.3772,1,3,71,NA,3,NJ,934,0.3854,0.6146,0,0.0021,0.0171,0.0771,0.1991,0,0.0011,0.076,0.6274,2025-11-17
NA,22.481586402,8310,Randolph,1,14629,5014709,0.5046539862,0.4333022388,9000,0,0,2,County College of Morris,www.ccm.edu/,50243,0,00772900,0.0497,0.012,0,0.2151,0.2393,0.315,2,NA,NA,2,NJ,5315,0.5313,0.4687,0.0286,0.0028,0.0549,0.0593,0.2967,9e-4,0.0213,0.0901,0.4453,2025-11-17
NA,22.525206233,6889,Vineland,1,12920,4023492,0.5753131683,0.4896961229,12000,0,1,2,Rowan College of South Jersey-Cumberland Campus,https://rcsj.edu/,41751,0,00690104,0.022,0.008,0.002,0.118,0.3883,1,2,NA,NA,NA,NJ,2077,0.3351,0.6649,0.0438,0.0029,0.0236,0.1444,0.3938,5e-4,0,0.039,0.3519,2025-11-17
0.6944,19.940878378,9464,Madison,2,61378,130757000,0.6216216216,0.2449725777,25288,0,0,1,Drew University,www.drew.edu/,63646,0,00260300,0,0.0026,0.0211,0.1526,0.2723,1,3,71,1247,3,NJ,1510,0.443,0.557,0.0338,0.0046,0.0377,0.1026,0.0503,0.0013,0.1086,0.0695,0.5914,2025-11-17
NA,25.119001171,7486,Newark,1,11821,NA,0.5762777995,0.5717774763,PS,0,1,2,Essex County College,www.essex.edu/,37230,0,00710700,0.0499,0.0188,0.0019,0.2013,0.5087,1,2,NA,NA,2,NJ,5643,0.3982,0.6018,0.0142,0.0023,0.0268,0.4533,0.2855,7e-4,0.12,0.0416,0.0556,2025-11-17
0.9591,22.613930697,9501,Teaneck,2,47791,46180000,0.5880294015,0.4255060729,25000,0,1,1,Fairleigh Dickinson University-Metropolitan Campus,https://www.fdu.edu/,57273,0,00260700,0,0.0442,0.0065,0.1097,0.2151,0.2868,3,NA,NA,3,NJ,2578,0.4833,0.5167,0.019,0.0019,0.0516,0.1125,0.3456,4e-4,0.1051,0.1544,0.2095,2025-11-17
0.9401,24.282765738,7843,Lodi,2,50346,6832279,0.7327141383,0.4948979592,25000,0,1,1,Felician University,https://www.felician.edu/,57602,0,00261000,0.0275,0,0.0505,0.1216,0.5155,0.4865,3,30,1020,3,NJ,1754,0.2925,0.7075,0.0251,0.0023,0.0536,0.187,0.4208,0.0017,0.0542,0.0222,0.2332,2025-11-17
0.9527,22.613930697,9099,Madison,2,52840,46180000,0.5880294015,0.4255060729,25000,0,1,1,Fairleigh Dickinson University-Florham Campus,https://www.fdu.edu/,57273,0,00260701,0,0,0.0198,0.2416,0.3492,0.4396,3,NA,NA,3,NJ,1958,0.4637,0.5363,0.0322,0.001,0.0495,0.1124,0.2671,5e-4,0.0046,0.0368,0.4959,2025-11-17
0.7052,22.342696629,8268,Lakewood,2,49198,48190179,0.7289325843,0.4211356467,21816,0,0,1,Georgian Court University,https://georgian.edu/,53096,0,00260800,0,0,0.0112,0.0952,0.3025,0.3893,3,30,NA,3,NJ,1174,0.2785,0.7215,0.0358,0.0051,0.0145,0.0971,0.1593,0.0017,0.0358,0.1048,0.546,2025-11-17
0.7782,21.426578906,10233,Glassboro,1,34116,353756210,0.4875411378,0.3508263759,20500,0,0,1,Rowan University,https://www.rowan.edu/,59988,0,00260900,0.07,0.0887,0.0093,0.1508,0.3129,0.4924,3,NA,1216,3,NJ,14647,0.5165,0.4835,0.0395,0.001,0.0604,0.1108,0.1419,7e-4,0.0183,0.0076,0.6198,2025-11-17
NA,22.525206233,6996,Sewell,1,14302,4152581,0.5753131683,0.4896961229,12000,0,0,2,Rowan College of South Jersey-Gloucester Campus,rcsj.edu/,41751,0,00690100,0.0652,0.031,0.0075,0.2,0.2834,1,2,NA,NA,2,NJ,4424,0.413,0.587,0.0414,0.0016,0.028,0.1239,0.118,0.002,0.0088,0.1001,0.5762,2025-11-17
0.25,29.148648649,NA,Englewood Cliffs,2,24635,NA,0.8648648649,0.4015151515,20000,0,0,2,Holy Name Medical Center-Sister Claire Tynan School of Nursing,holyname.org/SchoolofNursing,87408,0,00641700,0,0,0,0,0.3351,NA,1,30,NA,1,NJ,181,0.1713,0.8287,0.1326,0,0.2265,0.1271,0.2044,0.011,0,0.011,0.2873,2025-11-17
NA,24.895527927,7228,Jersey City,1,13014,NA,0.5860085359,0.5876705407,10500,0,1,2,Hudson County Community College,www.hccc.edu/,34333,0,01295400,0,0.019,0,0.1358,0.5616,1,2,NA,NA,2,NJ,6386,0.4007,0.5993,0.0189,0.0022,0.0683,0.1328,0.5515,0.0019,0.0269,0.1048,0.0927,2025-11-17
0.8918,24.426705757,12217,Jersey City,1,23668,15314302,0.6148720682,0.5303941216,18500,0,1,1,New Jersey City University,https://www.njcu.edu/,52745,0,00261300,0.001,0,0.0161,0.1873,0.5238,1,3,NA,NA,3,NJ,4076,0.4257,0.5743,0.0263,0.0037,0.0819,0.2061,0.4779,0.0034,0.0159,0.025,0.1597,2025-11-17
0.7688,23.383032491,9729,Union,1,24924,66447526,0.6236462094,0.4639848357,23250,0,1,1,Kean University,https://www.kean.edu/,57237,0,00262200,0.0899,0,0.0108,0.2231,0.4631,0.2754,3,NA,1150,3,NJ,10842,0.3962,0.6038,0.0198,0.0013,0.0479,0.2042,0.3691,0.0012,0.0623,0.0419,0.2524,2025-11-17
NA,23.691105322,8508,West Windsor,1,12337,13184064,0.5541496092,0.4995196926,10500,0,1,2,Mercer County Community College,www.mccc.edu/,43264,0,00474000,0,0.0292,0,0.1501,0.2993,1,2,NA,NA,2,NJ,5169,0.4707,0.5293,0.031,6e-4,0.0638,0.1971,0.2751,0.0012,0.0685,0.0627,0.3001,2025-11-17
NA,22.987921604,10237,Edison,1,13721,10743959,0.5476298997,0.5032330616,9750,0,1,2,Middlesex College,www.middlesexcollege.edu/,46861,0,00261500,0.0358,0.0185,0,0.1861,0.3488,1,2,NA,NA,2,NJ,8321,0.4598,0.5402,0.0377,0.003,0.1423,0.1233,0.3991,0.0018,0.0411,0.0388,0.2128,2025-11-17
0.8954,20.039649608,9898,West Long Branch,2,60113,129424000,0.5947441217,0.3230769231,27000,0,0,1,Monmouth University,https://www.monmouth.edu/,67991,0,00261600,0.0107,0.0064,0.0139,0.3155,0.3036,1,3,NA,1204,3,NJ,3831,0.3649,0.6351,0.0248,8e-4,0.0217,0.0517,0.1744,3e-4,0.0159,0.0209,0.6896,2025-11-17
0.8741,21.233536102,11512,Montclair,1,25926,53810000,0.6262893414,0.4124472574,22000,0,1,1,Montclair State University,www.montclair.edu/,61415,0,00261700,0.0243,0,0.0081,0.2056,0.4439,0.3414,3,NA,1080,3,NJ,17677,0.4061,0.5939,0.0249,0.0015,0.0626,0.1307,0.3858,0.0011,0.0115,0.0487,0.3333,2025-11-17
0.9622,28.572992701,NA,Plainfield,2,39193,NA,0.8175182482,0.447826087,21000,0,0,2,JFK Muhlenberg Harold B. and Dorothy A. Snyder Schools,www.jfkmuhlenbergschools.org/,73894,0,00642100,0,0,0,0,0.3591,NA,1,NA,NA,1,NJ,572,0.1399,0.8601,0.0385,0.0035,0.1294,0.2622,0.2273,0.0087,0.0699,0.0315,0.229,2025-11-17
0.669,22.107813033,12818,Newark,1,32228,148437000,0.2094848175,0.3440366972,21000,0,1,1,New Jersey Institute of Technology,https://www.njit.edu/,84276,0,00262100,0,0.3917,0.0149,0.0545,0.3897,0.5765,3,NA,1336,3,NJ,8762,0.7189,0.2811,0.0314,0.0011,0.2117,0.1039,0.2821,2e-4,0.0488,0.0167,0.304,2025-11-17
NA,23.228227301,6924,Toms River,1,16424,7999473,0.56856084,0.5195270512,11150,0,0,2,Ocean County College,www.ocean.edu/,45210,0,00262400,0,0.0101,0,0.159,0.2652,1,2,NA,NA,2,NJ,5566,0.4411,0.5589,0.0332,0.0016,0.0255,0.0555,0.2181,0.0013,0.0054,0.0142,0.6452,2025-11-17
NA,24.257086999,8877,Paterson,1,14717,78594,0.5982404692,0.6052892562,7536,0,1,2,Passaic County Community College,https://web.pccc.edu/,36972,0,00999400,0.1029,0.0149,0,0.088,0.5278,1,2,NA,NA,2,NJ,4546,0.3898,0.6102,0.0156,7e-4,0.0535,0.1047,0.6432,0.002,7e-4,0.0396,0.1401,2025-11-17
0.045,19.25682183,24017,Princeton,2,80440,35126217000,0.5136436597,0.2773972603,10320,0,0,1,Princeton University,www.princeton.edu/,110066,0,00262700,0,0.1643,0.0296,0,0.1872,0.8484,3,NA,1535,3,NJ,5579,0.4918,0.5082,0.0701,0.0014,0.2371,0.0859,0.098,0.0011,0.1226,0.024,0.3597,2025-11-17
0.8714,20.265625,5623,Morristown,2,25000,NA,PS,0.1162790698,PS,0,0,1,Rabbinical College of America,www.rca.edu/,34990,0,00860900,0,0,0,0,0.3834,0.92,3,NA,NA,3,NJ,197,1,0,0,0,0,0,0,0,0.1777,0,0.8223,2025-11-17
0.7322,21.268939394,11717,Mahwah,1,30176,NA,0.5596590909,0.3128865979,21000,0,1,1,Ramapo College of New Jersey,www.ramapo.edu/,67541,0,00934400,0.0475,0,0.0043,0.2472,0.2672,1,3,NA,1190,3,NJ,4664,0.4243,0.5757,2e-4,0.0034,0.1053,0.062,0.2521,0,0.0101,0.0219,0.545,2025-11-17
0.794,20.581767956,11470,Lawrenceville,2,53982,72801000,0.5977900552,0.294011976,26130,0,0,1,Rider University,www.rider.edu/,62208,0,00262800,0.1145,0,0.0039,0.305,0.3336,0.4845,3,NA,1219,3,NJ,3192,0.4301,0.5699,0.0338,0.0016,0.0473,0.1385,0.1939,9e-4,0.0354,0.021,0.5276,2025-11-17
0.7775,21.835944444,13843,Camden,1,33812,73199000,0.5539444444,0.345829486,21500,0,0,1,Rutgers University-Camden,https://camden.rutgers.edu/,74479,0,00262901,0,0,8e-4,0.2675,0.4432,0.4754,3,NA,1118,3,NJ,3819,0.3972,0.6028,0.0359,0.001,0.1307,0.194,0.226,0.001,0.0181,0.0175,0.3758,2025-11-17
0.6535,21.835944444,14154,New Brunswick,1,35232,1486301000,0.5539444444,0.345829486,21500,0,0,1,Rutgers University-New Brunswick,https://newbrunswick.rutgers.edu/,74479,0,00262900,0,0.1104,0.0174,0.2041,0.272,0.5703,3,NA,1383,3,NJ,36357,0.4986,0.5014,0.0361,8e-4,0.3343,0.0675,0.1563,7e-4,0.0683,0.0215,0.3145,2025-11-17
0.7873,21.835944444,15830,Newark,1,33749,221621000,0.5539444444,0.345829486,21500,0,1,1,Rutgers University-Newark,https://www.newark.rutgers.edu/,74479,0,00262902,0,0,0.0112,0.3988,0.557,0.6354,3,NA,NA,3,NJ,7187,0.4707,0.5293,0.0241,0.0013,0.1849,0.192,0.3551,0.001,0.0192,0.0153,0.2072,2025-11-17
0.9053,21.594945848,9098,Jersey City,2,50052,35849523,0.6389891697,0.4802571166,20500,0,1,1,Saint Peter's University,www.saintpeters.edu/,57815,0,00263800,0.0585,0,0.0113,0.2472,0.5418,0.3101,3,30,NA,3,NJ,1939,0.4012,0.5988,0.0015,0.0021,0.0753,0.1774,0.4059,5e-4,0.0655,0.0289,0.2429,2025-11-17
NA,25.608247423,6716,Carneys Point,1,16706,2863760,0.6288659794,0.4953488372,9500,0,0,2,Salem Community College,https://www.salemcc.edu/,38020,0,00546100,0.0241,0.012,0.004,0.0843,0.3442,1,2,NA,NA,2,NJ,908,0.3227,0.6773,0.0396,0.0044,0.0099,0.2588,0.1267,0.0033,0.0033,0.1079,0.446,2025-11-17
0.789,20.447413062,11051,South Orange,2,64996,317919000,0.5415606446,0.2789620019,22750,0,1,1,Seton Hall University,https://www.shu.edu/,70196,0,00263200,0.0584,0,0.0067,0.2507,0.3026,0.9191,3,30,1308,3,NJ,5924,0.4406,0.5594,0.0442,0.0012,0.0977,0.1155,0.2679,0.0012,0.0155,0.0198,0.437,2025-11-17
0.7721,23.865853659,7623,Morristown,2,52328,20304195,0.7902439024,0.4707692308,24934,0,1,1,Saint Elizabeth University,www.steu.edu/,53038,0,00260000,0.0387,0,0.0166,0.0718,0.5414,0.2978,3,30,NA,3,NJ,636,0.3978,0.6022,0.0189,0.011,0.0189,0.3915,0.2862,0.0031,0.011,0.0597,0.1997,2025-11-17
NA,24.701167942,8455,Branchburg,1,13039,1138316,0.4893274265,0.4724680433,10500,0,1,2,Raritan Valley Community College,https://www.raritanval.edu/,48145,0,00773100,0.0341,0.0341,0,0.1878,0.2664,1,2,NA,NA,2,NJ,5272,0.5197,0.4803,0.0281,0.0021,0.0603,0.1275,0.3101,0.0023,0.0106,0.0634,0.3957,2025-11-17
0.4344,19.316046967,16961,Hoboken,2,76449,269274000,0.2847358121,0.1549439348,27000,0,0,1,Stevens Institute of Technology,www.stevens.edu/,108772,0,00263900,0,0.5306,0.0897,0.096,0.2047,1,3,NA,1447,3,NJ,4084,0.6685,0.3315,0.0419,5e-4,0.1991,0.0255,0.1572,0,0.0326,0.0522,0.4912,2025-11-17
0.8817,21.888829787,10580,Galloway,1,32159,40438008,0.6130319149,0.4040081324,20500,0,0,1,Stockton University,https://www.stockton.edu/,57602,0,00934500,0.0089,0,0.0108,0.1926,0.415,0.4883,3,NA,1171,3,NJ,7770,0.3928,0.6072,0.0373,6e-4,0.0741,0.1008,0.1936,5e-4,0.0069,0.0068,0.5793,2025-11-17
NA,33.289123764,NA,Trenton,1,NA,13097435,0.5028980566,0.4446609509,12500,0,0,1,Thomas Edison State University,www.tesu.edu/,69331,0,02192200,0,0,0.0103,0.1473,0.2068,NA,3,NA,NA,3,NJ,6685,0.6133,0.3867,0.0429,0.0037,0.0453,0.1453,0.1491,0.0042,0.0103,0.1484,0.4507,2025-11-17
0.6214,19.843735968,11750,Ewing,1,37070,58018000,0.5770094297,0.2052256532,23250,0,0,1,The College of New Jersey,https://www.tcnj.edu/,73323,0,00264200,0.1316,0.0806,0.033,0.1849,0.2013,0.4918,3,NA,1247,3,NJ,6831,0.4314,0.5686,0.0302,3e-4,0.1047,0.058,0.1802,4e-4,0.0069,0.0288,0.5905,2025-11-17
NA,24.972339527,11294,Cranford,1,13752,21837093,0.6148648649,0.5370780299,15091,0,1,2,UCNJ Union College of Union County New Jersey,https://www.ucc.edu/,41595,0,00264300,0,0.0383,0.0021,0.1423,0.4377,1,2,NA,NA,2,NJ,7760,0.3817,0.6183,0.0236,0.0015,0.0401,0.284,0.4695,0.0022,0.0148,0.0284,0.136,2025-11-17
0.9252,22.252301622,12574,Wayne,1,26555,30234732,0.5626918018,0.4394402036,22334,0,1,1,William Paterson University of New Jersey,www.wpunj.edu/,57780,0,00262500,0.0384,0,0.0054,0.1321,0.4447,0.9924,3,NA,NA,3,NJ,6526,0.3852,0.6148,0.0234,6e-4,0.0709,0.2009,0.3385,0.0015,0.0218,0.0198,0.3226,2025-11-17
NA,25.693096136,7058,Albuquerque,1,10906,11201204,0.5631479736,0.4766680596,6612,0,1,2,Central New Mexico Community College,https://www.cnm.edu/,36869,0,00474200,0.0296,0.0033,0.0027,0.0794,0.259,0.3342,1,NA,NA,1,NM,15246,0.3825,0.6175,0.0282,0.071,0.0194,0.0291,0.5508,0.0024,0.0032,0.0542,0.2416,2025-11-17
NA,27.013921114,5846,Crownpoint,1,11945,8073502,0.5707656613,0.5909774436,PS,0,0,1,Navajo Technical University,www.navajotech.edu/,26364,0,02357600,0.1098,0.0183,0.0122,0.1037,0.4902,1,1,NA,NA,1,NM,1134,0.3836,0.6164,0.0035,0.9691,0,0.0079,0.0097,9e-4,0.0035,0.0018,0.0035,2025-11-17
NA,23.138947368,7289,Las Cruces,1,12541,NA,0.5765614035,0.4362586997,17095,0,1,2,New Mexico State University-Dona Ana,dacc.nmsu.edu/,39067,0,00265702,0.0748,0.0015,0,0.0725,0.3437,0.3005,2,NA,NA,3,NM,4812,0.3938,0.6062,0.016,0.0143,0.0075,0.0177,0.717,0.0012,0.0256,0.0141,0.1866,2025-11-17
NA,25.281176471,6022,Clovis,1,10066,300735,0.7035294118,0.5130434783,7250,0,1,2,Clovis Community College,www.clovis.edu/,34020,0,00474300,0.0535,0,0.0027,0.0348,0.3139,0.3846,1,NA,NA,1,NM,1221,0.2441,0.7559,0.0311,0.0074,0.0139,0.0401,0.5774,0.0025,0.0016,0.0057,0.3202,2025-11-17
0.5492,24.292035398,8033,Portales,1,18503,37894944,0.5820595334,0.4558617468,16500,0,1,1,Eastern New Mexico University-Main Campus,www.enmu.edu/,38550,0,00265100,0.1518,0,0.006,0.0933,0.3201,0.6515,3,NA,965,3,NM,3186,0.3754,0.6246,0.0295,0.0232,0.011,0.0549,0.4535,0.0038,0.0279,0.0289,0.3672,2025-11-17
NA,24.292035398,5489,Roswell,1,12220,744116,0.5820595334,0.4558617468,16500,0,1,2,Eastern New Mexico University-Roswell Campus,www.roswell.enmu.edu/,38550,0,00265101,0.0336,0,0.0112,0.0841,0.2656,0.4348,1,NA,NA,3,NM,1312,0.3537,0.6463,0.0145,0.0137,0.0191,0.0252,0.5808,0,0,0.0633,0.2835,2025-11-17
1,26.886363636,7354,Santa Fe,1,23873,17592921,0.5340909091,0.3806451613,PS,0,0,1,Institute of American Indian and Alaska Native Culture and Arts Development,https://iaia.edu/,24505,0,02146400,0,0,0,0.1042,0.2038,1,3,NA,NA,3,NM,307,0.3681,0.6319,0.1368,0.6612,0,0,0.1205,0.0033,0,0.0098,0.0684,2025-11-17
NA,27.066721582,7603,Las Vegas,1,21046,9292702,0.6285008237,0.4535315985,11399,0,1,1,New Mexico Highlands University,https://www.nmhu.edu/,45937,0,00265300,0.2854,0,0.0025,0.1389,0.4636,0.6256,3,NA,NA,3,NM,1561,0.376,0.624,0.0263,0.0878,0.0038,0.0557,0.6099,0.0013,0.0474,0.025,0.1429,2025-11-17
NA,23.375628141,10626,Hobbs,1,9150,10911259,0.6155778894,0.5389312977,11313,0,0,2,New Mexico Junior College,https://www.nmjc.edu/,34233,0,00265500,0.021,0,0,0.0236,0.2585,1,2,NA,NA,2,NM,2034,0.3496,0.6504,0.0034,0.0079,0.0143,0.0678,0.5978,0.0015,0.0025,0.0379,0.267,2025-11-17
0.5776,19.717472119,7957,Roswell,1,18891,496931808,0.1672862454,0.3004115226,5500,0,0,2,New Mexico Military Institute,https://www.nmmi.edu/,57410,0,00265600,0,0,0,0,0.2571,1,2,NA,NA,2,NM,342,0.8012,0.1988,0.0205,0.0234,0.038,0.1491,0.3129,0.0877,0.1754,0.0029,0.1901,2025-11-17
NA,23.685271142,7843,Gallup,1,11378,NA,0.5832672931,0.4103443894,18450,0,0,2,University of New Mexico-Gallup Campus,www.gallup.unm.edu/,44792,1,00266301,0.0441,0,0,0.0744,0.2803,0.5398,2,NA,NA,3,NM,891,0.3502,0.6498,0.0258,0.7654,0.0191,0.0011,0.1403,0.0011,0.0056,0.0146,0.0269,2025-11-17
0.5396,21.173626374,9806,Socorro,1,22872,75410887,0.2549450549,0.2629107981,19085,0,1,1,New Mexico Institute of Mining and Technology,https://www.nmt.edu/,76489,0,00265400,0,0.542,0.0378,0,0.3087,0.8103,3,NA,1182,3,NM,1122,0.7139,0.2861,0.0276,0.0419,0.025,0.0071,0.4118,0.0027,0.0267,0.0045,0.4528,2025-11-17
NA,23.685271142,6279,Los Alamos,1,15550,NA,0.5832672931,0.4103443894,18450,0,1,2,University of New Mexico-Los Alamos Campus,losalamos.unm.edu/,44792,0,00266303,0,0.0923,0,0.2,0.0601,0.0909,2,NA,NA,3,NM,238,0.5672,0.4328,0.0084,0.0378,0.0126,0.0084,0.5882,0,0,0.0168,0.3277,2025-11-17
0.9545,23.685271142,11082,Albuquerque,1,20973,620362978,0.5832672931,0.4103443894,18450,0,1,1,University of New Mexico-Main Campus,www.unm.edu/,44792,0,00266300,0.0572,0.067,0.0078,0.1442,0.3624,0.7007,3,NA,1047,3,NM,16686,0.4233,0.5767,0.0411,0.0602,0.0415,0.0308,0.5052,0.0016,0.0201,0.0128,0.2867,2025-11-17
NA,23.138947368,7914,Alamogordo,1,13482,NA,0.5765614035,0.4362586997,17095,0,0,2,New Mexico State University-Alamogordo,alamogordo.nmsu.edu/,39067,0,00265701,0.0698,0.0465,0,0.1279,0.2636,0.3857,2,NA,NA,3,NM,569,0.3286,0.6714,0.0562,0.0281,0.0176,0.0299,0.4183,0.0018,0.0123,0.007,0.4288,2025-11-17
NA,NA,8882,Carlsbad,1,11794,1260291,NA,NA,NA,0,1,2,Southeast New Mexico College,senmc.edu/,NA,0,04300600,0.0522,0,0,0.087,0.10780000000000001,0.3364,2,NA,NA,3,NM,426,0.2371,0.7629,0.0188,0.0094,0.007,0.007,0.5986,0.007,0.007,0.0094,0.3357,2025-11-17
NA,23.138947368,7076,Grants,1,15593,NA,0.5765614035,0.4362586997,17095,0,1,2,New Mexico State University-Grants,grants.nmsu.edu/,39067,1,00265704,0.1648,0,0,0.0549,0.2667,0.2642,2,NA,NA,3,NM,351,0.2991,0.7009,0.0256,0.3647,0.0028,0.0114,0.3846,0.0028,0.0142,0.0085,0.1852,2025-11-17
0.7573,23.138947368,9917,Las Cruces,1,20930,44885427,0.5765614035,0.4362586997,17095,0,1,1,New Mexico State University-Main Campus,www.nmsu.edu/,39067,0,00265700,0.0553,0.1296,0.0037,0.1417,0.403,0.7516,3,NA,1004,3,NM,11561,0.4148,0.5852,0.029,0.0268,0.0119,0.0238,0.6276,0.0014,0.0246,0.0057,0.2493,2025-11-17
NA,23.685271142,6890,Los Lunas,1,14710,NA,0.5832672931,0.4103443894,18450,0,1,2,University of New Mexico-Valencia County Campus,valencia.unm.edu/,44792,0,00266302,0.069,0,0,0.0776,0.1326,0.475,2,NA,NA,3,NM,505,0.3287,0.6713,0.0257,0.0337,0.004,0.0119,0.7168,0.002,0.0059,0.0218,0.1782,2025-11-17
NA,25.356979405,7109,Espanola,1,17529,NA,0.585812357,0.6303191489,6000,0,1,1,Northern New Mexico College,https://nnmc.edu/,38112,0,02083900,0.2417,0.0095,0,0.2464,0.3553,0.4103,3,NA,NA,2,NM,859,0.3201,0.6799,0.0501,0.0885,0.0186,0.014,0.6787,0,0.0093,0.0186,0.1222,2025-11-17
NA,26.768585589,6900,Farmington,1,13178,16832979,0.6721311475,0.4686540991,9750,0,0,2,San Juan College,www.sanjuancollege.edu/,36513,1,00266000,0.0169,0.0054,0.0011,0.0327,0.3292,1,1,NA,NA,1,NM,4228,0.3006,0.6994,0.053,0.3789,0.0047,0.0104,0.2124,0.0024,0.0116,0.0128,0.3139,2025-11-17
NA,28.003177125,7179,Santa Fe,1,15783,8789412,0.6004765687,0.5087209302,13236,0,1,2,Santa Fe Community College,https://www.sfcc.edu/,38005,0,02278100,0.135,0.0017,0,0.065,0.1448,0.2196,1,NA,NA,1,NM,2234,0.3738,0.6262,0.0107,0.0443,0.0188,0.0197,0.5457,0.0013,0.0609,0.0143,0.2842,2025-11-17
NA,23.096045198,3678,Hobbs,2,30369,12836273,0.4774011299,0.46875,21303,0,1,1,University of the Southwest,https://www.usw.edu/,45389,0,00265000,0.2,0,0,0.1833,0.5573,1,3,NA,NA,3,NM,337,0.5074,0.4926,0.0178,0.0237,0.003,0.0831,0.6261,0.003,0,0.0415,0.2018,2025-11-17
NA,24.788546256,7029,Albuquerque,1,14221,NA,0.5198237885,0.4352331606,PS,0,0,2,Southwestern Indian Polytechnic Institute,www.sipi.edu/,27660,0,02511000,0.1132,0.0943,0,0.1132,0.342,1,2,NA,NA,2,NM,233,0.3991,0.6009,0,1,0,0,0,0,0,0,0,2025-11-17
NA,23.685271142,6946,Ranchos de Taos,1,16135,NA,0.5832672931,0.4103443894,18450,0,1,2,University of New Mexico-Taos Campus,taos.unm.edu/,44792,0,00266304,0.0459,0,0,0.0183,0.1471,0.3333,1,NA,NA,3,NM,355,0.3352,0.6648,0.0197,0.0535,0.0113,0.0141,0.5408,0.0028,0,0.0338,0.3239,2025-11-17
NA,26.387283237,6300,Tucumcari,1,15589,943052,0.5086705202,0.5135135135,PS,0,0,2,Mesalands Community College,www.mesalands.edu/,32272,0,03206300,0.0201,0,0,0.01,0.1141,0.35,1,NA,NA,1,NM,357,0.6527,0.3473,0,0.0672,0,0.0252,0.4818,0.0084,0.0196,0.0644,0.3333,2025-11-17
NA,25.566502463,8168,Silver City,1,21649,14607168,0.5773399015,0.4771167048,23000,0,1,1,Western New Mexico University,wnmu.edu/,39095,0,00266400,0.1402,0,0.0041,0.1258,0.4186,0.4682,3,NA,NA,3,NM,1935,0.3163,0.6837,0.0269,0.0522,0.0052,0.0393,0.5731,0.0036,0.0331,0.0078,0.2589,2025-11-17
NA,23.54679285,9242,Flushing,2,47174,6071650,0.12723449,0.4709066306,21125,0,1,1,Vaughn College of Aeronautics and Technology,www.vaughn.edu/,64973,0,00266500,0,0.0856,0,0.0028,0.5251,1,2,NA,NA,2,NY,1104,0.8714,0.1286,0.0199,0.0063,0.1585,0.1821,0.3134,0.0082,0.0281,0.1359,0.1476,2025-11-17
0.7751,21.727628149,13227,Garden City,2,57444,212345742,0.7211120765,0.354206501,25000,0,0,1,Adelphi University,www.adelphi.edu/,75482,0,00266600,0.0175,0,0.0175,0.1125,0.2944,0.2959,3,NA,1224,3,NY,5077,0.3378,0.6622,0.0329,0.0039,0.1286,0.093,0.2131,0.001,0.0485,0.0441,0.4349,2025-11-17
NA,22.310523587,7647,Queensbury,1,16664,1723421,0.5749092794,0.4269988413,14345,0,0,2,SUNY Adirondack,https://www.sunyacc.edu/,41267,0,00286000,0.0133,0.0044,0,0.1574,0.4068,0.4917,2,NA,NA,2,NY,1959,0.4324,0.5676,0.0337,0.002,0.0102,0.0607,0.0694,0.001,0.0046,0.0031,0.8152,2025-11-17
NA,30.370617696,4998,Albany,2,22650,NA,0.8171590332,0.5378553335,21549,0,1,1,Bryant & Stratton College-Albany,https://www.bryantstratton.edu/,32568,0,00267807,0,0,0,0.3936,0.6531,0.1087,2,NA,NA,2,NY,224,0.4509,0.5491,0.0982,0.0089,0.0357,0.375,0.2366,0.0045,0,0,0.2411,2025-11-17
0.5908,20.755102041,10022,Albany,2,52317,63658295,0.6031746032,0.2169811321,25500,0,0,1,Albany College of Pharmacy and Health Sciences,www.acphs.edu/,131426,0,00288500,0,0,0,0,0.2928,0.6207,3,NA,1280,3,NY,509,0.3792,0.6208,0.0786,0.002,0.1906,0.1022,0.0864,0,0.0472,0.0629,0.4303,2025-11-17
0.4833,19.844243792,7126,Alfred,2,54516,162029568,0.4638826185,0.245049505,26000,0,0,1,Alfred University,www.alfred.edu/,54897,0,00266800,0.0736,0.204,0.0033,0.1538,0.3898,0.8152,3,NA,1205,3,NY,1401,0.4747,0.5253,0.0264,0.0021,0.0143,0.0985,0.1106,0.0014,0.0714,0.0421,0.6331,2025-11-17
0.8135,20.658730159,6545,New York,2,61369,10044273,0.5952380952,0.2339832869,12000,0,0,2,American Academy of Dramatic Arts-New York,www.aada.edu/,27019,0,00746500,0,0,0,0,0.2249,0.1159,2,NA,NA,2,NY,225,0.3467,0.6533,0.0533,0.0089,0.0178,0.0711,0.0933,0,0.3289,0.0311,0.3956,2025-11-17
NA,31.208737864,3347,New York,2,27025,NA,0.677184466,0.4761904762,21150,0,0,2,American Academy McAllister Institute of Funeral Service,www.funeraleducation.org/,54695,0,01081300,0,0,0,0,0.3665,0.2,2,NA,NA,2,NY,282,0.3262,0.6738,0,0.0071,0.0106,0.2801,0.1241,0.0071,0,0.0674,0.5035,2025-11-17
0.2471,19.577287066,6026,New York,2,63779,NA,0.6963722397,0.2504302926,15250,0,0,1,American Musical and Dramatic Academy,www.amda.edu/,26975,0,00757200,0,0,0,0,0.3596,0.3145,1,NA,NA,1,NY,1502,0.2823,0.7177,0.0519,0.0033,0.0233,0.1658,0.1858,0.0013,0.1245,0.1165,0.3276,2025-11-17
1,19.729559748,7661,Brooklyn,2,27111,NA,PS,PS,PS,0,0,1,Associated Beth Rivkah Schools,https://www.bethrivkah.edu/dhl,17686,0,02506000,1,0,0,0,0.6558,NA,1,NA,NA,1,NY,289,0,1,0,0,0,0,0,0,0.1246,0,0.8754,2025-11-17
0.5229,19.82629108,12376,Annandale-On-Hudson,2,81661,141748775,0.6197183099,0.1217105263,24254,0,0,1,Bard College,www.bard.edu/,46543,0,00267100,0,0,0,0,0.2308,0.6312,3,NA,1387,3,NY,2280,0.4346,0.5654,0.0675,0.0013,0.0259,0.1351,0.1325,0,0.136,0.05,0.4518,2025-11-17
0.0796,19.256,15399,New York,2,84023,447544000,PS,0.1556503198,18000,0,0,1,Barnard College,www.barnard.edu/,80516,0,00270800,0.0146,0,0.0543,0,0.154,1,3,NA,1500,3,NY,3219,0,1,0.0758,6e-4,0.2041,0.0556,0.1559,0,0.1401,0.0227,0.3451,2025-11-17
NA,31.90990991,9444,New York,2,NA,1013500,0.7837837838,0.369047619,19750,0,0,1,Mount Sinai Phillips School of Nursing,www.pson.edu/,96980,0,00643800,0,0,0,0,0.0152,0.1286,3,NA,NA,2,NY,273,0.1245,0.8755,0.0366,0.0037,0.2161,0.2051,0.1245,0.0073,0,0,0.4066,2025-11-17
NA,29.132352941,5061,New York,2,23338,681731,0.756684492,0.5232198142,6733,0,1,1,Boricua College,https://www.boricuacollege.edu/,35348,0,01302900,0.2586,0,0,0.0345,0.8517,1,3,NA,NA,3,NY,401,0.197,0.803,0,0,0,0.202,0.7905,0,0,0,0.0075,2025-11-17
NA,22.464933018,7353,Binghamton,1,15541,33572257,0.5555555556,0.3924747629,12000,0,0,2,SUNY Broome Community College,www.sunybroome.edu/,39710,0,00286200,0,0.0096,0.0041,0.0974,0.3559,0.526,2,NA,NA,2,NY,3203,0.4043,0.5957,0.05,0.0012,0.0493,0.1118,0.0865,0.0012,0.0034,0.098,0.5985,2025-11-17
NA,30.370617696,6161,Liverpool,2,21955,NA,0.8171590332,0.5378553335,21549,0,0,1,Bryant & Stratton College-Syracuse North,https://www.bryantstratton.edu/,32568,0,00267806,0,0,0,0.3252,0.6508,0.5556,2,NA,NA,2,NY,454,0.2643,0.7357,0.0551,0.022,0.0396,0.3194,0.0859,0.0044,0,0.0088,0.4648,2025-11-17
NA,30.370617696,5785,Buffalo,2,23942,NA,0.8171590332,0.5378553335,21549,0,0,1,Bryant & Stratton College-Buffalo,https://www.bryantstratton.edu/,32568,0,00267800,0,0,0,0.364,0.6579,0.301,2,NA,NA,2,NY,656,0.2637,0.7363,0.0595,0.0076,0.0274,0.471,0.1021,0,0,0.0152,0.3171,2025-11-17
NA,30.370617696,6075,Rochester,2,23142,NA,0.8171590332,0.5378553335,21549,0,0,1,Bryant & Stratton College-Greece,https://www.bryantstratton.edu/,32568,0,00267803,0,0,0,0.145,0.6612,0.4,2,NA,NA,2,NY,320,0.2688,0.7313,0.0375,0,0.025,0.4219,0.0938,0.0031,0.0063,0.0156,0.3969,2025-11-17
0.8177,19.742138365,8621,Buffalo,2,42271,155680773,0.5408805031,0.2305502846,24250,0,0,1,Canisius University,https://www.canisius.edu/,60681,0,00268100,0.0357,0,0.0051,0.2423,0.2679,0.4755,3,30,NA,3,NY,1768,0.5051,0.4949,0.0356,0.004,0.0322,0.1256,0.0554,0,0.0577,0.0441,0.6454,2025-11-17
NA,24.6,8563,Auburn,1,13920,8868208,0.654691689,0.4368872549,12000,0,0,2,Cayuga County Community College,https://www.cayuga-cc.edu/,38709,0,00286100,0,0,0,0.152,0.1716,0.3553,2,NA,NA,2,NY,1146,0.4389,0.5611,0.0044,0.0079,0.0096,0.1091,0.0314,0.0026,0.0209,0.0768,0.7373,2025-11-17
0.8846,19.646766169,3577,Brooklyn,2,27589,NA,PS,0.2708333333,PS,0,0,1,Central Yeshiva Tomchei Tmimim Lubavitz,https://cyttl.edu/,35023,0,00477600,0,0,0,0,0.6445,0.7,3,NA,NA,3,NY,810,1,0,0,0,0,0,0,0,0.1235,0,0.8765,2025-11-17
0.7716,19.596820809,10769,Potsdam,2,76451,216602679,0.2998554913,0.1528709918,26000,0,0,1,Clarkson University,https://www.clarkson.edu/,89696,0,00269900,0,0.5622,0.0135,0.1079,0.2046,0.7836,3,NA,1307,3,NY,2449,0.6729,0.3271,0.0339,0.0037,0.0274,0.0318,0.067,0,0.0433,0.0033,0.7897,2025-11-17
NA,22.165673421,6544,Plattsburgh,1,15614,NA,0.5435041716,0.462173315,13250,0,0,2,Clinton Community College,https://www.clinton.edu/,39246,0,00678700,0,0,0,0.05,0.2213,0.537,2,NA,NA,2,NY,388,0.4407,0.5593,0.0103,0.0129,0.0077,0.0747,0.0387,0.0026,0.0077,0.1675,0.6778,2025-11-17
NA,31.788888889,11557,Yonkers,2,NA,NA,0.8444444444,0.4166666667,19625,0,0,2,Cochran School of Nursing,www.cochranschoolofnursing.us/,99503,0,00644300,0,0,0,0,0.4435,1,2,NA,NA,2,NY,112,0.1607,0.8393,0.0446,0,0.0893,0.2768,0.3214,0.0179,0.0089,0.0089,0.2321,2025-11-17
0.1195,19.33924612,12737,Hamilton,2,83650,1197104721,0.5764966741,0.1807511737,15000,0,0,1,Colgate University,https://www.colgate.edu/,85139,0,00270100,0.0188,0,0.0121,0,0.1268,0.9415,3,NA,1480,3,NY,3122,0.4401,0.5599,0.0557,0.0013,0.0548,0.0442,0.0945,0.0013,0.083,0.0183,0.647,2025-11-17
0.7654,32.438571429,8544,New York,2,32786,874933,0.7885714286,0.4958158996,27688,0,1,1,Metropolitan College of New York,https://www.mcny.edu/,46236,0,00976900,0,0,0,0.25,0.608,1,3,NA,NA,3,NY,430,0.3023,0.6977,0.0209,0.0023,0.0093,0.5419,0.2977,0.0023,0.0488,0.0093,0.0674,2025-11-17
0.0423,23.275151515,21217,New York,2,86042,13279846000,0.4472727273,0.2504905167,21500,0,0,1,Columbia University in the City of New York,www.columbia.edu/,102491,0,00270700,0,0.1275,0.0468,0,0.2254,0.4232,3,NA,1547,3,NY,8899,0.5046,0.4954,0.0648,0.003,0.1842,0.0776,0.1625,0.0021,0.1834,0.0236,0.2987,2025-11-17
NA,24.258760108,5981,Hudson,1,12441,4873116,0.6105121294,0.436187399,12000,0,0,2,Columbia-Greene Community College,https://www.columbiagreene.edu/,44441,0,00678900,0.0359,0,0,0.0897,0.2951,0.3814,2,NA,NA,2,NY,900,0.4178,0.5822,0.0467,0.0022,0.0333,0.1589,0.1178,0,0.0044,0.0756,0.5611,2025-11-17
0.1905,19.680628272,13781,New York,2,67088,911434083,0.3141361257,0.186440678,15000,0,0,1,The Cooper Union for the Advancement of Science and Art,https://www.cooper.edu/,83847,0,00271000,0,0.5778,0,0,0.2792,0.287,3,NA,1480,3,NY,891,0.4938,0.5062,0.0483,0.0011,0.3154,0.0651,0.1268,0.0011,0.1212,0.0415,0.2795,2025-11-17
0.0816,19.839411584,17253,Ithaca,2,83196,9349246700,0.5335580754,0.1541640178,14000,0,0,1,Cornell University,www.cornell.edu/,104043,0,00271100,0,0.1356,0.0216,0.1485,0.1821,0.9233,3,NA,1520,3,NY,15935,0.455,0.545,0.0552,0.0022,0.2514,0.0748,0.1461,0.0015,0.0958,0.0588,0.3142,2025-11-17
NA,22.780080599,7795,Corning,1,13917,510475,0.5705238918,0.423815621,12000,0,0,2,SUNY Corning Community College,https://www.corning-cc.edu/,38817,0,00286300,0,0.0196,0,0.1257,0.1712,1,2,NA,NA,2,NY,1249,0.4235,0.5765,0.0064,0.0064,0.0152,0.0681,0.0584,0.0016,0,0.0528,0.791,2025-11-17
0.4,26.737068966,9262,East Syracuse,2,26409,NA,0.875,0.3363636364,15250,0,0,2,Pomeroy College of Nursing at Crouse Hospital,www.crouse.org/nursing,83972,0,00644500,0,0,0,0,0.3488,0.5385,2,NA,NA,2,NY,179,0.1453,0.8547,0.0503,0,0.0447,0.1117,0.0279,0,0,0.0112,0.7542,2025-11-17
0.9176,21.80155642,9791,Hyde Park,2,54106,151051280,0.5238326848,0.2826541275,15750,0,0,1,Culinary Institute of America,www.ciachef.edu/,47475,0,00730400,0,0,0,0.2261,0.2789,1,2,NA,1089,2,NY,2988,0.5023,0.4977,0.0512,0.0033,0.0703,0.0736,0.1968,0.0027,0.0994,0.0348,0.4679,2025-11-17
0.5048,22.829141215,12556,New York,1,13521,252514307,0.5147323033,0.5107763615,11512,0,1,1,CUNY Bernard M Baruch College,www.baruch.cuny.edu/,75971,0,00727300,0,0,0.0173,0.7387,0.5533,0.4592,3,NA,1310,3,NY,15734,0.5046,0.4954,0.0252,0.0022,0.36,0.0893,0.2817,0.001,0.066,0,0.1745,2025-11-17
NA,22.445487279,11370,New York,1,12187,19993924,0.575172658,0.5309888579,7574,0,1,2,CUNY Borough of Manhattan Community College,www.bmcc.cuny.edu/,42306,0,00269100,0.037,0.0117,0.0023,0.1923,0.5674,0.4754,2,NA,NA,2,NY,16850,0.442,0.558,0.0266,0.0024,0.1112,0.2513,0.4539,0.0016,0.0693,0,0.0838,2025-11-17
NA,23.860462081,11800,Bronx,1,11987,1018411,0.5869990863,0.5240631164,8384,0,0,2,CUNY Bronx Community College,www.bcc.cuny.edu/,41307,0,00269200,0.0222,0.0115,0.0049,0.1137,0.5748,0.5222,2,NA,NA,2,NY,5766,0.4481,0.5519,0.0139,0.0026,0.034,0.2801,0.6155,9e-4,0.0288,0,0.0243,2025-11-17
0.5366,23.333856291,12729,Brooklyn,1,13573,109400621,0.5883275808,0.4761904762,11000,0,0,1,CUNY Brooklyn College,www.brooklyn.edu/,60752,0,00268700,0.116,0,0.0092,0.2602,0.5639,0.3495,3,NA,1310,3,NY,10443,0.4468,0.5532,0.0347,0.0011,0.2451,0.207,0.236,3e-4,0.0308,0,0.2449,2025-11-17
NA,20.956090111,12606,Staten Island,1,14084,18974083,0.5639557083,0.46727139,14350,0,1,1,College of Staten Island CUNY,www.csi.cuny.edu/,53501,0,00269800,0.0542,0.0398,0.0061,0.167,0.4925,0.3875,3,NA,NA,3,NY,9387,0.4872,0.5128,0.0315,0.0016,0.1291,0.1356,0.2745,0.001,0.0224,0,0.4043,2025-11-17
0.5807,22.728632479,13179,New York,1,13514,309393983,0.5377492877,0.4596531792,11990,0,1,1,CUNY City College,www.ccny.cuny.edu/,66039,0,00268800,0.0491,0.1641,0.0179,0.0381,0.5958,0.3958,3,NA,1340,3,NY,11934,0.4897,0.5103,0.0275,0.0013,0.2466,0.1583,0.4029,0.0014,0.0448,0,0.1172,2025-11-17
0.3861,32.684782609,13779,New York,1,NA,95973665,0.7729468599,0.4395604396,12584,0,0,1,CUNY Graduate School and University Center,www.gc.cuny.edu/,65991,0,00476500,0.0379,0,0,0.12,0.3788,0.3707,3,NA,NA,3,NY,3067,0.2674,0.7326,0.032,0.0042,0.1448,0.2948,0.3189,0.0016,0.0209,0,0.1829,2025-11-17
NA,25.124507976,11255,Bronx,1,12390,13209590,0.6745390512,0.5426944972,8442,0,1,2,CUNY Hostos Community College,www.hostos.cuny.edu/,40485,0,00861100,0.0913,0.0263,0.0083,0.1259,0.627,0.432,2,NA,NA,2,NY,4883,0.3213,0.6787,0.0109,0.0023,0.0305,0.2963,0.6023,8e-4,0.0377,0,0.0193,2025-11-17
0.5405,22.334586466,12766,New York,1,13310,139680530,0.6719516182,0.4694467382,11000,0,1,1,CUNY Hunter College,www.hunter.cuny.edu/,63163,0,00268900,0.0094,0,0.0139,0.0314,0.5501,0.334,3,NA,1350,3,NY,16642,0.3516,0.6484,0.034,0.0022,0.3072,0.1128,0.3195,0.0013,0.0441,0,0.1791,2025-11-17
0.5722,22.766637857,12094,New York,1,13712,14332813,0.6098530683,0.4849257885,11000,0,1,1,CUNY John Jay College of Criminal Justice,www.jjay.cuny.edu/,56195,0,00269300,0,0,0.0034,0,0.5919,0.374,3,NA,1140,3,NY,11340,0.3751,0.6249,0.0238,0.0034,0.1238,0.166,0.5113,0.0026,0.0333,0,0.1358,2025-11-17
NA,23.034205506,11330,Brooklyn,1,12998,2344327,0.5433360589,0.4779240899,7100,0,1,2,CUNY Kingsborough Community College,www.kbcc.cuny.edu/,42621,0,00269400,0.0446,0.0093,0.0012,0.1615,0.2893,0.4344,2,NA,NA,2,NY,7632,0.4471,0.5529,0.0362,0.0021,0.1361,0.3067,0.2493,5e-4,0.0483,0,0.2206,2025-11-17
NA,23.664509169,12227,Long Island City,1,13167,8124623,0.5942826321,0.5400579887,7407,0,1,2,CUNY LaGuardia Community College,www.lagcc.cuny.edu/,41653,0,01005100,0.0598,0.0291,0,0.234,0.4036,0.4481,2,NA,NA,2,NY,10556,0.4206,0.5794,0.0223,0.0038,0.1652,0.1632,0.4472,0.0015,0.1243,0,0.0725,2025-11-17
0.5543,25.969169824,11841,Bronx,1,13456,34997007,0.71029969,0.5193195626,10950,0,1,1,CUNY Lehman College,www.lehman.edu/,58013,0,00702200,0.0076,0,0.0072,0.1687,0.6053,0.416,3,NA,1010,3,NY,10438,0.349,0.651,0.0175,0.0025,0.0681,0.2683,0.5681,9e-4,0.0324,0,0.0422,2025-11-17
0.8339,24.790019624,11862,Brooklyn,1,14069,613245,0.7179702832,0.5033222591,10988,0,0,1,CUNY Medgar Evers College,https://www.mec.cuny.edu/,46498,0,01009700,0.0561,0,0.0039,0.1567,0.5679,0.3904,3,NA,980,2,NY,3404,0.2961,0.7039,0.0267,0.0044,0.0311,0.7115,0.1824,0.0012,0.0256,0,0.017,2025-11-17
0.8074,22.364139591,11868,Brooklyn,1,13404,17413381,0.457400722,0.5123966942,10533,0,1,1,CUNY New York City College of Technology,www.citytech.cuny.edu/,49365,0,00269600,0.0033,0.0017,0.0042,0.1073,0.5544,0.2996,3,NA,1040,2,NY,12950,0.5508,0.4492,0.0209,0.0052,0.2061,0.2688,0.3646,0.0019,0.0417,0,0.0908,2025-11-17
0.6852,23.396546311,12029,Queens,1,13643,60433805,0.5671899529,0.4690335306,10298,0,1,1,CUNY Queens College,https://www.qc.cuny.edu/,62763,0,00269000,0.0982,0,0.0169,0.1251,0.4772,0.4585,3,NA,1210,3,NY,13060,0.4873,0.5127,0.0313,0.0046,0.3134,0.0979,0.3005,0.0023,0.0628,0,0.1871,2025-11-17
NA,22.339532546,11730,Bayside,1,11882,16136299,0.5387031918,0.5189328744,8600,0,1,2,CUNY Queensborough Community College,www.qcc.cuny.edu/,44214,0,00269700,0.0205,0.0081,0,0.1584,0.4545,0.5728,2,NA,NA,2,NY,8803,0.4852,0.5148,0.0265,0.0116,0.2378,0.2307,0.3387,0.0055,0.0658,0,0.0835,2025-11-17
0.5942,23.665278191,11717,Jamaica,1,13686,2294493,0.6926509967,0.4959183673,11000,0,1,1,CUNY York College,www.york.cuny.edu/,56945,0,00475900,0.0381,0,0.0051,0.1615,0.4343,0.3836,3,NA,1100,3,NY,4439,0.3548,0.6452,0.0315,0.0169,0.2187,0.3796,0.2633,0.0045,0.0457,0,0.0396,2025-11-17
0.8235,23.381944444,8529,Buffalo,2,42512,53105072,0.7523148148,0.2708860759,25000,0,0,1,D'Youville  University,www.dyu.edu/,66942,0,00271200,0,0,0,0.0164,0.3582,0.5667,3,NA,1040,3,NY,1299,0.2617,0.7383,0.0346,0.0046,0.0724,0.1701,0.067,0.0015,0.0716,0.0624,0.5158,2025-11-17
0.7616,23.317213115,7071,Amherst,2,44232,24922756,0.7262295082,0.2884097035,22091,0,0,1,Daemen University,www.daemen.edu/,61808,0,00280800,0.0381,0,0,0.1816,0.4167,0.4714,3,NA,NA,3,NY,1761,0.2624,0.7376,0.0227,0.0097,0.0415,0.0988,0.0608,6e-4,0.017,0.017,0.732,2025-11-17
0.7883,21.852620087,8584,Orangeburg,2,48001,9021538,0.6855895197,0.3212951432,25000,0,1,1,Dominican University New York,www.duny.edu/,61171,0,00271300,0.0236,0,0.0034,0.1246,0.4111,0.3617,3,NA,1160,3,NY,1083,0.3924,0.6076,0.0249,0,0.0609,0.1542,0.41,0,0.0406,0.0637,0.2456,2025-11-17
NA,21.910521141,9535,Poughkeepsie,1,15709,12566162,0.5621107833,0.4246416118,10039,0,1,2,Dutchess Community College,https://www.sunydutchess.edu/,43929,0,00286400,0,0.0208,0,0.1556,0.1877,0.402,2,NA,NA,2,NY,3696,0.4648,0.5352,0.0436,0.0024,0.0211,0.1504,0.2638,0.0011,0.0179,0.0441,0.4556,2025-11-17
0.8284,30.672727273,8344,Schenectady,2,24233,159834,0.8727272727,0.4897959184,PS,0,0,2,Belanger School of Nursing,www.ellismedicine.org/school-of-nursing/,79677,0,00644800,0,0,0,0,0.227,0.4828,2,NA,NA,2,NY,132,0.1136,0.8864,0.0227,0.0455,0.1439,0.0909,0,0,0,0.1212,0.5758,2025-11-17
0.908,21.243027888,4871,Elmira,2,50783,26492105,0.7111553785,0.2683982684,27000,0,0,1,Elmira College,https://www.elmira.edu/,57550,0,00271800,0.1411,0,0,0.1534,0.3498,0.5204,3,NA,1239,3,NY,583,0.3379,0.6621,0.036,0.0051,0.0189,0.0395,0.0652,0,0.072,0.0446,0.7187,2025-11-17
NA,23.625948833,5623,Buffalo,1,12475,3973652,0.51068316,0.3842961487,9250,0,0,2,Erie Community College,www.ecc.edu/,41228,0,01068400,0.0094,0.006,0.0043,0.1069,0.3752,0.6677,2,NA,NA,2,NY,5906,0.4834,0.5166,0.0396,0.0047,0.0674,0.1879,0.0772,0,0.0164,0.1234,0.4832,2025-11-17
0.5761,21.291810842,9473,New York,1,29732,48241281,0.8392925798,0.2760084926,12000,0,0,1,Fashion Institute of Technology,www.fitnyc.edu/,62696,0,00286600,0,0,0,0.3565,0.323,0.9881,2,NA,NA,2,NY,7575,0.1773,0.8227,0.0474,0.0017,0.1286,0.0866,0.2335,0.0015,0.1176,0.0045,0.3786,2025-11-17
NA,23.383556682,7093,Canandaigua,1,19411,2150957,0.5530604853,0.3794642857,12975,0,0,2,Finger Lakes Community College,www.flcc.edu/,40054,0,00753200,0.0475,0.0111,0,0.1331,0.2581,1,2,NA,NA,2,NY,2900,0.4341,0.5659,0.0369,0.0021,0.0141,0.0945,0.0872,3e-4,0.0072,0.0252,0.7324,2025-11-17
0.5628,20.350413223,15544,Bronx,2,77351,972446000,0.6138842975,0.1764084507,24300,0,0,1,Fordham University,https://www.fordham.edu/,85569,0,00272200,0,0.0061,0.0314,0.3341,0.2086,1,3,30,1412,3,NY,10239,0.3962,0.6038,0.0493,7e-4,0.1424,0.0623,0.1914,7e-4,0.0718,0.0091,0.4723,2025-11-17
NA,22.760305344,8973,Johnstown,1,14219,3525866,0.5618320611,0.4922656961,12125,0,0,2,Fulton-Montgomery Community College,www.fmcc.edu/,39535,0,00286700,0.0038,0,0,0.1565,0.277,0.631,2,NA,NA,2,NY,953,0.3945,0.6055,0.0346,0.0042,0.0094,0.0483,0.1511,0,0.0745,0.0776,0.6002,2025-11-17
NA,29.03968254,NA,New York,2,NA,NA,0.5793650794,0.3333333333,PS,0,0,3,Gemological Institute of America-New York,www.gia.edu/gem-education,42588,0,02231901,0,0,0,0,0.0504,NA,1,NA,NA,1,NY,313,0.3802,0.6198,0,0,0.1374,0.0288,0.0767,0,0.3994,0.1214,0.2364,2025-11-17
NA,24.207373272,7097,Batavia,1,15432,5739032,0.6532258065,0.4453818828,11622,0,0,2,Genesee Community College,https://www.genesee.edu/,39674,0,00678200,0.0214,0,0,0.1417,0.2228,0.3931,2,NA,NA,2,NY,1966,0.3566,0.6434,0.0468,0.0066,0.0097,0.1465,0.0692,5e-4,0.0468,0.0148,0.6592,2025-11-17
0.1177,19.348519362,12310,Clinton,2,80380,1275562000,0.5421412301,0.1328502415,17000,0,0,1,Hamilton College,https://www.hamilton.edu/,78411,0,00272800,0,0,0.06,0,0.181,0.7516,3,NA,1487,3,NY,2045,0.4455,0.5545,0.0553,0,0.089,0.0289,0.0905,0,0.0753,0.0137,0.6474,2025-11-17
0.687,19.592,7874,Oneonta,2,66623,65102362,0.5712,0.2708688245,27000,0,0,1,Hartwick College,www.hartwick.edu/,61107,0,00272900,0.004,0,0.004,0.1647,0.3503,1,3,NA,1170,3,NY,1099,0.3967,0.6033,0.0291,0,0.0173,0.1265,0.1092,0,0.03,0.0773,0.6106,2025-11-17
0.2381,33.522959184,11669,New York,2,41733,820953,0.8596938776,0.462633452,15250,0,0,1,Helene Fuld College of Nursing,https://www.helenefuld.edu/,111027,0,01015300,0,0,0,0,0.3676,0.2083,2,NA,NA,2,NY,722,0.126,0.874,0.0125,0.0055,0.0665,0.6496,0.1427,0.0028,0,0.0416,0.0789,2025-11-17
NA,22.875269978,5938,Herkimer,1,17648,1197509,0.5696544276,0.4365129501,11365,0,0,2,Herkimer County Community College,www.herkimer.edu/,39199,0,00478800,0,0.0059,0,0.2671,0.3961,0.4019,2,NA,NA,2,NY,1144,0.4747,0.5253,0.0315,0.0096,0.0175,0.1713,0.1093,0,0.0341,0.028,0.5988,2025-11-17
0.9802,21.52866242,6373,Hamburg,2,40002,5918729,0.5711252654,0.3813953488,24750,0,0,1,Hilbert College,www.hilbert.edu/,48309,0,00273500,0,0,0,0.0979,0.4376,0.3762,3,30,1060,3,NY,922,0.4447,0.5553,0.0249,0.0043,0.0065,0.0586,0.0358,0,0.0249,0.4718,0.3731,2025-11-17
0.5728,19.41356383,9638,Geneva,2,80635,237195395,0.5119680851,0.125,27000,0,0,1,Hobart William Smith Colleges,www.hws.edu/,68831,0,00273100,0.014,0,0.0112,0,0.2412,1,3,NA,1296,3,NY,1606,0.49,0.51,0.0423,6e-4,0.0218,0.0753,0.104,0,0.0716,0.0349,0.6494,2025-11-17
0.7059,20.274509804,14617,Hempstead,2,68298,749761574,0.5923831071,0.2353177796,23621,0,0,1,Hofstra University,www.hofstra.edu/,69039,0,00273200,0.0324,0.06,0.0087,0.2085,0.243,0.4061,3,NA,1294,3,NY,6155,0.4351,0.5649,0.0505,0.0024,0.1478,0.0884,0.1708,2e-4,0.0366,0.0218,0.4816,2025-11-17
0.927,20.721611722,6402,Houghton,2,29287,69865076,0.5787545788,0.1700819672,25250,0,0,1,Houghton University,www.houghton.edu/,46721,0,00273400,0.1043,0.0047,0.0237,0.1469,0.3379,0.5833,3,89,1297,3,NY,867,0.3322,0.6678,0.0381,0.0046,0.0242,0.0634,0.015,0.0012,0.0634,0.0415,0.7486,2025-11-17
NA,22.997915877,7416,Troy,1,13654,8950201,0.4763167867,0.3937744885,10625,0,0,2,Hudson Valley Community College,www.hvcc.edu/,45460,0,00286800,0.0145,0.0269,0,0.1371,0.2852,0.4602,2,NA,NA,2,NY,6359,0.5045,0.4955,0.0443,0.0042,0.0802,0.1524,0.0922,0.0028,0.0049,0.0042,0.6147,2025-11-17
0.9114,19.421515562,9467,New Rochelle,2,57336,192517000,0.5297699594,0.3134772897,25999,0,1,1,Iona University,www.iona.edu/,73595,0,00273700,0.056,0,0.0053,0.3485,0.2615,0.5667,3,30,1167,3,NY,2731,0.4676,0.5324,0.0297,7e-4,0.0242,0.0879,0.3076,0.0022,0.0282,0.0348,0.4848,2025-11-17
0.9615,27.888888889,NA,Rochester,2,NA,NA,0.9047619048,0.3513513514,PS,0,0,3,Isabella Graham Hart School of Practical Nursing,www.rgcohc.edu/,48143,0,02157900,0,0,0,0,0.6487,NA,1,NA,NA,1,NY,160,0.1,0.9,0.0875,0,0.0125,0.4438,0.1375,0,0,0,0.3188,2025-11-17
0.6994,19.438294383,9593,Ithaca,2,66162,356782996,0.5863058631,0.1375752365,24000,0,0,1,Ithaca College,https://www.ithaca.edu/,63548,0,00273900,0.0467,8e-4,0.0034,0.1222,0.1901,0.7583,3,NA,1285,3,NY,4350,0.4572,0.5428,0.0487,5e-4,0.0303,0.0457,0.1046,0.0011,0.0301,0.0163,0.7225,2025-11-17
NA,22.891959799,7295,Jamestown,1,17300,NA,0.5603015075,0.4079320113,10990,0,0,2,Jamestown Community College,https://www.sunyjcc.edu/,38242,0,00286900,0.0019,0.0134,0,0.1338,0.2125,0.2712,2,NA,NA,2,NY,1692,0.4072,0.5928,0.0337,0.0242,0.0095,0.0414,0.0875,0.0024,0.0408,0.023,0.7376,2025-11-17
NA,23.693677649,6742,Watertown,1,17874,7489668,0.5805877115,0.4432216108,12000,0,0,2,Jefferson Community College,https://www.sunyjefferson.edu/,39991,0,00287000,0.0169,0.0198,0.0085,0.1949,0.3255,0.3289,2,NA,NA,2,NY,1523,0.4005,0.5995,0.0446,0.0112,0.019,0.088,0.1064,0.0053,0.0204,0.0263,0.6789,2025-11-17
0.4507,19.7,12553,New York,2,80579,146103728,PS,PS,PS,0,0,1,Jewish Theological Seminary of America,www.jtsa.edu/,92751,0,00274000,0,0,0,0,0.0537,0.4915,3,80,1507,3,NY,172,0.436,0.564,0.0058,0,0.0058,0,0.0814,0,0.0116,0.0988,0.7965,2025-11-17
0.0896,19.639175258,14709,New York,2,81090,1327371408,0.4329896907,PS,25500,0,0,1,The Juilliard School,www.juilliard.edu/,37827,0,00274200,0,0,0,0,0.1331,0.3053,3,NA,NA,3,NY,460,0.5196,0.4804,0.0696,0,0.1261,0.0761,0.1043,0,0.3152,0.0043,0.3043,2025-11-17
NA,17.835820896,2273,Ossining,2,16625,NA,PS,PS,PS,0,0,1,Kehilath Yakov Rabbinical Seminary,kehilathyakov.com/,36442,0,01054900,0,0,0,0,0.8717,NA,3,80,NA,3,NY,206,1,0,0,0,0,0,0,0,0,0,1,2025-11-17
0.9388,25.170651278,6359,Keuka Park,2,53506,16694095,0.7584501237,0.3820840951,27000,0,0,1,Keuka College,https://www.keuka.edu/,58289,0,00274400,0.1015,0,0.015,0.1729,0.4355,0.9672,3,NA,1090,3,NY,920,0.2609,0.7391,0.0337,0.0022,0.0065,0.0565,0.0739,0.0011,0.0022,0.0163,0.8076,2025-11-17
0.7529,20.475609756,8957,Syracuse,2,51033,244805166,0.6018651363,0.2229007634,23000,0,0,1,Le Moyne College,www.lemoyne.edu/,62731,0,00274800,0,0,0.0134,0.2832,0.2996,0.5536,3,30,1260,3,NY,2434,0.4051,0.5949,0.0333,0.0016,0.0423,0.0748,0.0892,4e-4,0.0214,0.0123,0.7247,2025-11-17
0.8977,23.542024014,12877,Brookville,2,52419,366591797,0.6839010047,0.3563569682,23577,0,0,1,Long Island University,www.liu.edu/,59950,0,00275100,0.05,0,0.0027,0.1225,0.1886,0.3913,3,NA,1259,3,NY,5478,0.3399,0.6601,0.0298,0.0024,0.1187,0.1574,0.1661,0.0016,0.0447,0.0947,0.3846,2025-11-17
0.95,19,6086,Brooklyn,2,20375,NA,PS,PS,PS,0,0,1,Machzikei Hadath Rabbinical College,https://mhrc.edu/,41527,0,01302600,0,0,0,0,0.838,NA,3,NA,NA,3,NY,129,1,0,0,0,0,0,0,0,0.0155,0,0.9845,2025-11-17
0.7849,20.080882353,11881,Riverdale,2,62537,138691965,0.4779411765,0.2541636495,26000,0,1,1,Manhattan University,www.manhattan.edu/,86316,0,00275800,0.0689,0.2946,0.0038,0.2538,0.3121,0.4989,3,30,1254,3,NY,2928,0.5779,0.4221,0.0352,0.0017,0.0557,0.0745,0.3094,3e-4,0.0338,0.0601,0.4293,2025-11-17
0.3994,19.807692308,8330,New York,2,74277,33795655,0.4538461538,PS,26994,0,0,1,Manhattan School of Music,https://www.msmnyc.edu/,26878,0,00275900,0,0,0,0,0.1319,0.2194,3,NA,NA,3,NY,535,0.5084,0.4916,0.0355,0.0019,0.071,0.0505,0.1047,0,0.3607,0,0.3757,2025-11-17
0.8466,19.838582677,8882,Purchase,2,55641,27182235,0.7073490814,0.3010130246,25000,0,1,1,Manhattanville University,https://www.mville.edu/,58832,0,00276000,0,0,0.0076,0.2071,0.3349,0.2885,3,NA,NA,3,NY,1250,0.408,0.592,0.0208,8e-4,0.028,0.0944,0.3424,0.0016,0.028,0.0128,0.4712,2025-11-17
0.6094,27.347747748,7807,Albany,2,23518,1341193,0.8702702703,0.4099009901,20528,0,0,1,Maria College of Albany,www.mariacollege.edu/,55458,0,00276300,0,0,0,0,0.4074,0.9884,2,30,1040,2,NY,702,0.0855,0.9145,0.0513,0.0028,0.0385,0.1809,0.0883,0,0.037,0.104,0.4972,2025-11-17
0.6471,20.701010101,10555,Poughkeepsie,2,63898,378024822,0.601010101,0.1883905013,25000,0,0,1,Marist University,www.marist.edu/,77819,0,00276500,0.0369,0,0.0151,0.312,0.1472,0.4359,3,NA,1285,3,NY,5039,0.4221,0.5779,0.0331,0.0012,0.0383,0.0351,0.1334,6e-4,0.0177,0.0079,0.7327,2025-11-17
0.7888,20.592552026,8296,New York,2,63837,25621196,0.7897042716,0.2263710618,25750,0,0,1,Marymount Manhattan College,www.mmm.edu/,49131,0,00276900,0,0,0,0.1178,0.2842,0.2301,3,NA,1226,3,NY,1627,0.169,0.831,0.0627,0.0012,0.0277,0.1094,0.2047,0.0018,0.0209,0.0535,0.5181,2025-11-17
1,28.958333333,8161,Albany,2,NA,NA,0.875,0.2738095238,14745,0,0,2,St. Peter's Hospital College of Nursing,https://www.sphp.com/careers/schools-of-nursing/,62588,0,01220300,0,0,0,0,0.3471,NA,2,NA,NA,2,NY,125,0.12,0.88,0,0,0.096,0.216,0.072,0,0,0.128,0.488,2025-11-17
0.8547,23.903866525,9475,Dobbs Ferry,2,32391,295698647,0.7047139831,0.4186952288,19637,0,1,1,Mercy University,https://www.mercy.edu/,52055,0,00277200,0.0372,0,0.0052,0.1509,0.4733,0.2539,3,NA,NA,3,NY,5539,0.3163,0.6837,0.0206,0.002,0.0482,0.2392,0.4914,0.0011,0.0242,0.0218,0.1515,2025-11-17
0.8974,23.393442623,2805,Brooklyn,2,22157,1417778,PS,0.4074074074,PS,0,0,1,Mesivta Torah Vodaath Rabbinical Seminary,independentrabbinicalcolleges.org/index.html,NA,0,00726400,0,0,0,0,0.5407,0.6522,3,80,NA,3,NY,337,1,0,0,0,0,0,0,0,0,0,1,2025-11-17
0.7778,18.307692308,3686,Brooklyn,2,21343,NA,PS,PS,PS,0,0,1,Mirrer Yeshiva Cent Institute,www.mirreryeshiva.com/,41192,0,00479800,0,0,0,0,0.3667,1,2,80,NA,3,NY,102,1,0,0,0,0,0,0,0,0.0686,0,0.9314,2025-11-17
NA,22.919428398,6862,Utica,1,15981,NA,0.5299483126,0.4253593808,11000,0,0,2,Mohawk Valley Community College,www.mvcc.edu/,39850,0,00287100,0.0012,0.013,0,0.0961,0.2941,0.4552,2,NA,NA,2,NY,2994,0.4345,0.5655,0.0357,0.003,0.0695,0.1059,0.1102,0.0017,0.0207,0.0284,0.6249,2025-11-17
0.7564,22.103994927,11156,Rockville Centre,2,48251,44564248,0.7482561826,0.3529824561,27000,0,1,1,Molloy University,www.molloy.edu/,77789,0,00277500,0.0811,0,0.0076,0.0849,0.2993,0.2744,3,30,1193,3,NY,3185,0.2747,0.7253,0.027,0.0025,0.0954,0.1187,0.2725,0.0031,0.01,0.0104,0.4603,2025-11-17
NA,23.184942927,7147,Rochester,1,14196,17654826,0.5399512633,0.3915606578,9750,0,0,2,Monroe Community College,www.monroecc.edu/,40174,0,00287200,0.0036,0.0188,0.0036,0.1179,0.4713,0.463,2,NA,NA,2,NY,7737,0.4133,0.5867,0.0582,0.0031,0.058,0.2306,0.1433,9e-4,0.015,0.0027,0.4882,2025-11-17
0.8246,21.874080882,9483,Newburgh,2,51810,9278607,0.7261029412,0.3715139442,26007,0,1,1,Mount Saint Mary College,www.msmc.edu/,67705,0,00277800,0,0,0.0281,0.1375,0.297,0.404,3,30,1160,3,NY,1268,0.3076,0.6924,0.0189,8e-4,0.0197,0.0938,0.2792,0,0.0071,0.0718,0.5087,2025-11-17
NA,NA,10915,Mount Vernon,2,NA,NA,NA,NA,20000,0,0,2,Montefiore School of Nursing,montefiorenewrochelle.org/school-of-nursing,NA,0,04237200,0,0,0,0,0.3663,NA,2,NA,NA,2,NY,115,0.1391,0.8609,0.0261,0,0.0348,0.3391,0.4174,0,0,0.0696,0.113,2025-11-17
0.8464,21.177700348,10128,Bronx,2,50617,41453806,0.7119628339,0.4101838755,25000,0,1,1,University of Mount Saint Vincent,www.mountsaintvincent.edu/,65756,0,00270300,0,0,0.0026,0.1146,0.4325,0.18,3,30,1110,3,NY,2373,0.2191,0.7809,0.0413,0.0013,0.0501,0.1403,0.3144,4e-4,0.0278,0.0215,0.4029,2025-11-17
NA,22.365455628,10757,Garden City,1,13907,NA,0.5198332341,0.4490650711,10500,0,1,2,Nassau Community College,www.ncc.edu/,48248,0,00287300,0.0057,0.0048,0,0.1363,0.3567,0.4122,2,NA,NA,2,NY,10817,0.5013,0.4987,0.0141,0.0036,0.0855,0.2094,0.3645,0.0018,0.0081,0.0451,0.2678,2025-11-17
0.795,20.955084746,8336,Rochester,2,56140,77919182,0.7355932203,0.1820603908,26038,0,0,1,Nazareth University,https://www2.naz.edu/,56458,0,00277900,0.0442,0,0.0074,0.0958,0.2592,0.481,3,NA,1256,3,NY,1891,0.276,0.724,0.0264,0.0016,0.0233,0.0561,0.0836,0,0.0106,0.0164,0.7821,2025-11-17
0.6252,21.740077444,13132,New York,2,82757,421753000,0.7536302033,0.1944012442,22266,0,0,1,The New School,https://www.newschool.edu/,52901,0,02066200,0,0,0,0.019,0.1532,0.1932,3,NA,NA,3,NY,6819,0.2304,0.7696,0.0518,0.0013,0.1188,0.0389,0.1091,9e-4,0.3439,0.0216,0.3138,2025-11-17
0.0941,20.596370463,17330,New York,2,79121,5235504164,0.6113892365,0.2148843446,20500,0,0,1,New York University,https://www.nyu.edu/,82509,0,00278500,0.012,0.0392,0.0575,0.1225,0.1856,1,3,NA,1527,3,NY,29430,0.4112,0.5888,0.0405,0.0018,0.2079,0.0766,0.1593,9e-4,0.262,0.0361,0.2148,2025-11-17
NA,22.705111402,8394,Sanborn,1,13545,5396975,0.5724115334,0.3856617647,11039,0,0,2,Niagara County Community College,www.niagaracc.suny.edu/,42285,0,00287400,0.0241,0.0114,0,0.1434,0.3348,1,2,NA,NA,2,NY,2859,0.3764,0.6236,0.0609,0.0133,0.029,0.134,0.0595,3e-4,0.0052,0.0045,0.6932,2025-11-17
0.8534,20.5917603,9518,Niagara University,2,50174,111005328,0.6471910112,0.2415153907,25475,0,0,1,Niagara University,www.niagara.edu/,56196,0,00278800,0.332,0,0.0108,0.1795,0.2591,1,3,30,1155,3,NY,2713,0.3395,0.6605,0.0236,0.0037,0.0188,0.0686,0.0538,0.0015,0.2263,0.0162,0.5875,2025-11-17
NA,24.912783751,6514,Saranac Lake,1,17964,NA,0.5854241338,0.4689922481,12000,0,0,2,North Country Community College,www.nccc.edu/,38276,0,00711100,0,0,0,0.2071,0.2799,1,2,NA,NA,2,NY,762,0.3766,0.6234,0.0039,0.0551,0.0026,0.0617,0.0223,0.0052,0.0052,0.1417,0.7021,2025-11-17
0.7808,20.983182406,13096,Old Westbury,2,53625,78240785,0.3745148771,0.3296541575,23334,0,1,1,New York Institute of Technology,www.nyit.edu/,70080,0,00278200,0,0.1235,0,0.054,0.437,0.3178,3,NA,1290,3,NY,3320,0.6039,0.3961,0.0277,0.0045,0.2867,0.1136,0.2334,0.0045,0.0846,0.0373,0.2075,2025-11-17
0.6034,26.5,NA,New York,2,46980,8477288,0.8428571429,0.3636363636,PS,0,0,1,New York School of Interior Design,www.nysid.edu/,48041,0,02069000,0,0,0,0,0.15,0.0417,1,NA,NA,3,NY,423,0.0757,0.9243,0.0307,0.0047,0.0496,0.0426,0.1395,0,0.0969,0.0709,0.565,2025-11-17
NA,22.792,7041,Syracuse,1,14613,12762391,0.5165454545,0.3950725913,10000,0,0,2,Onondaga Community College,www.sunyocc.edu/,41190,0,00287500,0,0.0109,0,0.0958,0.257,0.2323,2,NA,NA,2,NY,4349,0.4744,0.5256,0.0568,0.0172,0.0423,0.1821,0.083,0.0021,0.0097,0.0421,0.5647,2025-11-17
NA,23.046714173,8802,Middletown,1,14396,NA,0.6112430721,0.4559704933,12000,0,1,2,Orange County Community College,https://sunyorange.edu/,44117,0,00287600,0.0031,0.0109,0,0.1123,0.2724,0.3343,2,NA,NA,2,NY,3822,0.393,0.607,0.0228,0.0039,0.0264,0.1575,0.2446,0.0026,8e-4,0.152,0.3893,2025-11-17
0.7714,20.708072846,12664,New York,2,68092,210436818,0.6534384344,0.2941176471,23250,0,0,1,Pace University,www.pace.edu/,70378,0,00279100,0.0252,0,0.0011,0.2223,0.2707,1,3,NA,1232,3,NY,7725,0.3371,0.6629,0.0515,0.0016,0.0774,0.1126,0.2303,0.0013,0.062,0.0047,0.4586,2025-11-17
0.9073,20.466179159,5487,Paul Smiths,2,50865,34848262,0.3546617916,0.2969348659,22750,0,0,1,Paul Smiths College of Arts and Science,https://www.paulsmiths.edu/,46145,0,00279500,0,0,0,0.0314,0.3668,0.8909,3,NA,NA,3,NY,582,0.6443,0.3557,0.0344,0.0172,0.0086,0.0326,0.0052,0,0.0086,0.0481,0.8454,2025-11-17
0.5317,20.250943396,12423,Brooklyn,2,76533,232451168,0.7066037736,0.1925777332,26000,0,0,1,Pratt Institute-Main,https://www.pratt.edu/,54295,0,00279800,0.0088,0,0,0,0.1741,0.1479,3,NA,1339,3,NY,3766,0.2825,0.7175,0.039,0.0013,0.1678,0.0414,0.1136,3e-4,0.2953,0.009,0.3322,2025-11-17
1,19.148148148,7297,Brooklyn,2,17950,NA,PS,PS,PS,0,0,1,Rabbinical Academy Mesivta Rabbi Chaim Berlin,https://rabbinicalacademyrabbichaimberlin.com/,NA,0,00397600,0,0,0,0,0.2222,NA,3,NA,NA,3,NY,160,1,0,0,0,0,0,0,0,0.0063,0,0.9938,2025-11-17
NA,17.944444444,3358,Brooklyn,2,19382,NA,PS,PS,PS,0,0,1,Rabbinical College Bobover Yeshiva Bnei Zion,rabbinicalcollegeboboveryeshiva.edu/,20707,0,00861400,0,0,0,0,0.8794,NA,3,80,NA,3,NY,436,1,0,0,0,0,0,0,0,0,0,1,2025-11-17
1,18.192307692,6138,Long Beach,2,18300,NA,PS,PS,PS,0,0,1,Rabbinical College of Long Island,https://rabbinicalcollegelongisland.com/,NA,0,01037800,0,0,0,0,0.3041,1,2,NA,NA,2,NY,161,1,0,0,0,0,0,0,0,0.0062,0,0.9938,2025-11-17
0.9754,19.710526316,3200,Flushing,2,19700,274951,PS,PS,PS,0,0,1,Rabbinical Seminary of America,www.rabbinical.org/,NA,0,00397800,0,0,0,0,0.1389,0.9375,3,80,NA,3,NY,379,1,0,0,0,0,0,0,0,0,0,1,2025-11-17
0.5845,19.572596154,13277,Troy,2,79934,860841000,0.3442307692,0.1374501992,23750,0,0,1,Rensselaer Polytechnic Institute,www.rpi.edu/,102051,0,00280300,0,0.4365,0.0544,0.0471,0.1865,0.8696,3,NA,1415,3,NY,5909,0.6927,0.3073,0.0528,3e-4,0.2127,0.052,0.1183,2e-4,0.0883,0.0481,0.4273,2025-11-17
0.7778,26.044705882,6879,Rochester,2,49621,32847246,0.7517647059,0.2720306513,23750,0,0,1,Roberts Wesleyan University,www.roberts.edu/,55031,0,00280500,0.1371,0,0.0033,0.1572,0.3969,0.902,3,64,1205,3,NY,1065,0.3493,0.6507,0.0338,0.0038,0.0188,0.1502,0.1014,9e-4,0.0291,0.0075,0.6545,2025-11-17
0.714,20.126538146,11313,Rochester,2,71714,1256781000,0.3531583265,0.194684529,26778,0,0,1,Rochester Institute of Technology,www.rit.edu/,76571,0,00280600,0,0.2273,0.0198,0.0696,0.2612,0.6928,3,NA,1378,3,NY,13225,0.6514,0.3486,0.0556,0.0016,0.1235,0.0526,0.0932,3e-4,0.0412,0.019,0.6131,2025-11-17
0.3585,20.786170831,13878,Rochester,2,82600,2739187000,0.5490993608,0.1867656153,21000,0,0,1,University of Rochester,https://www.rochester.edu/,79042,0,00289400,0.0116,0.1088,0.0441,0.0993,0.1624,0.9457,3,NA,1480,3,NY,6488,0.4672,0.5328,0.043,0.0012,0.1759,0.0482,0.0835,6e-4,0.2334,0.0273,0.3869,2025-11-17
NA,22.956950673,8818,Suffern,1,14941,NA,0.5569506726,0.4208791209,8497,0,1,2,Rockland Community College,www.sunyrockland.edu/,50243,0,00287700,0,0.0206,0,0.1372,0.2606,0.2411,2,NA,NA,2,NY,4180,0.461,0.539,0.0301,0.0029,0.0505,0.1967,0.3467,0.0022,0.0397,0.0612,0.2701,2025-11-17
0.7619,22.447268107,6478,Troy,2,50986,42315628,0.7827191868,0.375,22000,0,0,1,Russell Sage College,sage.edu/,58316,0,00281000,0.0866,0,0,0.0866,0.4328,0.845,3,NA,NA,3,NY,1075,0.3023,0.6977,0.0372,0.0084,0.0493,0.1163,0.12,9e-4,0.0037,0.0707,0.5935,2025-11-17
0.8153,19.755102041,7851,Saint Bonaventure,2,55265,83404123,0.5218658892,0.186440678,26000,0,0,1,St Bonaventure University,https://www.sbu.edu/,57214,0,00281700,0.1308,0,0,0.2949,0.2274,0.698,3,30,1181,3,NY,1892,0.5433,0.4567,0.0333,0.0048,0.027,0.0418,0.065,5e-4,0.0476,0.0074,0.7727,2025-11-17
NA,21.477597712,6681,Brooklyn,2,42269,44491053,0.6444232602,0.4114285714,23250,0,1,1,St. Francis College,https://www.sfc.edu/,58099,0,00282000,0.0602,0,0.0062,0.1369,0.4723,0.3381,3,NA,NA,3,NY,1931,0.334,0.666,0.0212,0.0331,0.0259,0.2605,0.3185,5e-4,0.1248,0.0404,0.175,2025-11-17
0.4545,25.980620155,7835,Syracuse,2,30466,1745380,0.8682170543,0.2808510638,12000,0,0,2,St. Joseph's College of Nursing,https://www.sjhcon.edu/,81908,0,00646700,0,0,0,0,0.4034,0.92,2,30,NA,2,NY,283,0.1343,0.8657,0.0636,0.0035,0.0565,0.106,0.0247,0,0,0.0071,0.7385,2025-11-17
0.5847,19.428756477,10224,Canton,2,79665,352923378,0.5958549223,0.131897712,27000,0,0,1,St Lawrence University,https://www.stlawu.edu/,67258,0,00282900,0,0,0.053900000000000003,0,0.2098,0.8386,3,NA,1343,3,NY,2040,0.4569,0.5431,0.023,0.0059,0.0167,0.0211,0.0544,5e-4,0.0956,0.0142,0.7686,2025-11-17
0.8223,20.361423221,9445,Sparkill,2,51685,52452909,0.5187265918,0.3166666667,23198,0,0,1,St. Thomas Aquinas College,www.stac.edu/,62909,0,00283200,0.1707,0,0.0244,0.2317,0.184,0.4101,3,NA,NA,3,NY,1009,0.5382,0.4618,0.0149,0.005,0.0208,0.1804,0.1665,0.003,0.0634,0.0466,0.4995,2025-11-17
NA,29.373134328,7604,Troy,2,29132,NA,0.8656716418,0.3162393162,15250,0,0,2,Samaritan Hospital School of Nursing,https://www.sphp.com/careers/schools-of-nursing/samaritan-hospital-school-of-nursing,64383,0,00924800,0,0,0,0,0.3386,NA,2,NA,NA,2,NY,132,0.1288,0.8712,0.0076,0.0152,0.0606,0.1742,0.0758,0,0,0.053,0.6136,2025-11-17
0.5893,19.460620525,10336,Bronxville,2,79320,140514473,0.7279236277,0.1078431373,27000,0,0,1,Sarah Lawrence College,www.sarahlawrence.edu/,53603,0,00281300,0,0,0,0,0.1265,0.3377,3,NA,1374,3,NY,1468,0.1969,0.8031,0.0634,7e-4,0.049,0.0443,0.109,0.0014,0.0497,0.0688,0.6138,2025-11-17
NA,24.789215686,5994,Schenectady,1,13169,NA,0.5723039216,0.4298597194,11049,0,0,2,Schenectady County Community College,sunysccc.edu/,40902,0,00678500,0.0058,0,0,0.171,0.239,1,2,NA,NA,2,NY,1499,0.4403,0.5597,0.0781,0.008,0.1141,0.2015,0.0467,0.0027,0,0.026,0.523,2025-11-17
NA,22.363636364,5463,Lawrence,2,16500,NA,PS,PS,PS,0,0,1,Sh'or Yoshuv Rabbinical College,https://www.shoryoshuv.org/,NA,0,02505900,0,0,0,0,0.0449,0.9231,3,80,NA,3,NY,147,1,0,0,0,0,0,0,0,0.0204,0,0.9796,2025-11-17
0.7057,19.971547536,9389,Loudonville,2,62329,175379020,0.5239417071,0.2053896577,26561,0,0,1,Siena College,https://www.siena.edu/,76079,0,00281600,0.026,0.0024,0.0107,0.2864,0.2335,0.6486,3,30,1238,3,NY,3447,0.4584,0.5416,0.0386,0.0015,0.0467,0.0403,0.0902,6e-4,0.0334,0.0064,0.7424,2025-11-17
0.2292,19.512605042,10697,Saratoga Springs,2,81890,454900000,0.6302521008,0.1483146067,19500,0,0,1,Skidmore College,www.skidmore.edu/,69363,0,00281400,0.0194,0,0.0162,0.1686,0.1371,0.798,3,NA,1388,3,NY,2760,0.4134,0.5866,0.0558,0.0011,0.0572,0.0428,0.0978,0.0011,0.0866,0.0163,0.6413,2025-11-17
0.714,24.009990485,9239,Brooklyn,2,39254,57336000,0.686489058,0.3757412399,22000,0,0,1,St. Joseph's University-New York,www.sjny.edu/,63905,0,00282500,0.3113,0,0.0072,0.168,0.3422,1,3,NA,1170,3,NY,3343,0.324,0.676,0.0242,0.0021,0.0416,0.0885,0.2178,0.0012,0.0305,0.0526,0.5414,2025-11-17
1,26.870786517,9010,Utica,2,28850,NA,0.9269662921,0.4135802469,14250,0,0,2,Saint Elizabeth College of Nursing,https://www.secon.edu/,72122,0,00646100,0,0,0,0,0.3972,1,2,30,NA,2,NY,146,0.1507,0.8493,0.0342,0,0.0616,0.0411,0.0479,0,0,0,0.8151,2025-11-17
0.678,21.106944444,9601,Rochester,2,52514,132548768,0.6097222222,0.2521994135,23250,0,0,1,St. John Fisher University,https://www.sjf.edu/,66944,0,00282100,0.0697,0,0.0136,0.2258,0.2815,1,3,30,1207,3,NY,2579,0.4192,0.5808,0.0186,0.0035,0.0384,0.0527,0.0717,8e-4,0.0031,0.0112,0.79990000000000006,2025-11-17
0.7967,19.701235016,13140,Queens,2,61931,868932000,0.5904467853,0.3164556962,25000,0,0,1,St. John's University-New York,www.stjohns.edu/,69571,0,00282300,0.0535,0,0.0043,0.2536,0.2367,0.4589,3,30,1215,3,NY,9742,0.4563,0.5437,0.045,0.0011,0.1612,0.154,0.2313,9e-4,0.0325,0.0102,0.3639,2025-11-17
NA,22.275990099,6163,Loch Sheldrake,1,16693,620061,0.5148514851,0.4975922953,10150,0,0,2,Sullivan County Community College,https://www.sunysullivan.edu/,38354,0,00287900,0,0,0,0.1091,0.2671,0.4267,2,NA,NA,2,NY,916,0.4443,0.5557,0.0513,0.0066,0.0142,0.1856,0.3308,0.0011,0.0251,0.0338,0.3515,2025-11-17
0.8175,20.994094488,6397,Alfred,1,23982,7414962,0.3602362205,0.3327526132,13750,0,0,1,SUNY College of Technology at Alfred,www.alfredstate.edu/,50445,0,00285400,0,9e-4,0,0.0929,0.448,0.7406,2,NA,1059,2,NY,3510,0.6313,0.36870000000000003,0.0493,0.0031,0.0066,0.1225,0.1279,0.0011,0.0028,0.0011,0.6855,2025-11-17
0.9634,22.485432099,7626,Canton,1,23169,14969511,0.5713580247,0.3698092031,20000,0,0,1,SUNY College of Technology at Canton,www.canton.edu/,47860,0,00285500,0,0.0063,0,0.0995,0.4723,0.5512,3,NA,NA,3,NY,2778,0.4345,0.5655,0.0353,0.0155,0.0277,0.1098,0.1123,7e-4,0.0194,0.027,0.6523,2025-11-17
0.8841,21.982938389,6748,Delhi,1,26285,7922088,0.5075829384,0.3786565547,15180,0,0,1,SUNY College of Technology at Delhi,www.delhi.edu/,51629,0,00285700,0,0,0,0.1299,0.461,0.6667,3,NA,NA,2,NY,2597,0.4994,0.5006,0.0312,0.0015,0.0189,0.1652,0.1898,0.0012,0.0015,0.0308,0.5599,2025-11-17
0.8325,20.544108178,7223,Cobleskill,1,27108,10586312,0.5370251127,0.3289760349,16023,0,0,1,SUNY College of Agriculture and Technology at Cobleskill,www.cobleskill.edu/,45030,0,00285600,0.0249,0,0,0.089,0.4251,0.6392,3,NA,1060,3,NY,1776,0.4296,0.5704,0.0282,0.0017,0.0175,0.0878,0.1419,0.0011,0.0096,0.0253,0.6869,2025-11-17
0.6912,22.485995232,9211,Farmingdale,1,17146,4867115,0.4639451728,0.397044004,14718,0,1,1,Farmingdale State College,www.farmingdale.edu/,69781,0,00285800,0,0,0.0067,0.1838,0.3575,0.3492,3,NA,1104,3,NY,9117,0.5949,0.4051,0.0365,0.0029,0.1302,0.1057,0.2901,0.0021,0.0223,0.0033,0.4069,2025-11-17
0.9123,21.307874763,7029,Morrisville,1,26031,3135487,0.4966793169,0.3506146446,18742,0,0,1,SUNY Morrisville,www.morrisville.edu/,43295,0,00285900,0,0,0,0.0928,0.5463,0.6316,2,NA,NA,2,NY,1860,0.5452,0.4548,0.0344,0.0054,0.0134,0.2887,0.1097,5e-4,0.0167,0.007,0.5242,2025-11-17
0.6987,20.611145511,10933,Albany,1,28490,100856595,0.5287925697,0.3008942662,19500,0,0,1,University at Albany,www.albany.edu/,67979,0,00283500,0.0257,0.0123,0.0096,0.1419,0.4212,0.5867,3,NA,NA,3,NY,12100,0.4617,0.5383,0.0401,0.0023,0.0973,0.2342,0.1912,0.0014,0.0336,0.0129,0.387,2025-11-17
0.3773,20.234634462,10739,Vestal,1,29657,134838046,0.5177916757,0.2483826248,18500,0,0,1,Binghamton University,www.binghamton.edu/,80596,0,00283600,0,0.0893,0.0246,0.1343,0.2747,0.7562,3,NA,1415,3,NY,14401,0.4726,0.5274,0.0408,3e-4,0.1839,0.0492,0.1343,3e-4,0.0395,0.0243,0.5273,2025-11-17
0.693,20.669631977,11923,Buffalo,1,29043,907867833,0.427613941,0.2806191117,19000,0,0,1,University at Buffalo,https://www.buffalo.edu/,70814,0,00283700,0,0.1434,0.0215,0.1723,0.3226,0.6881,3,NA,1298,3,NY,20284,0.5384,0.4616,0.0331,0.0049,0.1779,0.0901,0.0883,6e-4,0.1217,0.0331,0.4503,2025-11-17
0.4901,21.160121869,13838,Stony Brook,1,29174,370323490,0.5101557211,0.3614088821,18228,0,0,1,Stony Brook University,https://www.stonybrook.edu/,74502,0,00283800,2e-4,0.0681,0.077,0.1081,0.3837,0.6177,3,NA,1410,3,NY,17420,0.4908,0.5092,0.0312,6e-4,0.3577,0.0604,0.1533,5e-4,0.0817,0.0466,0.2681,2025-11-17
0.8294,20.924450549,9564,Syracuse,1,27958,40351501,0.4697802198,0.2042553191,11000,0,0,1,SUNY College of Environmental Science and Forestry,www.esf.edu/,55763,0,00285100,0,0.1466,0,0.0313,0.2566,0.7174,3,NA,NA,3,NY,1725,0.4655,0.5345,0.0406,0.0017,0.0284,0.0261,0.1084,6e-4,0.0238,0.0226,0.7478,2025-11-17
0.7844,22.76504298,9405,Utica,1,23018,7437760,0.3591212989,0.3052415211,17250,0,0,1,SUNY Polytechnic Institute,www.sunypoly.edu/,64355,0,01167800,0,0.1481,0.0097,0.1715,0.3673,0.4776,3,NA,1248,3,NY,1773,0.6746,0.3254,0.0333,0.0034,0.0801,0.097,0.1083,0,0.0141,0.0023,0.6616,2025-11-17
0.7129,22.237836291,8290,Brockport,1,25635,21853048,0.5812821981,0.3152955896,20000,0,0,1,SUNY Brockport,https://www.brockport.edu/,54496,0,00284100,0.0977,0,0.0049,0.1165,0.3873,0.5942,3,NA,1147,3,NY,5381,0.4135,0.5865,0.0251,0.0035,0.0264,0.1195,0.1002,0,0.0078,0.0361,0.6815,2025-11-17
0.7587,21.234532374,8749,Buffalo,1,23171,78027775,0.5771839671,0.3401759531,21028,0,0,1,SUNY Buffalo State University,https://suny.buffalostate.edu/,52334,0,00284200,0.1521,0,0.0099,0.1223,0.5333,0.5472,3,NA,1080,3,NY,5358,0.4298,0.5702,0.0424,0.0052,0.0651,0.3044,0.1252,4e-4,0.0045,6e-4,0.4522,2025-11-17
0.5071,20.381115612,7301,Cortland,1,26413,47688409,0.5403552509,0.2709096968,21500,0,0,1,State University of New York at Cortland,www2.cortland.edu/,60236,0,00284300,0.3578,0,0.0028,0.0615,0.2685,0.5633,3,NA,NA,3,NY,5896,0.4691,0.5309,0.0219,0.0015,0.0117,0.0405,0.123,5e-4,0.0083,0.0315,0.761,2025-11-17
0.792,20.098531502,7939,Fredonia,1,25331,42205538,0.6082425391,0.2281675921,24250,0,0,1,SUNY at Fredonia,https://www.fredonia.edu/,54247,0,00284400,0.1776,0,0.0107,0.0977,0.3745,0.5669,3,NA,1213,3,NY,2860,0.4241,0.5759,0.0357,0.0045,0.0147,0.072,0.1087,0,0.0143,0.0105,0.7395,2025-11-17
0.6353,19.834839357,8512,Geneseo,1,26461,33700961,0.6189759036,0.1863874346,19500,0,0,1,SUNY College at Geneseo,https://www.geneseo.edu/,67316,0,00284500,0.1935,0,0.0191,0.1363,0.2541,0.6185,3,NA,1296,3,NY,3855,0.3523,0.6477,0.006,0.0044,0.0296,0.0363,0.0669,8e-4,0.0088,0.0304,0.8169,2025-11-17
0.587,21.028475084,8063,New Paltz,1,27034,30059599,0.6354439865,0.3169421488,18750,0,0,1,State University of New York at New Paltz,www.newpaltz.edu/,58073,0,00284600,0.1574,0.0444,0.0102,0.1142,0.3287,0.4841,3,NA,1267,3,NY,6022,0.3632,0.6368,0.0309,2e-4,0.0443,0.0734,0.23,0.001,0.01,0.0242,0.586,2025-11-17
0.7015,20.09214619,7658,Oneonta,1,27258,66608098,0.6084758942,0.2577405858,19812,0,0,1,SUNY Oneonta,https://suny.oneonta.edu/,60386,0,00284700,0.2255,0,0.0122,0.1223,0.3334,0.6,3,NA,1181,3,NY,4820,0.4054,0.5946,0.0247,0.0019,0.0212,0.0579,0.1716,6e-4,0.0012,0.0207,0.7002,2025-11-17
0.8039,20.690869087,7834,Oswego,1,27155,52267406,0.5129262926,0.2781818182,20880,0,0,1,State University of New York at Oswego,https://www.oswego.edu/,57566,0,00284800,0.093,0.0153,0.0058,0.236,0.387,0.6643,3,NA,1177,3,NY,5618,0.4834,0.5166,0.036,0.0018,0.0279,0.1082,0.1401,5e-4,0.0315,0.0025,0.6515,2025-11-17
0.8548,20.457680251,7022,Potsdam,1,24489,41226819,0.5830721003,0.3411488863,24250,0,0,1,SUNY College at Potsdam,www.potsdam.edu/,47866,0,00285000,0.2826,0,0.0073,0.0917,0.4265,0.6821,3,NA,NA,3,NY,1951,0.4172,0.5828,0.0292,0.0154,0.0169,0.0748,0.0984,0.001,0.0108,0.0226,0.7309,2025-11-17
0.7283,21.07367829,7974,Purchase,1,28541,77354169,0.588863892,0.2413793103,21067,0,1,1,SUNY at Purchase College,www.purchase.edu/,45092,0,00679100,0,0,0.025,0,0.3563,0.409,3,NA,1277,3,NY,3110,0.4125,0.5875,0.063,3e-4,0.0383,0.1209,0.2502,0.001,0.0151,0.0071,0.5042,2025-11-17
0.8458,23.1072295,10050,Old Westbury,1,19934,291008,0.615720524,0.3938859494,14997,0,1,1,SUNY Old Westbury,www.oldwestbury.edu/,58526,0,00710900,0.1508,0,0.0064,0.2342,0.4738,0.4223,3,NA,NA,3,NY,3945,0.4144,0.5856,0.0297,0.002,0.1163,0.2454,0.3202,0.002,0.0375,0.0079,0.239,2025-11-17
0.7518,21.075051546,7909,Plattsburgh,1,27415,25521413,0.5880412371,0.3137166139,21196,0,0,1,State University of New York at Plattsburgh,https://www.plattsburgh.edu/,56403,0,00284900,0.0644,0,0.0033,0.2849,0.3854,0.6038,3,NA,1180,3,NY,3789,0.4049,0.5951,0.0272,0.0034,0.0261,0.113,0.1362,0.0016,0.0346,0.019,0.639,2025-11-17
NA,29.012195122,11735,Brooklyn,1,NA,32951564,0.7967479675,0.3791469194,12500,0,0,1,SUNY Downstate Health Sciences University,https://www.downstate.edu/,109601,0,00283900,0,0,0,0,0.078,0.7447,3,NA,NA,3,NY,286,0.1713,0.8287,0.0315,0,0.2238,0.2098,0.1748,0,0.0105,0.0385,0.3112,2025-11-17
NA,33.397232805,8209,Saratoga Springs,1,18221,21985717,0.7136555043,0.4505520883,18730,0,0,1,Empire State University,www.sunyempire.edu/,54080,0,01028600,0.0465,0,0,0.3539,0.35,0.2496,3,NA,NA,3,NY,7046,0.3399,0.6601,0.0298,0.0047,0.0302,0.1537,0.1541,0.002,0.0043,0.1293,0.4919,2025-11-17
0.7851,20.394594595,8525,Throggs Neck,1,28880,9151491,0.1261261261,0.2148288973,23250,0,0,1,SUNY Maritime College,www.sunymaritime.edu/,95951,0,00285300,0,0.41,0,0.1533,0.2062,0.7018,3,NA,1199,3,NY,1242,0.8768,0.1232,0.0266,8e-4,0.0386,0.058,0.1586,8e-4,0.0266,0.0354,0.6546,2025-11-17
NA,26.376923077,6783,Syracuse,1,NA,122897569,0.7307692308,0.3504273504,15000,0,0,1,Upstate Medical University,www.upstate.edu/,92257,0,00284000,0,0,0,0,0.2468,0.746,3,NA,NA,3,NY,117,0.2906,0.7094,0.0085,0,0.0342,0.0855,0.0256,0,0.0171,0.1197,0.7094,2025-11-17
0.4169,20.151344025,12872,Syracuse,2,80396,1759954440,0.5547775017,0.1886792453,26000,0,0,1,Syracuse University,https://www.syracuse.edu/,79164,0,00288200,0.0197,0.0602,0.0091,0.1265,0.1622,0.6697,3,NA,1351,3,NY,15245,0.4474,0.5526,0.0439,0.0056,0.0733,0.0764,0.1153,6e-4,0.1156,0.0162,0.5532,2025-11-17
0.7808,19.15819209,6247,Brooklyn,2,19724,NA,PS,PS,PS,0,0,1,Talmudical Seminary Oholei Torah,www.tsot.edu/,39230,0,01201100,0,0,0,0,0.6006,0.7692,3,NA,NA,2,NY,353,1,0,0,0,0,0,0,0,0.1133,0,0.8867,2025-11-17
NA,22.721989772,8183,Dryden,1,19349,18748142,0.539748954,0.4035464804,15750,0,0,2,Tompkins Cortland Community College,www.tompkinscortland.edu/,40707,0,00678800,0,0.0024,0,0.1095,0.1718,0.9839,2,NA,NA,2,NY,1456,0.3846,0.6154,0.0488,7e-4,0.0247,0.0755,0.1051,0,0.022,0.0927,0.6305,2025-11-17
0.6301,26.6415593,9587,New York,2,37824,39297000,0.742979848,0.3827940016,15547,0,0,1,Touro University,https://www.touro.edu/,53419,0,01014200,0.0078,0,0.0064,0.1193,0.3232,0.4038,3,NA,1365,3,NY,4004,0.3147,0.6853,0.0137,0.0015,0.0257,0.1336,0.1134,0.0015,0.0325,0.1371,0.541,2025-11-17
0.8301,26.403966597,7913,Buffalo,2,29500,32851364,0.8893528184,0.4330985915,20000,0,0,1,Trocaire College,https://trocaire.edu/,55318,0,00281200,0,0,0,0.0024,0.5,0.1598,2,30,NA,2,NY,962,0.1268,0.8732,0.0052,0.0104,0.0343,0.3035,0.0728,0.0021,0.0031,0.0842,0.4844,2025-11-17
NA,23.26118068,6645,Stone Ridge,1,12927,6633591,0.6010733453,0.4686192469,10000,0,0,2,Ulster County Community College,https://www.sunyulster.edu/,41896,0,00288000,0,0.0127,0,0.112,0.1587,0.5941,2,NA,NA,2,NY,1265,0.4372,0.5628,0.0451,8e-4,0.0182,0.0719,0.2174,0,0.0111,0.0538,0.5818,2025-11-17
0.4379,19.473229706,12109,Schenectady,2,81627,501800000,0.4956822107,0.13003663,25337,0,0,1,Union College,www.union.edu/,88604,0,00288900,0,0.1799,0.021,0.0304,0.1315,0.9119,3,NA,1410,3,NY,2070,0.5498,0.4502,0.0338,0.0014,0.0686,0.0401,0.0908,0.001,0.101,0.0019,0.6614,2025-11-17
NA,18.031862745,4244,Brooklyn,2,21624,NA,PS,PS,PS,0,0,1,United Talmudical Seminary,utsny.edu/,25113,0,01118900,0,0,0,0,0.856,0.5556,3,80,NA,3,NY,2006,1,0,0,0,0,0,0.001,0,0.0294,0,0.9696,2025-11-17
0.3247,19.811881188,11060,Kings Point,1,9547,NA,0.2178217822,PS,8833,0,0,1,United States Merchant Marine Academy,https://www.usmma.edu/,90610,0,00289200,0,0.5205,0,0,0.073,0.7808,3,NA,1226,3,NY,947,0.8215,0.1785,0.0686,0.0011,0.0454,0.0201,0.0855,0.0053,0,0.0021,0.7719,2025-11-17
0.1398,NA,12045,West  Point,1,NA,25304864,NA,NA,NA,0,0,1,United States Military Academy,www.westpoint.edu/,NA,0,00289300,0,0.2212,0.0208,0.054,NA,0.9844,3,NA,1355,NA,NY,4439,0.7808,0.2192,0.0137,0.0083,0.1104,0.1063,0.1104,0.007,0.0128,7e-4,0.6303,2025-11-17
0.8719,23.991803279,8816,Utica,2,36845,35470959,0.6048317515,0.3156398104,22500,0,0,1,Utica University,https://www.utica.edu/,63277,0,00288300,0.0186,0,0.0053,0.0878,0.2961,0.4605,3,NA,1130,3,NY,2477,0.4195,0.5805,0.0315,0.0061,0.0355,0.0945,0.0945,0.0016,0.0077,0.0638,0.6649,2025-11-17
0.1773,19.445205479,13004,Poughkeepsie,2,83573,1196336464,0.5671232877,0.1418439716,18625,0,0,1,Vassar College,www.vassar.edu/,71366,0,00289500,0.0176,0,0.0529,0,0.2086,0.8368,3,NA,1513,3,NY,2430,0.379,0.621,0.0831,4e-4,0.1181,0.0387,0.1189,0,0.0671,0.023,0.5506,2025-11-17
0.8668,22.266393443,5160,Buffalo,2,33719,1899768,0.5881147541,0.3789731051,21250,0,0,1,Villa Maria College,https://www.villa.edu/,38857,0,00289600,0,0.0111,0,0.1333,0.6086,0.4066,3,30,NA,2,NY,536,0.4776,0.5224,0.0784,0.0075,0.0466,0.3657,0.0746,0,0,0.0019,0.4254,2025-11-17
0.8346,20.273794003,7478,Staten Island,2,63007,96515341,0.6245110821,0.2845303867,25000,0,0,1,Wagner College,www.wagner.edu/,74360,0,00289900,0.0079,0,0.0105,0.1316,0.227,1,3,67,1234,3,NY,1579,0.3965,0.6035,0.0336,0.0019,0.0424,0.0709,0.1564,0.0013,0.0754,0.0494,0.5687,2025-11-17
0.2,19.375,11236,Glen Cove,2,78140,66531950,PS,PS,PS,0,0,1,Webb Institute,www.webb.edu/,NA,0,00290000,0,1,0,0,0.0882,0.6667,3,NA,1480,3,NY,105,0.7524,0.2476,0.0476,0,0.0286,0,0.0762,0,0,0.0571,0.7905,2025-11-17
NA,23.148646053,10759,Valhalla,1,15172,NA,0.5561743806,0.488103998,10400,0,1,2,SUNY Westchester Community College,www.sunywcc.edu/,46822,0,00288100,0.0087,0.0087,0,0.1606,0.3513,0.2431,2,NA,NA,2,NY,7788,0.472,0.528,0.024,0.0024,0.0374,0.1721,0.494,0.0013,0.0209,0.0252,0.2228,2025-11-17
NA,20.300171527,NA,Pottersville,2,21300,NA,0.5283018868,0.2300724638,12000,0,0,2,Word of Life Bible Institute,www.wordoflife.edu/,36173,0,01185900,0,0,0,0,0.386,NA,1,42,NA,1,NY,549,0.4699,0.5301,0.0036,0.0036,0.0146,0.0328,0.0546,0,0.1293,0.0692,0.6922,2025-11-17
NA,20.695652174,4945,Brooklyn,2,17595,NA,PS,PS,PS,0,0,1,Yeshiva Karlin Stolin,https://yeshivakarlinstolin.org/,NA,0,02505800,0,0,0,0,0.7869,NA,3,NA,NA,3,NY,136,1,0,0,0,0,0,0,0,0,0,1,2025-11-17
0.7021,20.565217391,6796,Brooklyn,2,21071,NA,PS,PS,PS,0,0,1,Yeshiva Derech Chaim,https://ydc.edu/,NA,0,02265100,0,0,0,0,0.3964,0.6,3,NA,NA,3,NY,119,1,0,0,0,0,0,0,0,0.084,0,0.916,2025-11-17
NA,18.416666667,2529,Chester,2,22800,NA,PS,PS,PS,0,0,1,Yeshiva of Nitra Rabbinical College,yeshivaofnitra.org/,41785,0,01167000,0,0,0,0,0.7788,0.7895,3,NA,NA,3,NY,249,1,0,0,0,0,0,0,0,0,0,1,2025-11-17
0.6375,19.572649573,13307,New York,2,69117,518348000,0.5162393162,0.1438596491,18250,0,0,1,Yeshiva University,www.yu.edu/,71353,0,00290300,0.0066,0,0.0075,0.1953,0.1406,0.9972,3,NA,1410,3,NY,2942,0.5483,0.4517,0.0058,3e-4,0.001,0.0017,0.0204,0,0.0629,0.3114,0.5965,2025-11-17
0.9373,18.030456853,3015,Monsey,2,16896,147,PS,PS,PS,0,0,1,Yeshivath Viznitz,https://yeshivathviznitz.com/,NA,0,01302700,0,0,0,0,0.8095,0.5698,3,NA,NA,3,NY,921,1,0,0,0,0,0,0,0,0.0054,0,0.9946,2025-11-17
0.5217,19.472727273,5159,South Fallsburg,2,22100,NA,PS,PS,PS,0,0,1,Yeshivath Zichron Moshe,https://yeshivathzichronmoshe.com/,NA,0,01182100,0,0,0,0,0.5031,NA,2,NA,NA,2,NY,176,1,0,0,0,0,0,0,0,0.0625,0,0.9375,2025-11-17
NA,24.940880503,6326,Elizabeth City,1,13202,5824254,0.6540880503,0.4525862069,PS,0,0,2,College of the Albemarle,www.albemarle.edu/,33234,0,00291700,0.0292,0,0,0.0892,0.1876,0.2563,2,NA,NA,2,NC,1271,0.3407,0.6593,0.0315,0.0016,0.0063,0.1471,0.0787,8e-4,0.074,0.0456,0.6145,2025-11-17
NA,25.671840355,5937,Polkton,1,12511,2743120,0.7050997783,0.4736147757,PS,0,0,2,South Piedmont Community College,https://www.spcc.edu/,37308,0,00798500,0.0546,0.0019,0,0.1111,0.1774,0.3734,2,NA,NA,1,NC,1555,0.3395,0.6605,0.0354,0.0051,0.0167,0.2032,0.2,6e-4,0.009,0.0379,0.492,2025-11-17
0.8864,21.07693575,8995,Boone,1,22654,190712711,0.5749588138,0.2500863558,20231,0,0,1,Appalachian State University,https://www.appstate.edu/,51836,0,00290600,0.0939,0,0.0086,0.2192,0.257,0.775,3,NA,1187,3,NC,19304,0.4378,0.5622,0.0463,0.0017,0.0178,0.0306,0.088,2e-4,0.0028,0.0058,0.8068,2025-11-17
NA,26.613138686,5798,Asheville,1,16063,6983735,0.582898853,0.3876208897,15528,0,0,2,Asheville-Buncombe Technical Community College,www.abtech.edu/,36048,0,00403300,0.0192,0.0041,0,0.0838,0.2941,0.2949,1,NA,NA,2,NC,4909,0.3883,0.6117,0.0293,0.0067,0.0171,0.054,0.1499,0.0026,0.0139,0.032,0.6944,2025-11-17
0.9587,23.259504132,6679,Wilson,2,48055,29122201,0.7305785124,0.3500931099,25877,0,0,1,Barton College,https://www.barton.edu/,47913,0,00290800,0.0508,0,0,0.178,0.369,0.9655,3,61,NA,3,NC,1020,0.5186,0.4814,0.0098,0.0049,0.0039,0.2706,0.1127,0,0.049,0.002,0.5471,2025-11-17
NA,25.968220339,5677,Washington,1,15189,3272987,0.7012711864,0.4951923077,PS,0,0,2,Beaufort County Community College,www.beaufortccc.edu/,32519,0,00855800,0.0362,0,0,0.1623,0.3111,0.3061,2,NA,NA,2,NC,1560,0.3365,0.6635,0.0269,0.0013,0.0032,0.3045,0.1404,0,0.0013,0.0487,0.4737,2025-11-17
0.9038,23.723964868,6584,Belmont,2,32494,12195801,0.5181932246,0.2736982644,26000,0,0,1,Belmont Abbey College,www.belmontabbeycollege.edu/,47937,0,00291000,0.0564,0,0.0075,0.3308,0.2542,0.6184,3,30,1082,3,NC,1454,0.5337,0.4663,0.0241,0.0014,0.0151,0.0839,0.086,0.0034,0.0406,0.1059,0.6396,2025-11-17
0.3361,19.543252595,6164,Greensboro,2,39900,14267353,PS,0.316872428,28130,1,0,1,Bennett College,https://www.bennett.edu/,36654,0,00291100,0.0556,0,0.0278,0.1667,0.75,0.3175,3,71,890,3,NC,191,0,1,0.2042,0.0052,0.0052,0.5393,0.0262,0,0.0524,0.1623,0.0052,2025-11-17
NA,25.861437908,6732,Dublin,1,11271,962366,0.7137254902,0.4740061162,PS,0,0,2,Bladen Community College,https://bladencc.edu/,30591,1,00798700,0.0659,0.0029,0,0.0544,0.6708,0.525,2,NA,NA,2,NC,880,0.3261,0.6739,0.042,0.1352,0,0.2557,0.1398,0.0045,0.0023,0.0216,0.3989,2025-11-17
NA,26.56691254,6226,Flat Rock,1,13097,16709448,0.5690200211,0.4593639576,12000,0,0,2,Blue Ridge Community College,www.blueridge.edu/,36324,0,00968400,0.0424,0.0087,0,0.2085,0.3281,0.2578,1,NA,NA,1,NC,1788,0.3602,0.6398,0,0.0073,0.0157,0.0531,0.1544,0,0.0157,0.0442,0.7097,2025-11-17
0.395,20.122621564,5869,Brevard,2,45413,34470393,0.4186046512,0.2946428571,25000,0,0,1,Brevard College,https://www.brevard.edu/,43545,0,00291200,0.0427,0,0,0.1585,0.3769,1,3,71,1064,3,NC,760,0.6132,0.3868,0.0645,0.0092,0.0105,0.1342,0.0816,0,0.0579,0.0013,0.6408,2025-11-17
NA,25.906349206,5712,Bolivia,1,12767,5484972,0.6412698413,0.4298724954,PS,0,0,2,Brunswick Community College,www.brunswickcc.edu/,36668,0,02170700,0.0435,0.0091,0,0.1449,0.3212,0.2133,2,NA,NA,2,NC,1124,0.3835,0.6165,0.0454,0.0142,0.0018,0.129,0.0925,0.0018,0,0.0222,0.6931,2025-11-17
0.4921,26.815384615,8202,Concord,2,24764,4634799,0.8653846154,0.3699186992,16000,0,0,1,Cabarrus College of Health Sciences,https://cabarruscollege.edu/,58708,0,00647700,0,0,0,0,0.2772,0.4795,2,NA,1020,2,NC,602,0.0814,0.9186,0.0581,0.0033,0.0316,0.2591,0.0831,0.0017,0,0,0.5631,2025-11-17
NA,24.8514377,6445,Hudson,1,15625,115059,0.625399361,0.5032139578,8750,0,0,2,Caldwell Community College and Technical Institute,https://cccti.edu/,34515,0,00483500,0.0274,0,0,0.0734,0.2914,0.3299,2,NA,NA,2,NC,2331,0.3505,0.6495,0.0193,0.0069,0.015,0.0571,0.0922,9e-4,0.009,0.0352,0.7645,2025-11-17
0.9429,23.996165317,9252,Buies Creek,2,58752,190998063,0.5773327652,0.3112033195,22500,0,0,1,Campbell University,https://www.campbell.edu/,54886,0,00291300,0.0751,0.0356,0.004,0.2003,0.3332,0.4841,3,54,NA,3,NC,2790,0.4781,0.5219,0.0462,0.0061,0.0186,0.1552,0.128,0.0014,0.0233,0.0394,0.5817,2025-11-17
NA,25.071518509,6572,Wilmington,1,13977,12982976,0.5648451272,0.3828345567,9500,0,0,2,Cape Fear Community College,www.cfcc.edu/,38654,0,00532000,0.0091,0.0048,0,0.0391,0.1766,0.3224,2,NA,NA,2,NC,9497,0.3974,0.6026,0.032,0.0094,0.0128,0.1005,0.1167,0.0019,0.0035,0.0482,0.6751,2025-11-17
NA,25.843501326,5869,Morehead City,1,21009,2374808,0.6657824934,0.4782608696,PS,0,0,2,Carteret Community College,https://carteret.edu/,33357,0,00808100,0.0035,0.0035,0,0.087,0.3771,0.1739,1,NA,NA,1,NC,1144,0.3287,0.6713,0.0367,0.0044,0.014,0.0935,0.0892,9e-4,0.0052,0.0166,0.7395,2025-11-17
0.777,22.792426367,7974,Salisbury,2,47866,275881040,0.5315568022,0.2992366412,25000,0,0,1,Catawba College,www.catawba.edu/,48793,0,00291400,0.1124,0,0.0161,0.2249,0.3942,0.8148,3,NA,1136,3,NC,1127,0.4827,0.5173,0.0319,0.0035,0.0124,0.2103,0.0976,0.0018,0.0577,0.0319,0.5528,2025-11-17
NA,24.219375873,6138,Hickory,1,18703,4580692,0.5817419655,0.4953424658,4938,0,0,2,Catawba Valley Community College,www.cvcc.edu/,36977,0,00531800,0.0166,0.0014,0,0.1225,0.3253,0.2173,2,NA,NA,2,NC,3517,0.4686,0.5314,0.0367,0.0028,0.0708,0.062,0.1862,0.002,0.0102,0.0142,0.615,2025-11-17
NA,25.879114949,6048,Sanford,1,10451,5965608,0.6637884512,0.4618345093,PS,0,0,2,Central Carolina Community College,www.cccc.edu/,33525,0,00544900,0.0389,0.0064,0,0.1012,0.2474,0.2721,1,NA,NA,1,NC,3255,0.3499,0.6501,0.0384,0.0083,0.0132,0.1859,0.2341,0.0015,0.0015,0.0292,0.4879,2025-11-17
NA,24.489452944,6367,Charlotte,1,10951,42827822,0.5766110338,0.4085784988,7925,0,0,2,Central Piedmont Community College,www.cpcc.edu/,37865,0,00291500,0.0296,0.0097,0,0.0842,0.3868,0.262,2,NA,NA,2,NC,13640,0.4345,0.5655,0.0328,0.0045,0.0438,0.2893,0.1968,0.0012,0.0676,0.024,0.34,2025-11-17
0.7237,20.430307942,7280,Murfreesboro,2,37837,29841113,0.5121555916,0.370405278,29491,0,0,1,Chowan University,https://www.chowan.edu/,38412,0,00291600,0.0516,0,0.0065,0.1484,0.6075,1,3,75,970,3,NC,638,0.616,0.384,0.0361,0.0078,0,0.4984,0.0455,0.0031,0.069,0.0596,0.2806,2025-11-17
NA,26.144518272,6094,Shelby,1,5477,1170613,0.6420265781,0.4858757062,PS,0,0,2,Cleveland Community College,www.clevelandcc.edu/,33755,0,00808200,0.0639,0,0,0.0408,0.4784,0.1906,2,NA,NA,1,NC,1236,0.3835,0.6165,0.0364,0.0024,0.0073,0.1837,0.0542,0.0024,0.0073,0.0243,0.682,2025-11-17
NA,25.926244344,6023,Jacksonville,1,15130,4234216,0.614479638,0.4489583333,PS,0,0,2,Coastal Carolina Community College,www.coastalcarolina.edu/,36444,0,00531600,0.0231,0.0037,0,0.0638,0.3066,0.338,2,NA,NA,1,NC,2682,0.3911,0.6089,0,0.0164,0.0362,0.1879,0.1801,0.0075,0.016,0,0.5559,2025-11-17
NA,25.755490483,6082,New Bern,1,12205,2648754,0.6134699854,0.4514767932,PS,0,0,2,Craven Community College,https://cravencc.edu/,34231,0,00679900,0.0464,0.0094,0,0.0825,0.3426,0.2802,2,NA,NA,2,NC,1877,0.3895,0.6105,0.0597,0.0064,0.0384,0.1854,0.114,0.0021,0.0107,0.0368,0.5466,2025-11-17
NA,26.796643633,6255,Thomasville,1,14779,11957063,0.6589338598,0.4899367453,10500,0,0,2,Davidson-Davie Community College,https://www.davidsondavie.edu/,36337,0,00291900,0.0155,0,0,0.1018,0.3025,0.1888,1,NA,NA,1,NC,2454,0.348,0.652,0.0208,0.0045,0.0175,0.1728,0.1218,0,0,0.024,0.6385,2025-11-17
0.1448,19.438395415,12638,Davidson,2,75865,1316042085,0.4613180516,0.1577380952,18688,0,0,1,Davidson College,https://davidson.edu/,81400,0,00291800,0.0099,0,0.0437,0,0.1655,0.9508,3,66,1448,3,NC,1901,0.4687,0.5313,0.0484,0.0026,0.0589,0.0679,0.101,5e-4,0.0968,0.0121,0.6118,2025-11-17
0.0678,21.316141996,18621,Durham,2,82749,12116260000,0.5465505693,0.1345885635,13000,0,0,1,Duke University,www.duke.edu/,97800,0,00292000,0.0075,0.1275,0.0462,0,0.1274,0.9405,3,71,1539,3,NC,6417,0.4655,0.5345,0.075,0.0017,0.2317,0.0849,0.1077,6e-4,0.0974,0.0399,0.3611,2025-11-17
NA,27.793697479,6370,Durham,1,10745,NA,0.6289915966,0.4234461849,14750,0,0,2,Durham Technical Community College,www.durhamtech.edu/,36142,0,00544800,0.0721,0.0075,0,0.0759,0.3073,0.2008,2,NA,NA,1,NC,3195,0.4072,0.5928,0.0272,0.0022,0.0476,0.3318,0.2291,0.0013,0.0679,0.0326,0.2604,2025-11-17
0.9006,21.91905232,9305,Greenville,1,23689,259073940,0.5933969508,0.2646028037,22750,0,0,1,East Carolina University,https://www.ecu.edu/,55146,0,00292300,0.0716,0.0165,0.0024,0.2079,0.3134,0.7677,3,NA,1143,3,NC,19857,0.43120000000000003,0.5688,0.04,0.0047,0.0259,0.1593,0.0991,8e-4,0.0064,0.0308,0.6329,2025-11-17
NA,29.166666667,6015,Tarboro,1,12607,2720887,0.764868603,0.5399334443,15917,0,0,2,Edgecombe Community College,www.edgecombe.edu/,33267,0,00885500,0.0391,0,0,0.1057,0.4702,0.2367,1,NA,NA,2,NC,938,0.2047,0.7953,0.0171,0.0085,0.0064,0.5469,0.081,0.0011,0.0064,0.0288,0.3038,2025-11-17
0.7049,21.916923077,8349,Elizabeth City,1,18837,16946983,0.5230769231,0.3745704467,21463,1,0,1,Elizabeth City State University,https://www.ecsu.edu/,40026,0,00292600,0.0656,0,0.0055,0.1093,0.5253,0.7324,3,NA,NA,3,NC,1863,0.46,0.54,0.059,0.0064,0.0059,0.6849,0.0478,5e-4,0.014,0.0123,0.1691,2025-11-17
0.6731,19.548833189,10112,Elon,2,59369,317793839,0.5799481417,0.0909090909,20500,0,0,1,Elon University,https://www.elon.edu/,74545,0,00292700,0.032,0.0102,0.0163,0.2808,0.0915,0.8119,3,NA,1222,3,NC,6402,0.4121,0.5879,0.0261,0.0011,0.0231,0.053,0.0683,2e-4,0.0222,0.0219,0.7843,2025-11-17
NA,27.656324919,7241,Fayetteville,1,11845,39050,0.6231843181,0.4509353462,11500,0,0,2,Fayetteville Technical Community College,https://www.faytechcc.edu/,31861,0,00764000,0.0519,0.002,0,0.1235,0.3436,0.4516,2,NA,NA,1,NC,8814,0.3738,0.6262,0.0405,0.0307,0.0192,0.398,0.1459,0.005,0.0073,0.0231,0.3303,2025-11-17
0.7989,26.889506375,8899,Fayetteville,1,16098,31970629,0.6982674076,0.4089541008,22987,1,0,1,Fayetteville State University,https://www.uncfsu.edu/,40144,0,00292800,0.0565,0,0.0037,0.1974,0.5259,0.7715,3,NA,972,3,NC,5493,0.3104,0.6896,0.0577,0.012,0.0118,0.6328,0.0999,9e-4,0.0095,0.0215,0.1538,2025-11-17
NA,26.026686808,6303,Winston-Salem,1,11617,1112012,0.6097683787,0.444701795,10000,0,0,2,Forsyth Technical Community College,https://www.forsythtech.edu/,34139,0,00531700,0.0466,0.0066,0,0.0876,0.411,1,2,NA,NA,2,NC,6939,0.3611,0.6389,0.0382,0.0043,0.0179,0.2732,0.208,0.0014,0.0147,0.0458,0.3965,2025-11-17
0.8702,25.118012422,6741,Boiling Springs,2,48813,70429816,0.6739130435,0.354704413,24222,0,0,1,Gardner-Webb University,www.gardner-webb.edu/,48039,0,00292900,0.0841,0,0.0114,0.1682,0.2682,0.9922,3,75,1146,3,NC,1836,0.3627,0.6373,0.0202,0.0054,0.0098,0.158,0.0403,0.0016,0.0016,0.2647,0.4984,2025-11-17
NA,25.461789947,6217,Dallas,1,16008,5799149,0.6787903555,0.4826932195,PS,0,0,2,Gaston College,www.gaston.edu/,35386,0,00297300,0.0161,0.0037,0,0.1278,0.2611,1,1,NA,NA,2,NC,3359,0.3471,0.6529,0.0339,0.0027,0.0095,0.187,0.109,0.0012,0.0095,0.1411,0.5061,2025-11-17
0.9205,21.827079935,6115,Greensboro,2,34729,26476365,0.4420880914,0.315978456,25607,0,0,1,Greensboro College,https://www.greensboro.edu/,46566,0,00293000,0.0172,0,0,0.1983,0.4507,1,3,71,NA,3,NC,656,0.6372,0.3628,0.061,0.003,0.0076,0.3369,0.1006,0.0015,0,0.0412,0.4482,2025-11-17
0.8376,22.950839329,6999,Greensboro,2,55495,84860763,0.5011990408,0.2632275132,26000,0,0,1,Guilford College,https://www.guilford.edu/,47590,0,00293100,0.0714,0,0.0045,0.1071,0.4358,0.5672,3,65,1120,3,NC,1011,0.4847,0.5153,0.0554,0.003,0.0227,0.272,0.1592,0.001,0.0188,0.0059,0.4619,2025-11-17
NA,26.293501903,7057,Jamestown,1,18425,3998755,0.5761283306,0.4366756714,14901,0,0,2,Guilford Technical Community College,www.gtcc.edu/,33934,0,00483800,0.0372,0.0031,0,0.1074,0.4136,0.3695,2,NA,NA,2,NC,8179,0.4175,0.5825,0.0347,0.0065,0.0477,0.3618,0.1543,0.001,0.0161,0.0333,0.3447,2025-11-17
NA,24.56626506,6068,Weldon,1,11481,1731810,0.6419965577,0.5560081466,PS,0,0,2,Halifax Community College,halifaxcc.edu/,31644,0,00798600,0.0172,0,0,0.0458,0.3106,0.1765,2,NA,NA,1,NC,540,0.2648,0.7352,0.013,0.0389,0.0037,0.4704,0.0556,0.0019,0.0074,0.0556,0.3537,2025-11-17
NA,27.802538787,6235,Clyde,1,13546,9998847,0.6361071932,0.424437299,PS,0,0,2,Haywood Community College,https://www.haywood.edu/,34770,0,00808300,0.1306,0.0024,0,0.1401,0.31,0.256,1,NA,NA,1,NC,793,0.3796,0.6204,0.0164,0.0126,0.0063,0.0567,0.0757,0.0013,0,0.0378,0.7932,2025-11-17
0.7683,19.443148688,8579,High Point,2,61582,138711571,0.6333819242,0.1477869467,24575,0,0,1,High Point University,www.highpoint.edu/,61389,0,00293300,0.0282,0.0019,0.0075,0.3898,0.105,0.9974,3,71,1242,3,NC,4970,0.4535,0.5465,0.0058,0.0042,0.0213,0.074,0.0801,6e-4,0.0028,0.0491,0.762,2025-11-17
NA,24.927950311,6470,Spindale,1,13601,14897633,0.5863354037,0.5138888889,PS,0,0,2,Isothermal Community College,https://www.isothermal.edu/,33325,0,00293400,0.0399,0.0046,0,0.1674,0.3433,0.3393,1,NA,NA,1,NC,1056,0.3258,0.6742,0.0407,0.0047,0.0038,0.1127,0.09,0,0.0076,0.0256,0.715,2025-11-17
NA,25.257253385,5618,Kenansville,1,12530,1500189,0.665377176,0.5197215777,PS,0,1,2,James Sprunt Community College,jamessprunt.edu/,29307,0,00768700,0.1134,0,0,0.1412,0.3833,0.1741,1,NA,NA,2,NC,761,0.2917,0.7083,0.021,0.0053,0.0026,0.2904,0.2326,0.0013,0.0118,0.0158,0.4192,2025-11-17
0.4287,23.284491979,7307,Charlotte,2,34228,63445686,0.5860962567,0.3644171779,30000,1,0,1,Johnson C Smith University,https://www.jcsu.edu/,42680,0,00293600,0,0,0,0.2056,0.6778,0.5563,3,NA,NA,3,NC,1047,0.4909,0.5091,0.0019,0.0057,0.0019,0.7765,0.0038,0.001,0.0105,0.1929,0.0057,2025-11-17
NA,25.382394366,7114,Smithfield,1,12582,7608694,0.7070422535,0.4661654135,PS,0,0,2,Johnston Community College,https://www.johnstoncc.edu/,37310,0,00933600,0.0294,0.0147,0,0.0588,0.2317,0.2606,2,NA,NA,2,NC,2998,0.3626,0.6374,0.0243,0.005,0.0073,0.1591,0.2115,0.001,0.0037,0.02,0.568,2025-11-17
0.8075,25.192245557,5630,Banner Elk,2,45886,36350969,0.6672051696,0.401384083,17375,0,0,1,Lees-McRae College,www.lmc.edu/,43415,0,00293900,0.1043,0,0,0.0664,0.3743,0.521,3,66,NA,3,NC,817,0.3329,0.6671,0.0147,0.0086,0.0171,0.0832,0.0526,0.0024,0.0404,0.0404,0.7405,2025-11-17
NA,26.529891304,5608,Kinston,1,15604,6431567,0.6557971014,0.4756756757,PS,0,0,2,Lenoir Community College,https://www.lenoircc.edu/,33866,0,00294000,0.0242,0,0,0.1355,0.4156,1,2,NA,NA,1,NC,1311,0.3219,0.6781,0.0305,0.0046,0.0076,0.3471,0.119,0.0023,0,0,0.4889,2025-11-17
0.8068,20.438730853,7762,Hickory,2,57649,136615092,0.6028446389,0.3166069295,26000,0,0,1,Lenoir-Rhyne University,www.lr.edu/,45543,0,00294100,0.0808,0,0.006,0.2186,0.3976,1,3,39,NA,3,NC,1348,0.4503,0.5497,0.0512,0.0059,0.0215,0.138,0.0875,7e-4,0.069,0.0215,0.6046,2025-11-17
0.7409,20.410152284,5885,Salisbury,2,28227,6000038,0.4913705584,0.3921800948,31125,1,0,1,Livingstone College,livingstone.edu/,32600,0,00294200,0.0345,0,0.0172,0.1983,0.8393,0.8056,3,24,NA,3,NC,798,0.5865,0.4135,0.0451,0.005,0.0013,0.891,0.005,0.0013,0.0301,0.0075,0.0138,2025-11-17
0.3205,19.669735328,4535,Louisburg,2,36813,14800915,0.333716916,0.3346153846,12000,0,0,2,Louisburg College,www.louisburg.edu/,34818,0,00294300,0,0,0,0.1402,0.6437,0.3929,2,71,NA,2,NC,413,0.7385,0.2615,0.0242,0,0.0048,0.6586,0.0702,0.0024,0.0097,0,0.23,2025-11-17
0.7789,21.237362637,5885,Mars Hill,2,48794,60595250,0.5637362637,0.3440094899,26000,0,0,1,Mars Hill University,www.mhu.edu/,44781,0,00294400,0.0725,0,0.0052,0.1554,0.4225,1,3,NA,NA,3,NC,995,0.5166,0.4834,0.007,0.008,0.0131,0.1799,0.0985,0.002,0.0422,0.0191,0.6302,2025-11-17
NA,27.671232877,6224,Williamston,1,11800,NA,0.7762557078,0.5414364641,PS,0,0,2,Martin Community College,www.martincc.edu/,26016,0,00798800,0.0193,0,0,0.139,0.2494,0.1867,1,NA,NA,2,NC,302,0.2285,0.7715,0.0066,0.0066,0,0.4338,0.0066,0,0.0033,0.0166,0.5265,2025-11-17
NA,24.730666667,6245,Spruce Pine,1,14101,5451353,0.648,0.5164179104,PS,0,0,2,Mayland Community College,https://www.mayland.edu/,34663,0,01119700,0,0,0,0.0631,0.2558,0.2647,1,NA,NA,1,NC,371,0.3881,0.6119,0.0081,0.0135,0,0.0081,0.0566,0.0054,0,0.027,0.8814,2025-11-17
NA,26.831753555,5492,Marion,1,16949,794234,0.7014218009,0.4986595174,PS,0,0,2,McDowell Technical Community College,https://www.mcdowelltech.edu/,33035,0,00808500,0.0416,0,0,0.1351,0.3673,0.2658,1,NA,NA,2,NC,614,0.3713,0.6287,0.1254,0.0016,0.013,0.0326,0.0961,0,0,0.0261,0.7052,2025-11-17
0.7466,21.390625,7707,Raleigh,2,55557,124715059,0.9795673077,0.2199488491,25000,0,0,1,Meredith College,www.meredith.edu/,51539,0,00294500,0.0124,0,0.0497,0.1925,0.3276,1,3,NA,1224,3,NC,1288,0,1,0.0326,0.0031,0.0481,0.0901,0.1677,0.0016,0.0225,0.0116,0.6227,2025-11-17
0.752,23.121035058,7731,Fayetteville,2,53585,40925875,0.4565943239,0.3206865402,27000,0,0,1,Methodist University,www.methodist.edu/,48050,0,00294600,0.0474,0.0237,0,0.2648,0.3867,0.4464,3,71,1201,3,NC,1425,0.5551,0.4449,0.0267,0.0112,0.0112,0.2196,0.1018,0.0021,0.0632,0.1004,0.4639,2025-11-17
NA,24.895204263,6074,Statesville,1,15679,3538955,0.6323268206,0.4906444906,PS,0,0,2,Mitchell Community College,https://www.mitchellcc.edu/,33298,0,00294700,0.0131,0.0071,0,0.107,0.2141,0.2242,1,NA,NA,2,NC,1692,0.4184,0.5816,0.0461,0.0065,0.026,0.1271,0.1566,0,0,0.0012,0.6365,2025-11-17
NA,26.879056047,5587,Troy,1,14100,3660742,0.7197640118,0.4524590164,PS,0,1,2,Montgomery Community College,www.montgomery.edu/,32742,0,00808700,0.0394,0.0025,0,0.1133,0.2829,0.2993,1,NA,NA,1,NC,854,0.4941,0.5059,0.0176,0.007,0.0211,0.1651,0.2635,0,0,0.0164,0.5094,2025-11-17
0.6555,23.186295503,6316,Montreat,2,45829,9352858,0.4946466809,0.3033707865,25813,0,0,1,Montreat College,https://www.montreat.edu/,45151,0,00294800,0.0519,0,0,0.2013,0.4037,0.3642,3,42,NA,3,NC,750,0.54,0.46,0.0093,0.0227,0.0107,0.12,0.012,0.0213,0.0093,0.1867,0.608,2025-11-17
0.7775,30.032875368,7456,Mount Olive,2,35362,36321119,0.7031403337,0.4325068871,27209,0,0,1,University of Mount Olive,https://umo.edu/,47139,0,00294900,0.1634,0,0,0.214,0.4695,1,3,100,1020,3,NC,1754,0.3387,0.6613,0.0582,0.0068,0.0063,0.2491,0.1049,6e-4,0.041,0.0125,0.5205,2025-11-17
NA,26.58489348,5686,Rocky Mount,1,11198,7838308,0.6468689477,0.5313207547,11500,0,0,2,Nash Community College,https://www.nashcc.edu/,34912,0,00855700,0.0163,0.0385,0,0.0991,0.2934,0.3759,2,NA,NA,1,NC,1422,0.3706,0.6294,0.0239,0.019,0.0091,0.3502,0.1146,7e-4,0.0077,0.0169,0.4578,2025-11-17
0.4617,21.353443143,9611,Greensboro,1,19180,164541130,0.569954356,0.2808621816,27000,1,0,1,North Carolina A & T State University,www.ncat.edu/,44440,0,00290500,0.0156,0.1545,0.0039,0.1116,0.5066,0.5945,3,NA,1048,3,NC,11925,0.3736,0.6264,0.0424,0.002,0.0042,0.8558,0.0458,2e-4,0.0052,0.0107,0.0336,2025-11-17
0.9389,22.01525747,8881,Asheville,1,21061,70019951,0.6122059758,0.2183984116,20500,0,0,1,University of North Carolina Asheville,https://new.unca.edu/,44030,0,00290700,0,0.0315,0.015,0.0975,0.3133,0.7619,3,NA,1247,3,NC,2790,0.4122,0.5878,0.048,0.0022,0.0143,0.0545,0.0968,0,0.0154,0.0258,0.743,2025-11-17
0.1874,20.319682676,14471,Chapel Hill,1,25181,5317830265,0.6196397942,0.1993713516,14000,0,0,1,University of North Carolina at Chapel Hill,https://www.unc.edu/,72200,0,00297400,0.023,0.0301,0.0406,0.0965,0.2026,0.7772,3,NA,1454,3,NC,20556,0.3925,0.6075,0.0515,0.0032,0.1483,0.0818,0.0979,4e-4,0.0531,0.0232,0.5407,2025-11-17
0.8021,22.018143962,11366,Charlotte,1,22034,306480982,0.5223081499,0.2840072549,21500,0,0,1,University of North Carolina at Charlotte,https://www.charlotte.edu/,57289,0,00297500,0.0329,0.0864,0.0136,0.1905,0.3378,0.712,3,NA,1202,3,NC,23567,0.516,0.484,0.0506,0.0029,0.104,0.1697,0.1473,6e-4,0.0217,0.0179,0.4853,2025-11-17
0.8983,22.526289744,9441,Greensboro,1,19628,366330210,0.6852653718,0.3127645051,22858,0,0,1,University of North Carolina at Greensboro,www.uncg.edu/,48160,0,00297600,0.0543,0,0.0048,0.1755,0.471,0.7659,3,NA,1187,3,NC,13848,0.3357,0.6643,0.0526,0.0023,0.0579,0.3067,0.1661,7e-4,0.0121,0.0114,0.3902,2025-11-17
0.9049,22.54395766,9398,Durham,1,25618,56943166,0.6721552485,0.3286619953,28250,1,0,1,North Carolina Central University,https://www.nccu.edu/,42968,0,00295000,0.0165,0,0.0031,0.1329,0.5664,0.7042,3,NA,1023,3,NC,5400,0.2957,0.7043,0.045,0.0024,0.0098,0.8354,0.0541,4e-4,0.0031,0.0098,0.04,2025-11-17
0.331,20.412742382,8636,Winston Salem,1,25553,126643244,0.5207756233,PS,23870,0,0,1,University of North Carolina School of the Arts,www.uncsa.edu/,38357,0,00398100,0,0,0,0,0.2478,0.7143,3,NA,1250,3,NC,902,0.3836,0.6164,0.0599,0.0033,0.0277,0.1098,0.1486,0.0022,0.0299,0.0222,0.5965,2025-11-17
0.3985,20.854061121,12434,Raleigh,1,25613,2018242485,0.4999182873,0.1929167376,20121,0,0,1,North Carolina State University at Raleigh,www.ncsu.edu/,68758,0,00297200,0.0263,0.2325,0.0221,0.1754,0.191,0.8723,3,NA,1380,3,NC,26389,0.5016,0.4984,0.048,0.0037,0.0958,0.0579,0.0851,7e-4,0.0233,0.0108,0.6746,2025-11-17
0.7795,28.49009247,6554,Rocky Mount,2,48263,13326109,0.605680317,0.4677060134,25000,0,0,1,North Carolina Wesleyan University,www.ncwu.edu/,45873,0,00295100,0.0144,0,0.0086,0.4438,0.4692,0.3841,3,71,NA,3,NC,1169,0.4859,0.5141,0.0445,0.0103,0.0051,0.4286,0.0325,9e-4,0.1403,0.0984,0.2395,2025-11-17
0.7401,22.819777316,9702,Wilmington,1,25913,149845776,0.6308737498,0.2589784517,19500,0,0,1,University of North Carolina Wilmington,www.uncw.edu/,54967,0,00298400,0.0421,0.0061,0.0037,0.1947,0.2381,0.7113,3,NA,1262,3,NC,14176,0.3598,0.6402,0.0347,0.0039,0.0187,0.0425,0.0862,9e-4,0.0116,0.0121,0.7894,2025-11-17
NA,30.198675497,4608,Grantsboro,1,14125,777448,0.761589404,0.5354330709,PS,0,0,2,Pamlico Community College,www.pamlicocc.edu/,30005,0,00703100,0.0254,0,0,0.1186,0.3193,0.3333,1,NA,NA,1,NC,240,0.4083,0.5917,0.025,0.0208,0.0208,0.3875,0.0583,0.0042,0,0.0375,0.4458,2025-11-17
0.9736,22.983361065,6486,Raleigh,2,49103,47743346,0.6039933444,0.2936802974,22250,0,0,1,William Peace University,www.peace.edu/,46643,0,00295300,0.0278,0,0,0.2778,0.345,0.4783,3,66,1198,3,NC,661,0.5159,0.4841,0.0756,0.0045,0.0227,0.1967,0.1301,0,0.0045,0.0303,0.5356,2025-11-17
0.9236,22.893597278,8457,Pembroke,1,16854,31763565,0.606557377,0.3656313302,25000,0,0,1,University of North Carolina at Pembroke,https://www.uncp.edu/,43407,1,00295400,0.062,0,0.0052,0.1513,0.4763,0.7235,3,NA,NA,3,NC,5386,0.3827,0.6173,0.0719,0.1426,0.0095,0.2739,0.1058,0.0019,0.0291,0.0126,0.3528,2025-11-17
0.953,24.476767677,7409,Misenheimer,2,46700,15851509,0.5373737374,0.3333333333,26163,0,0,1,Pfeiffer University,www.pfeiffer.edu/,51562,0,00295500,0.1075,0,0,0.1667,0.5564,0.4397,3,71,NA,3,NC,654,0.5229,0.4771,0.0596,0.0015,0.0015,0.2064,0.1086,0.0015,0.0275,0,0.5933,2025-11-17
NA,25.529166667,5724,Roxboro,1,16067,2064935,0.6541666667,0.5399515738,PS,0,0,2,Piedmont Community College,www.piedmontcc.edu/,33274,0,00964600,0.0382,0,0,0.1752,0.2861,0.4513,2,NA,NA,1,NC,707,0.3366,0.6634,0.0311,0.0085,0.0057,0.2984,0.0707,0.0014,0.0042,0.0141,0.5658,2025-11-17
NA,25.494830133,6367,Winterville,1,15807,4682492,0.588098755,0.4325191216,11977,0,0,2,Pitt Community College,https://pittcc.edu/,37259,0,00406200,0.0385,0.0021,0,0.135,0.3754,0.4283,2,NA,NA,1,NC,5175,0.3617,0.6383,0.0313,0.0068,0.01,0.3681,0.103,0.0017,0.005,0.0365,0.4375,2025-11-17
0.6768,23.403133903,8598,Charlotte,2,56944,153518984,0.7336182336,0.2190332326,25000,0,0,1,Queens University of Charlotte,www.queens.edu/,57673,0,00295700,0.0131,0,0.0105,0.2152,0.2172,0.4642,3,66,1223,3,NC,1362,0.3744,0.6256,0.0015,0.0015,0.0308,0.1432,0.1307,0.0029,0.127,0.0448,0.5176,2025-11-17
NA,25.017571885,6789,Asheboro,1,15688,11425152,0.6597444089,0.5864374403,PS,0,0,2,Randolph Community College,https://www.randolph.edu/,33336,0,00544700,0.0554,0,0,0.158,0.3179,0.3043,1,NA,NA,2,NC,1446,0.3465,0.6535,0.0194,0.0062,0.0076,0.0685,0.2089,0.0014,0.0076,0.0553,0.6252,2025-11-17
NA,25.045217391,6740,Hamlet,1,15715,NA,0.6356521739,0.498973306,PS,0,0,2,Richmond Community College,https://richmondcc.edu/,29951,1,00546400,0.0381,0,0,0.1246,0.3057,0.5568,1,NA,NA,1,NC,1279,0.2737,0.7263,0.0281,0.1353,0.0047,0.3315,0.0641,0.0016,8e-4,0.0313,0.4027,2025-11-17
0.7621,22.169117647,4744,Elizabeth City,2,31429,3809159,0.5514705882,0.3504273504,27000,0,0,1,Mid-Atlantic Christian University,www.macuniversity.edu/,38342,0,02280900,0.1875,0,0,0.1875,0.4662,0.3784,3,48,NA,3,NC,161,0.7019,0.2981,0.0683,0.0124,0.0062,0.354,0.0621,0,0.0062,0,0.4907,2025-11-17
NA,26.646464646,6589,Ahoskie,1,11560,NA,0.6641414141,0.5555555556,PS,0,0,2,Roanoke-Chowan Community College,www.roanokechowan.edu/,29324,0,00861300,0.0222,0,0,0.0963,0.3392,0.2,2,NA,NA,1,NC,265,0.2528,0.7472,0.0075,0.0075,0.0151,0.7396,0.0113,0.0075,0.0075,0.0113,0.1925,2025-11-17
NA,24.709459459,6121,Lumberton,1,15753,3262701,0.660472973,0.5506072874,PS,0,0,2,Robeson Community College,www.robeson.edu/,29036,1,00861200,0.0593,0,0,0.1067,0.4724,0.1893,2,NA,NA,2,NC,1454,0.2655,0.7345,0,0.4113,0.0028,0.218,0.1162,0,0,0.0612,0.1905,2025-11-17
NA,24.916666667,5911,Wentworth,1,10236,10310527,0.6071428571,0.5221088435,PS,0,0,2,Rockingham Community College,https://www.rockinghamcc.edu/,32480,0,00295800,0.0118,0,0,0.059,0.44,0.3293,2,NA,NA,2,NC,1071,0.3669,0.6331,0.043,0.0047,0.0037,0.1681,0.0896,0,0.0093,0.0458,0.6359,2025-11-17
NA,25.734669811,6349,Salisbury,1,14666,253416,0.6450471698,0.4724231465,9458,0,0,2,Rowan-Cabarrus Community College,https://www.rccc.edu/,34936,0,00575400,0.0612,0.0019,0,0.0412,0.2806,0.2665,2,NA,NA,2,NC,4073,0.3739,0.6261,0.0358,0.0039,0.015,0.218,0.164,2e-4,0.0268,0.0273,0.509,2025-11-17
0.5873,20.831989247,6240,Raleigh,2,30324,0,0.435483871,0.3453689168,29669,1,0,1,Saint Augustine's University,www.st-aug.edu/,35730,0,00296800,0,0.01,0,0.28,0.5244,0.5042,3,73,NA,3,NC,766,0.5104,0.4896,0,0.0209,0.0117,0.846,0.03,0.0013,0.0731,0,0.017,2025-11-17
0.8703,23.286585366,6777,Winston-Salem,2,47947,56566347,PS,0.3273137698,26649,0,0,1,Salem College,www.salem.edu/,44640,0,00296000,0.0488,0,0.0244,0.1585,0.4876,0.4316,3,NA,1168,3,NC,390,0.0077,0.9923,0.0872,0.0077,0.0154,0.2,0.1872,0,0.0205,0.0256,0.4564,2025-11-17
NA,24.94384058,5482,Clinton,1,14337,NA,0.6865942029,0.5265957447,PS,0,1,2,Sampson Community College,https://www.sampsoncc.edu/,33409,0,00789200,0.0578,0,0,0.1306,0.5013,0.342,2,NA,NA,2,NC,941,0.3018,0.6982,0.0425,0.0244,0.0032,0.2582,0.2763,0.0021,0.0138,0.0106,0.3688,2025-11-17
NA,25.329801325,6002,Pinehurst,1,18596,19603514,0.6470198675,0.4576012223,PS,0,0,2,Sandhills Community College,https://www.sandhills.edu/,31656,0,00296100,0.0514,0.0025,0,0.0502,0.3245,0.3652,2,NA,NA,2,NC,2375,0.3613,0.6387,0.0476,0.0286,0.0156,0.1785,0.1339,8e-4,0.0034,0.0661,0.5255,2025-11-17
0.3048,21.264957265,5125,Raleigh,2,29659,13194214,0.5648795649,0.4005474453,32500,1,0,1,Shaw University,www.shawu.edu/,34409,0,00296200,0.0217,0,0,0.2283,0.6515,0.4773,3,54,NA,3,NC,839,0.4827,0.5173,0.0501,0.0024,0.006,0.6317,0.0381,0.0024,0.1049,0.1371,0.0274,2025-11-17
NA,23.64,6040,Whiteville,1,14567,8465677,0.6846153846,0.4717314488,PS,0,0,2,Southeastern Community College,www.sccnc.edu/,30284,0,00296400,0.0621,0,0,0.0807,0.4535,0.3082,2,NA,NA,1,NC,821,0.296,0.704,0.0572,0.0426,0.0024,0.257,0.0646,0,0,0.011,0.5652,2025-11-17
NA,25.625498008,6327,Sylva,1,14429,5304283,0.625498008,0.4419642857,10500,0,0,2,Southwestern Community College,https://www.southwesterncc.edu/,34145,0,00846600,0.053900000000000003,0,0,0.2239,0.301,0.1873,1,NA,NA,2,NC,1304,0.3298,0.6702,0.0314,0.102,0.01,0.0238,0.0989,8e-4,0.0061,0.0146,0.7124,2025-11-17
NA,27.974166667,5459,Albemarle,1,12847,4518992,0.7316666667,0.5099526066,PS,0,0,2,Stanly Community College,www.stanly.edu/,36686,0,01119400,0.1695,0,0,0.3221,0.3131,0.1995,1,NA,NA,2,NC,1430,0.2448,0.7552,0.0287,0.0035,0.0224,0.2077,0.0462,7e-4,0.0077,0.0497,0.6336,2025-11-17
0.7661,NA,7978,Wake Forest,2,20909,40851631,NA,NA,PS,0,0,1,Southeastern Baptist Theological Seminary,www.collegeatsoutheastern.com/,NA,0,00296300,0,0,0,0,0.1826,0.5,3,75,1090,3,NC,466,0.6588,0.3412,0,0.0043,0.0258,0.0343,0.0601,0,0.0021,0.088,0.7854,2025-11-17
NA,24.8721038,6401,Dobson,1,14199,13701990,0.6265060241,0.5387885228,PS,0,0,2,Surry Community College,https://surry.edu/,36012,0,00297000,0.0534,0,0,0.1986,0.2517,0.3529,1,NA,NA,2,NC,1445,0.3841,0.6159,0.0263,0.0021,0.0028,0.0339,0.173,7e-4,0.0014,0.0111,0.7488,2025-11-17
NA,25.359228972,6347,Graham,1,22570,13875652,0.6547897196,0.4630779848,PS,0,0,2,Alamance Community College,www.alamancecc.edu/,34241,0,00546300,0.026,0,0,0.0595,0.246,0.1528,2,NA,NA,1,NC,2393,0.3828,0.6172,0.0251,0.005,0.0196,0.1864,0.2081,0,0.0422,0.0531,0.4605,2025-11-17
NA,25.340632603,5369,Murphy,1,14581,0,0.5669099757,0.4590163934,PS,0,0,2,Tri-County Community College,https://www.tricountycc.edu/,32232,0,00943000,0.0159,0,0,0.0319,0.2984,0.2378,2,NA,NA,2,NC,435,0.3655,0.6345,0.0161,0.0161,0.0092,0.0276,0.0782,0.0023,0,0.0184,0.8322,2025-11-17
NA,26.058927001,5825,Henderson,1,13525,8899572,0.6534740545,0.5153439153,PS,0,0,2,Vance-Granville Community College,www.vgcc.edu/,34304,0,00990300,0.0536,0,0,0.0674,0.3138,0.4322,2,NA,NA,2,NC,1613,0.2821,0.7179,0.0223,0.0056,0.0087,0.3887,0.0942,0.0012,0.0062,0.036,0.4371,2025-11-17
0.21560000000000001,19.472797927,12368,Winston-Salem,2,82818,1819776000,0.5077720207,0.1196808511,21500,0,0,1,Wake Forest University,www.wfu.edu/,78158,0,00297800,0.0062,0.028,0.0304,0.2625,0.0949,0.7563,3,NA,1469,3,NC,5471,0.4462,0.5538,0.0561,5e-4,0.0528,0.0658,0.096,2e-4,0.0757,0.0102,0.6427,2025-11-17
NA,25.953125,6330,Raleigh,1,16798,13236641,0.5803420608,0.3840341255,12000,0,0,2,Wake Technical Community College,www.waketech.edu/,41769,0,00484400,0.0294,0.0193,0,0.2091,0.2731,0.4867,2,NA,NA,1,NC,18605,0.4733,0.5267,0.0408,0.0044,0.0493,0.2196,0.1818,0.0013,0.0233,0.0339,0.4456,2025-11-17
0.7762,20.477707006,6229,Swannanoa,2,53576,55937007,0.6433121019,0.2040133779,25000,0,0,1,Warren Wilson College,https://www.warren-wilson.edu/,36260,0,00297900,0,0,0.0086,0.0603,0.3707,0.6495,3,NA,1290,3,NC,720,0.3431,0.6569,0.0431,0.0042,0.0139,0.0472,0.0722,0,0.0292,0.0125,0.7778,2025-11-17
NA,NA,7219,Durham,2,NA,NA,NA,NA,PS,0,0,1,Watts College of Nursing,wattscollegeofnursing.edu/,NA,0,00648300,0,0,0,0,0.2454,1,3,NA,NA,1,NC,134,0.1866,0.8134,0.0224,0.0075,0.0522,0.2537,0.0299,0,0,0.0821,0.5522,2025-11-17
NA,25.209964413,5967,Goldsboro,1,11311,3331929,0.6163701068,0.4739093242,6500,0,0,2,Wayne Community College,www.waynecc.edu/,34148,0,00298000,0.0341,0,0,0.1585,0.3748,0.3362,1,NA,NA,1,NC,1998,0.4054,0.5946,0.0165,0.0055,0.0105,0.2337,0.2117,0.001,0.0035,0.0055,0.512,2025-11-17
NA,24.113116727,6119,Morganton,1,15451,3698809,0.6101083032,0.460982659,PS,0,0,2,Western Piedmont Community College,https://www.wpcc.edu/,34195,0,00298200,0.065,0,0,0.0861,0.3305,0.2739,2,NA,NA,2,NC,1332,0.3844,0.6156,0.006,0.003,0.0728,0.0518,0.1547,0.003,0.0053,0.0023,0.7012,2025-11-17
NA,23.586334257,6154,Wilkesboro,1,10494,5288946,0.5807940905,0.4842436975,7625,0,0,2,Wilkes Community College,www.wilkescc.edu/,34728,0,00298300,0.025,0.0042,0,0.1617,0.2913,0.2032,1,NA,NA,2,NC,1881,0.4588,0.5412,0.0255,0.0021,0.008,0.0276,0.1361,5e-4,0.0027,0.0133,0.7842,2025-11-17
NA,27.399155227,6168,Wilson,1,13807,980012,0.7106652587,0.5092936803,10500,0,0,2,Wilson Community College,www.wilsoncc.edu/,32973,0,00484500,0.0662,0,0,0.1187,0.2507,1,2,NA,NA,2,NC,807,0.3296,0.6704,0.0099,0.0062,0.0211,0.3755,0.0905,0,0,0.0359,0.461,2025-11-17
0.8499,20.476190476,8046,Wingate,2,57780,124499153,0.6455026455,0.2878645343,25000,0,0,1,Wingate University,https://www.wingate.edu/,52649,0,00298500,0.08,0,0.004,0.208,0.4143,1,3,NA,1083,3,NC,2462,0.4228,0.5772,0.0849,0.0032,0.0191,0.2478,0.1007,0.0016,0.0967,0.0321,0.4139,2025-11-17
0.6855,22.725759768,9164,Winston-Salem,1,22345,51098284,0.7022431259,0.3535598706,25000,1,0,1,Winston-Salem State University,https://www.wssu.edu/,45344,0,00298600,0.0492,0,0.0066,0.0755,0.6149,0.6514,3,NA,946,3,NC,4244,0.2547,0.7453,0.0379,0.0038,0.0071,0.8308,0.0483,7e-4,0.0054,0.012,0.054,2025-11-17
0.8666,22.326330867,8722,Cullowhee,1,19057,130094486,0.5731678205,0.329004329,21868,0,0,1,Western Carolina University,www.wcu.edu/,49458,0,00298100,0.0932,0.024,0.0077,0.1991,0.3285,0.7463,3,NA,1151,3,NC,9867,0.4275,0.5725,0.0396,0.0087,0.0126,0.0657,0.0866,0.0014,0.015,0.0085,0.7619,2025-11-17
NA,23.143521209,7031,Bismarck,1,15274,23996238,0.4491574666,0.272327044,11533,0,0,1,Bismarck State College,https://bismarckstate.edu/,54277,0,00298800,0.0082,0,0,0.0594,0.1403,0.8545,2,NA,NA,2,ND,2629,0.5645,0.4355,0.0521,0.0175,0.0065,0.0312,0.0563,0.0015,0.0114,0.0099,0.8136,2025-11-17
0.6005,23.522108844,7359,Dickinson,1,20155,16344635,0.5850340136,0.3053016453,18442,0,0,1,Dickinson State University,www.dickinsonstate.edu/,50720,0,00298900,0.1003,0,0.0035,0.3322,0.2176,0.4,3,NA,NA,3,ND,1108,0.4296,0.5704,0.0397,0.0153,0.0072,0.0244,0.0857,0.0063,0.0325,0.0199,0.769,2025-11-17
NA,NA,5552,New Town,1,10361,3860415,NA,NA,PS,0,0,1,Nueta Hidatsa Sahnish College,www.nhsc.edu/,NA,0,02553700,0.1471,0,0,0.2353,0.3081,0.9667,2,NA,NA,2,ND,139,0.3525,0.6475,0.0647,0.777,0,0.0144,0.0576,0.0072,0,0,0.0791,2025-11-17
0.9351,20.441176471,7019,Jamestown,2,36960,38873492,0.4954751131,0.2822966507,27000,0,0,1,University of Jamestown,www.uj.edu/,56621,0,00299000,0.1557,0.053900000000000003,0.006,0.1856,0.2607,1,3,66,NA,3,ND,947,0.5797,0.4203,0.0306,0.0032,0.0042,0.0253,0.0834,0.0021,0.0623,0.1088,0.68,2025-11-17
NA,23.898305085,7255,Devils Lake,1,15890,12608951,0.5474576271,0.337164751,10293,0,0,2,Lake Region State College,www.lrsc.edu/,49502,0,00299100,0,0,0,0.0892,0.1054,0.8409,2,NA,NA,2,ND,599,0.404,0.596,0.0618,0.0267,0.005,0.0417,0.0952,0.0033,0.0651,0.0217,0.6795,2025-11-17
NA,26.617647059,4805,Fort Totten,1,13745,941656,0.6078431373,0.4078947368,PS,0,0,2,Cankdeska Cikana Community College,www.littlehoop.edu/,17008,0,02236500,0.0968,0,0,0.1613,0.5475,0.75,2,NA,NA,2,ND,278,0.3129,0.6871,0.0216,0.8669,0.0036,0,0.018,0,0,0.0036,0.0863,2025-11-17
0.7825,22.580742227,8399,Bismarck,2,32879,62775233,0.6509528586,0.1786833856,24000,0,0,1,University of Mary,https://www.umary.edu/,60909,0,00299200,0.0809,0.0434,0.002,0.1874,0.178,0.6161,3,30,NA,3,ND,2280,0.414,0.586,0.0254,0.0171,0.0149,0.0232,0,0.0053,0.0285,0.0904,0.7952,2025-11-17
NA,24.631481481,6142,Mayville,1,21042,9756283,0.5759259259,0.3016194332,18585,0,0,1,Mayville State University,www.mayvillestate.edu/,47828,0,00299300,0.3553,0,0.0175,0.1842,0.2442,0.9773,3,NA,NA,3,ND,704,0.4261,0.5739,0.0866,0.0199,0.0071,0.0582,0.0682,0.0028,0.0227,0.0085,0.7259,2025-11-17
0.7221,23.759958071,7909,Minot,1,18141,38739117,0.6205450734,0.3471741638,19609,0,0,1,Minot State University,www.minotstateu.edu/,51759,0,00299400,0.2116,0,0.004,0.1657,0.2411,0.613,3,NA,1084,3,ND,2072,0.3832,0.6168,0.0652,0.0193,0.013,0.0454,0.0951,0.0039,0.1052,0.0125,0.6404,2025-11-17
0.7709,22.030128373,9835,Grand Forks,1,24580,333191000,0.4770762379,0.191217343,22057,0,0,1,University of North Dakota,https://und.edu/,63552,0,00300500,0.0436,0.0799,0.0036,0.1294,0.1648,0.9165,3,NA,NA,3,ND,9296,0.5473,0.4527,0.046,0.0106,0.0227,0.0253,0.0572,0.0012,0.0381,0.0128,0.786,2025-11-17
NA,21.66767738,7023,Wahpeton,1,16291,50662221,0.3693147362,0.2389853138,12000,0,0,2,North Dakota State College of Science,https://www.ndscs.edu/,50513,0,00299600,0,0,0,0.0535,0.1666,0.8991,2,NA,NA,2,ND,1733,0.6353,0.3647,0.0479,0.0127,0.0098,0.06,0.0433,0.0012,0.0052,0.0202,0.7998,2025-11-17
NA,23.159645233,5291,Bottineau,1,17270,4004953,0.4966740576,0.3984962406,10507,0,0,2,Dakota College at Bottineau,www.dakotacollege.edu/,40576,0,00299500,0.02,0,0,0.025,0.1222,0.264,2,NA,NA,2,ND,417,0.3357,0.6643,0.0791,0.0288,0.0072,0.0552,0.0791,0,0.1319,0.0096,0.6091,2025-11-17
0.9581,20.688960343,10337,Fargo,1,23391,419745591,0.4788853162,0.1727807971,23199,0,0,1,North Dakota State University-Main Campus,https://www.ndsu.edu/,62203,0,00299700,0.0204,0.1437,0.0036,0.1813,0.1872,0.9733,3,NA,1120,3,ND,9567,0.4895,0.5105,0.0437,0.0065,0.0164,0.0318,0.0306,3e-4,0.0075,0.0093,0.8539,2025-11-17
NA,25.501193317,6995,Williston,1,18119,22381486,0.6396181384,0.4211956522,10099,0,0,2,Williston State College,https://willistonstate.edu/,44017,0,00300700,0,0,0,0.1703,0.2037,0.9677,2,NA,NA,2,ND,686,0.3921,0.6079,0.0816,0.0219,0.016,0.0496,0.1939,0.0015,0.086,0.016,0.5335,2025-11-17
NA,27.572222222,6749,Fort Yates,1,9847,1786655,0.6333333333,0.3851351351,PS,0,0,1,Sitting Bull College,https://sittingbull.edu/,28488,0,02188200,0.0526,0,0,0.0702,0.6883,0.7297,2,NA,NA,1,ND,226,0.3805,0.6195,0,0.9159,0,0,0.0133,0,0,0,0.0708,2025-11-17
0.3622,21.368421053,4636,Ellendale,2,29953,1473280,0.4135338346,0.3193277311,22531,0,0,1,Trinity Bible College and Graduate School,trinitybiblecollege.edu/,35604,0,01205900,0.1034,0,0,0.1379,0.5,1,3,27,1120,3,ND,138,0.442,0.558,0.0725,0.0217,0.029,0.0435,0.0942,0,0,0.0145,0.7246,2025-11-17
NA,24.698275862,7575,Belcourt,2,14760,2470021,0.5545977011,0.3467153285,PS,0,0,1,Turtle Mountain Community College,www.tm.edu/,32079,0,02301100,0.0651,0,0,0.1302,0.5826,0.7115,1,NA,NA,1,ND,613,0.3654,0.6346,0,0.9739,0,0,0.0033,0,0,0,0.0228,2025-11-17
NA,25.678474114,5947,Bismarck,2,12498,826801,0.5885558583,0.3468013468,PS,0,0,1,United Tribes Technical College,https://uttc.edu/,25292,0,02242900,0.0687,0,0,0.1832,0.751,0.6667,2,NA,NA,2,ND,532,0.3459,0.6541,0.0075,0.9643,0.0019,0.0056,0.0019,0,0,0,0.0188,2025-11-17
0.6931,23.173684211,6680,Valley City,1,20713,11279233,0.5350877193,0.2624768946,20369,0,0,1,Valley City State University,www.vcsu.edu/,52725,0,00300800,0.4784,0.0081,0.0027,0.1108,0.1729,0.4717,3,NA,1090,3,ND,918,0.4597,0.5403,0.0566,0.0087,0.0065,0.0327,0.0588,0.0087,0.024,0.0054,0.7985,2025-11-17
0.9403,31.289940828,6589,Akron,2,26588,NA,0.8135465189,0.5209032652,21500,0,0,1,Herzing University-Akron,https://www.herzing.edu/,36909,0,00962105,0,0,0,0.1232,0.7832,0.1429,2,NA,NA,2,OH,378,0.0847,0.9153,0.045,0,0.0106,0.3704,0.037,0,0,0.0159,0.5212,2025-11-17
0.7091,21.54619899,10013,Akron,1,24555,257723981,0.5014330558,0.3636497859,23250,0,0,1,University of Akron Main Campus,www.uakron.edu/,46600,0,00312300,0.0564,0.191,0.0087,0.127,0.2886,0.3931,3,NA,1088,3,OH,10011,0.5267,0.4733,0.0502,0.0018,0.0452,0.1308,0.0393,8e-4,0.0199,0.0222,0.6899,2025-11-17
0.8053,21.54619899,7622,Orrville,1,16603,13564420,0.5014330558,0.3636497859,23250,0,0,2,University of Akron Wayne College,https://wayne.uakron.edu/,46600,0,00312301,0,0,0,0,0.141,0.0556,1,NA,1049,3,OH,489,0.3742,0.6258,0.0286,0,0.0184,0.0307,0.047,0,0.002,0.0164,0.8569,2025-11-17
NA,29.462745098,NA,Lima,1,NA,NA,0.8156862745,0.5874439462,8107,0,0,3,Apollo Career Center,https://www.apollocareercenter.com/adult-education/,43101,0,02562300,0,0,0,0,0.098,NA,1,NA,NA,1,OH,527,0.4763,0.5237,0.0455,0.0038,0.0095,0.1708,0.0664,0.0076,0,0,0.6964,2025-11-17
0.3314,21.765957447,5573,Cincinnati,2,48176,2173941,0.7446808511,0.3076923077,27000,0,0,1,Art Academy of Cincinnati,https://www.artacademy.edu/,34368,0,00301100,0,0,0,0,0.4803,0.2444,3,NA,NA,3,OH,254,0.2441,0.7559,0.0827,0,0.0079,0.1811,0.0591,0,0.0039,0.0276,0.6378,2025-11-17
0.8057,29.591521525,7441,Ashland,2,40519,58736343,0.4403549129,0.4089443997,25000,0,0,1,Ashland University,https://www.ashland.edu/,52928,0,00301200,0.123,0,0.0015,0.1581,0.276,0.3697,3,28,1119,3,OH,2250,0.4667,0.5333,0.0333,0.0067,0.0129,0.0884,0.036,0,0.0227,0.0284,0.7716,2025-11-17
NA,28.35483871,NA,Jefferson,1,NA,NA,0.8064516129,0.625,PS,0,0,3,Ashtabula County Technical and Career Campus,www.atech.edu/,42163,0,02187900,0,0,0,0,0.2575,NA,1,NA,NA,1,OH,161,0.3292,0.6708,0.0248,0.0062,0.0124,0.0311,0.0186,0,0,0.0186,0.8882,2025-11-17
NA,28.198717949,NA,Concord Twp,1,NA,NA,0.3141025641,0.5620437956,6365,0,0,3,Auburn Career Center,https://www.auburncc.org/,37032,0,03051400,0,0,0,0,0.122,NA,1,NA,NA,1,OH,234,0.7179,0.2821,0.0171,0.0043,0.0043,0.0684,0.0641,0,0,0.0043,0.8376,2025-11-17
0.4127,26.131147541,6986,Canton,2,27792,2598765,0.9016393443,0.5240174672,20000,0,0,1,Aultman College of Nursing and Health Sciences,https://www.aultmancollege.edu/,63582,0,00648700,0,0,0,0,0.372,0.3171,3,NA,1020,2,OH,232,0.0819,0.9181,0.0345,0,0.0043,0.0733,0.0043,0,0,0.0345,0.8491,2025-11-17
0.7685,21.133462282,8511,Berea,2,54200,163274965,0.5390070922,0.3180887372,27000,0,0,1,Baldwin Wallace University,https://www.bw.edu/,54122,0,00301400,0.0744,0.0174,0.0079,0.1978,0.285,0.5067,3,NA,1176,3,OH,2775,0.4548,0.5452,0.0602,0.0014,0.0187,0.0638,0.0724,7e-4,0.0029,0.0065,0.7733,2025-11-17
NA,25.294294294,5157,St Clairsville,1,10553,531264,0.6426426426,0.5089430894,8747,0,0,2,Belmont College,www.belmontcollege.edu/,35329,0,00994100,0.0044,0,0,0.031,0.3098,0.4068,2,NA,NA,2,OH,484,0.3244,0.6756,0.0331,0,0.0062,0.0145,0.0124,0,0,0,0.9339,2025-11-17
0.6116,21.158008658,4096,Bluffton,2,50579,23552031,0.4675324675,0.3272311213,27000,0,0,1,Bluffton University,www.bluffton.edu/,49547,0,00301600,0.1321,0,0.0377,0.2516,0.3735,0.5366,3,69,1020,3,OH,595,0.5714,0.4286,0.0286,0.0017,0.0084,0.1866,0.0336,0,0.0134,0.0605,0.6672,2025-11-17
NA,20.805938211,7920,Huron,1,21387,0,0.6013106861,0.3032948465,25000,0,0,1,Bowling Green State University-Firelands,https://www.firelands.bgsu.edu/,47896,0,00301801,0.1452,0,0,0.1749,0.2618,0.365,2,NA,NA,3,OH,1134,0.3633,0.6367,0.0556,0.0018,0.0062,0.1296,0.0811,0,0,0.022,0.7037,2025-11-17
0.8061,20.805938211,10259,Bowling Green,1,29238,202081000,0.6013106861,0.3032948465,25000,0,0,1,Bowling Green State University-Main Campus,www.bgsu.edu/,47896,0,00301800,0.2148,0.0309,0.0065,0.1391,0.227,0.7027,3,NA,1118,3,OH,12255,0.435,0.565,0.0358,9e-4,0.0113,0.0654,0.0515,6e-4,0.013,0.0236,0.798,2025-11-17
NA,30.370617696,5689,Parma,2,23695,NA,0.8171590332,0.5378553335,21549,0,0,1,Bryant & Stratton College-Parma,https://www.bryantstratton.edu/,32568,0,00267808,0,0,0,0.1404,0.6827,0.3204,2,NA,NA,2,OH,522,0.2567,0.7433,0.0556,0.0038,0.023,0.3582,0.0766,0.0038,0.0019,0.023,0.454,2025-11-17
NA,26.154761905,NA,Rio Grande,1,NA,NA,0.7023809524,0.5782312925,8250,0,0,3,Buckeye Hills Career Center,www.buckeyehills.net/,40264,0,02073300,0,0,0,0,0.4444,NA,1,NA,NA,1,OH,163,0.4172,0.5828,0.0491,0,0,0,0,0,0,0.0184,0.9325,2025-11-17
NA,27.1825,NA,Monroe,1,NA,NA,0.385,0.5158501441,6396,0,0,3,Butler Technology and Career Development Schools,www.butlertech.org/,56645,0,02192100,0,0,0,0,0.2408,NA,1,NA,NA,1,OH,483,0.6232,0.3768,0.0414,0.0041,0.0331,0.1532,0.0393,0.0021,0,0.0145,0.7122,2025-11-17
0.7317,21.992977528,8529,Columbus,2,54086,125406226,0.6257022472,0.275147929,26889,0,0,1,Capital University,https://www.capital.edu/,54143,0,00302300,0.1401,0.0019,0.0078,0.1654,0.3101,0.4506,3,39,1118,3,OH,1709,0.4219,0.5781,0.0696,0.0029,0.0263,0.1205,0.0702,0,0.014,0.0187,0.6776,2025-11-17
0.2868,19.656907594,13370,Cleveland,2,81533,2188161000,0.472095151,0.1085126286,24000,0,0,1,Case Western Reserve University,www.case.edu/,87989,0,00302400,0.0015,0.2601,0.0287,0.083,0.1708,0.7619,3,NA,1501,3,OH,6108,0.5223,0.4777,0.0521,5e-4,0.2734,0.064,0.118,5e-4,0.1343,0.0111,0.3461,2025-11-17
0.6282,19.749781277,8526,Cedarville,2,46994,42405490,0.5336832896,0.1265597148,20937,0,0,1,Cedarville University,https://www.cedarville.edu/,55443,0,00302500,0.0931,0.0989,0.0047,0.139,0.154,0.5878,3,54,1246,3,OH,3815,0.4566,0.5434,0.0299,0.0016,0.028,0.0139,0.0325,5e-4,0.0278,0.0045,0.8613,2025-11-17
NA,26.440225757,7413,Newark,1,14344,3668432,0.7178040021,0.5031958164,12072,0,0,1,Central Ohio Technical College,www.cotc.edu/,39168,0,01104600,0.0093,0,0,0.1705,0.26,1,2,NA,NA,2,OH,1549,0.2221,0.7779,0.0839,0.0019,0.0594,0.1498,0.0316,0.0013,6e-4,0.0226,0.6488,2025-11-17
0.46,20.391891892,7575,Wilberforce,1,22435,7465403,0.5495495495,0.4003590664,30739,1,0,1,Central State University,https://www.centralstate.edu/,33267,0,00302600,0.1985,0.0076,0,0.3435,0.4218,1,3,NA,NA,3,OH,3412,0.3403,0.6597,0.0495,0.0026,0.0155,0.4927,0.0938,0,0.0487,0.1202,0.177,2025-11-17
0.5018,25.821029083,7238,Cincinnati,2,28126,9867016,0.9194630872,0.3959899749,24250,0,0,1,The Christ College of Nursing and Health Sciences,https://www.thechristcollege.edu/,68303,0,00648900,0,0,0,0,0.343,0.64,3,NA,972,2,OH,762,0.0932,0.9068,0.0039,0,0.0381,0.1667,0.0315,0.0013,0,0.0341,0.7244,2025-11-17
NA,27.083333333,5828,Cincinnati,2,NA,609791,0.6666666667,PS,15000,0,0,1,Cincinnati College of Mortuary Science,www.ccms.edu/,55695,0,01090600,0,0,0,0,0.2418,NA,3,NA,NA,2,OH,101,0.1881,0.8119,0.0495,0,0,0.0891,0.0495,0.0099,0,0,0.802,2025-11-17
0.8767,22.327481647,11190,Cincinnati,1,28783,1771519517,0.5598467922,0.3097519247,21250,0,0,1,University of Cincinnati-Main Campus,www.uc.edu/,54810,0,00312500,0.0515,0.1105,0.0049,0.1888,0.1761,0.5817,3,NA,1281,3,OH,29094,0.4966,0.5034,0.0455,0.0011,0.0547,0.0842,0.0462,5e-4,0.0491,0.0131,0.7055,2025-11-17
NA,26.390943878,8309,Cincinnati,1,13830,15677261,0.5860969388,0.4643213573,14715,0,0,1,Cincinnati State Technical and Community College,www.cincinnatistate.edu/,40137,0,01034500,0.0112,5e-4,0,0.1507,0.3007,1,1,NA,NA,2,OH,5283,0.3829,0.6171,0.0399,0.0021,0.0292,0.268,0.035,0.0011,0.0216,0.1018,0.5012,2025-11-17
NA,22.327481647,9733,Batavia,1,14280,2618959,0.5598467922,0.3097519247,21250,0,0,1,University of Cincinnati-Clermont College,www.ucclermont.edu/,54810,0,00312501,0.0416,0,0,0.1589,0.1126,0.2566,2,NA,NA,3,OH,2606,0.3219,0.6781,0.0361,0.0023,0.0249,0.1105,0.0664,0.0023,0.0046,0.0357,0.7172,2025-11-17
NA,22.327481647,9280,Blue Ash,1,13881,1670819,0.5598467922,0.3097519247,21250,0,0,1,University of Cincinnati-Blue Ash College,www.ucblueash.edu/,54810,0,00312502,0.0641,0,0,0.2405,0.2219,0.5462,2,NA,NA,3,OH,4104,0.404,0.596,0.0548,0.0024,0.0436,0.2169,0.085,0.0012,0.0115,0.0071,0.5775,2025-11-17
0.399,34.519756839,2900,Circleville,2,33472,6579751,0.6382978723,0.5474074074,29579,0,0,1,Ohio Christian University,www.ohiochristian.edu/,39813,0,00303000,0.0576,0,0,0.2374,0.3384,1,3,79,910,3,OH,816,0.435,0.565,0.0331,0.0037,0.0074,0.1777,0.0441,0.0049,0,0.0551,0.674,2025-11-17
NA,27.540378265,6318,Springfield,1,13395,10582993,0.6685679976,0.5274801244,14490,0,0,1,Clark State College,https://www.clarkstate.edu/,39584,0,00485200,0.0027,9e-4,0,0.1196,0.3608,0.273,1,NA,NA,1,OH,3134,0.2977,0.7023,0.0587,0.0048,0.0077,0.1994,0.0479,6e-4,0.0105,0.0217,0.6487,2025-11-17
0.5628,20.406557377,7262,Cleveland,2,62966,29691349,0.6557377049,0.2671232877,27000,0,0,1,Cleveland Institute of Art,www.cia.edu/,42509,0,00398200,0,0,0,0,0.3784,0.4679,3,NA,1156,3,OH,560,0.2732,0.7268,0.0679,0,0.0321,0.1339,0.1054,0,0.0036,0.0036,0.6536,2025-11-17
0.3818,19.355932203,7246,Cleveland,2,58843,46086791,0.4406779661,PS,24968,0,0,1,Cleveland Institute of Music,www.cim.edu/,32641,0,00303100,0,0,0,0,0.1457,0.422,3,NA,NA,3,OH,193,0.513,0.487,0.0363,0.0104,0.1762,0.0363,0.0622,0.0052,0.1917,0.0104,0.4715,2025-11-17
0.9548,23.708822596,10200,Cleveland,1,26310,98179372,0.5893367185,0.3837554585,21797,0,0,1,Cleveland State University,www.csuohio.edu/,52131,0,00303200,0.0409,0.1113,0.0117,0.1682,0.3901,0.5271,3,NA,980,3,OH,9077,0.4666,0.5334,0.0486,0.0025,0.0398,0.164,0.0907,8e-4,0.0597,0.0156,0.5783,2025-11-17
NA,29.369477912,NA,Lisbon,1,NA,NA,0.6465863454,0.512605042,12109,0,0,3,Columbiana County Career and Technical Center,www.ccctc.k12.oh.us/,33552,0,02272700,0,0,0,0,0.6784,NA,1,NA,NA,1,OH,114,0.1491,0.8509,0.0263,0,0,0.1053,0.0263,0,0,0,0.8421,2025-11-17
0.7174,20.618367347,5742,Columbus,2,52581,17676631,0.7,0.2456140351,27000,0,0,1,Columbus College of Art & Design,www.ccad.edu/,40664,0,00303900,0,0,0,0,0.3975,0.3448,3,NA,NA,3,OH,891,0.275,0.725,0.0438,0,0.0393,0.1089,0.0853,0.0011,0.0123,0.0438,0.6655,2025-11-17
NA,24.344238112,7430,Columbus,1,11788,6185350,0.5480735856,0.4379317351,8749,0,0,2,Columbus State Community College,https://www.cscc.edu/,39435,0,00686700,0,0,0,0.1213,0.2588,1,1,NA,NA,1,OH,17128,0.4752,0.5248,0.034,0.0043,0.0457,0.2421,0.0819,0.0014,0.024,0.1376,0.4291,2025-11-17
NA,25.280124458,9892,Cleveland,1,11098,94554568,0.5984348482,0.4882839421,8150,0,0,2,Cuyahoga Community College District,www.tri-c.edu/,35654,0,00304000,0.0058,0,0,0.0687,0.3221,0.2936,1,NA,NA,2,OH,12641,0.4048,0.5952,0.0356,0.0025,0.0307,0.2531,0.0887,6e-4,0.0339,0.0341,0.5208,2025-11-17
0.6165,19.622861911,9481,Dayton,2,64310,770021000,0.5198164372,0.1024121879,23250,0,0,1,University of Dayton,https://udayton.edu/,75537,0,00312700,0.0761,0.205,0.0041,0.2516,0.1552,0.6941,3,30,1313,3,OH,8099,0.5224,0.4776,0.034,0.001,0.017,0.052,0.0662,7e-4,0.0261,0.0077,0.7954,2025-11-17
0.4243,21.41038961,6720,Defiance,2,49447,19980114,0.4285714286,0.3553719008,26813,0,0,1,Defiance College,www.defiance.edu/,49351,0,00304100,0.1494,0,0.0115,0.1839,0.4795,0.5821,3,76,NA,3,OH,454,0.6211,0.3789,0.0154,0.0022,0.0066,0.2599,0.0793,0,0,0.0088,0.6278,2025-11-17
0.1693,19.390822785,10847,Granville,2,76900,1034670000,0.5775316456,0.1712328767,26000,0,0,1,Denison University,https://www.denison.edu/,67753,0,00304200,0.0275,0,0.0275,0.0766,0.128,0.9247,3,NA,1395,3,OH,2398,0.4758,0.5242,0.0425,4e-4,0.0425,0.0542,0.0713,4e-4,0.171,0.0142,0.6034,2025-11-17
NA,26.279069767,6266,Piqua,1,14142,3083531,0.6240310078,0.5187566988,16250,0,0,2,Edison State Community College,https://www.edisonohio.edu/,41360,0,01275000,0,0,0,0.2326,0.1657,1,1,NA,NA,2,OH,1502,0.3462,0.6538,0.0393,0.004,0.014,0.0499,0.032,7e-4,0.0013,0.014,0.8449,2025-11-17
NA,28.362637363,NA,Milan,1,NA,NA,0.673992674,0.5743801653,7672,0,0,3,EHOVE Career Center,www.ehove.net/,40117,0,03015300,0,0,0,0,0.3542,NA,1,NA,NA,1,OH,375,0.2987,0.7013,0.072,0,0,0.128,0.0347,0,0,0,0.7653,2025-11-17
0.8633,20.964202335,7586,Findlay,2,52096,51976673,0.680155642,0.2931174089,25439,0,0,1,The University of Findlay,findlay.edu/,56996,0,00304500,0.0907,0,0.0119,0.1909,0.1386,0.5704,3,57,NA,3,OH,2240,0.3067,0.6933,0.029,0.0013,0.0121,0.0429,0.0397,9e-4,0.0272,0.1013,0.7455,2025-11-17
NA,31.637000412,10061,Columbus,2,29433,10496000,0.6106304079,0.503413746,20836,0,0,1,Franklin University,www.franklin.edu/,51892,0,00304600,0.002,0,0,0.5727,0.3343,0.0633,3,NA,NA,3,OH,5111,0.4013,0.5987,0.0401,0.0063,0.0247,0.1884,0.0787,0.0012,0.0027,0.1041,0.5539,2025-11-17
0.6403,23.372727273,1125,Cincinnati,2,16574,NA,0.5545454545,0.35,4522,0,0,1,Gods Bible School and College,https://www.gbs.edu/,37722,0,02220500,0.12,0,0,0.08,0.2339,0.3333,3,79,NA,3,OH,285,0.5263,0.4737,0.0351,0.007,0.0035,0.0491,0.0281,0.0105,0.1333,0,0.7333,2025-11-17
0.1693,25.625984252,7404,Cincinnati,2,26345,5590225,0.9094488189,0.4568965517,20625,0,0,1,Good Samaritan College of Nursing and Health Science,www.gscollege.edu/,66111,0,00649400,0,0,0,0,0.4324,0.6286,2,30,NA,2,OH,455,0.0769,0.9231,0,0.0022,0.0198,0.2813,0.0637,0,0,0.1055,0.5275,2025-11-17
NA,27.730120482,NA,Cincinnati,1,NA,NA,0.2,0.5,5500,0,0,3,Great Oaks Career Campuses,www.greatoaks.com/,55163,0,02117300,0,0,0,0,0.3066,NA,1,NA,NA,1,OH,138,0.9348,0.0652,0.0507,0,0.0362,0.1522,0.0217,0,0,0.0362,0.7029,2025-11-17
0.6773,19.829721362,6742,Tiffin,2,46640,59888870,0.4256965944,0.3218390805,27000,0,0,1,Heidelberg University,https://www.heidelberg.edu/,48466,0,00304800,0.1351,0,0,0.2117,0.2851,0.5253,3,76,NA,3,OH,884,0.5452,0.4548,0.0215,0.0023,0.0045,0.1097,0.0271,0,0,0.0136,0.8213,2025-11-17
0.9339,23.403162055,6771,Hiram,2,38952,60947552,0.4861660079,0.3757961783,27000,0,0,1,Hiram College,www.hiram.edu/,54311,0,00304900,0.0838,0,0,0.2934,0.3194,1,3,NA,NA,3,OH,731,0.5103,0.4897,0.0178,0.0027,0.0055,0.0588,0.0821,0,0.0082,0.3625,0.4624,2025-11-17
NA,22.469387755,NA,Troy,2,NA,NA,0.0278293135,0.3527131783,5500,0,0,3,Hobart Institute of Welding Technology,www.welding.org/,60955,0,01099300,0,0,0,0,0.2271,NA,1,NA,NA,1,OH,327,0.9358,0.0642,0.0306,0.0031,0.0031,0.0153,0.0398,0,0,0,0.9083,2025-11-17
NA,22.6816,5310,Nelsonville,1,17575,4036191,0.41,0.4532019704,11584,0,0,2,Hocking College,www.hocking.edu/,37791,0,00759800,0.0216,0,0,0.1022,0.4649,0.3316,2,NA,NA,2,OH,1648,0.5334,0.4666,0.0461,0.0018,0.0024,0.1208,0.0249,0.0012,0.0212,0.0158,0.7658,2025-11-17
0.811,19.999158249,10180,University Heights,2,62943,271247678,0.4663299663,0.1859861592,26000,0,0,1,John Carroll University,jcu.edu/,62860,0,00305000,0.0276,0.0065,0.0114,0.3231,0.1978,1,3,30,1295,3,OH,2228,0.5413,0.4587,0.0296,0.0018,0.0292,0.0435,0.0471,0,0.0157,0.0031,0.8299,2025-11-17
NA,21.876885645,7938,Ashtabula,1,15897,NA,0.6364963504,0.3594029851,24500,0,0,1,Kent State University at Ashtabula,www.kent.edu/ashtabula,45388,0,00305105,0,0,0,0.064,0.3444,0.4205,2,NA,NA,3,OH,1314,0.376,0.624,0.0381,0.0038,0.0129,0.0913,0.0472,0.0023,0.0068,0.0251,0.7725,2025-11-17
NA,21.876885645,8138,East Liverpool,1,15070,NA,0.6364963504,0.3594029851,24500,0,0,1,Kent State University at East Liverpool,www.kent.edu/columbiana,45388,0,00305106,0,0,0,0.05,0.2378,0.3889,2,NA,NA,3,OH,705,0.356,0.644,0.0454,0.0014,0.0099,0.0638,0.0454,0,0.0071,0.0142,0.8128,2025-11-17
NA,21.876885645,8815,North Canton,1,15418,NA,0.6364963504,0.3594029851,24500,0,0,1,Kent State University at Stark,www.kent.edu/stark,45388,0,00305102,0,0,0,0,0.2903,0.5027,2,NA,NA,3,OH,2626,0.3595,0.6405,0.0453,8e-4,0.0141,0.0819,0.043,8e-4,0.0065,0.0168,0.7909,2025-11-17
NA,21.876885645,8750,Warren,1,16159,NA,0.6364963504,0.3594029851,24500,0,0,1,Kent State University at Trumbull,www.kent.edu/trumbull,45388,0,00305104,0,0,0,0.0717,0.3654,0.7,2,NA,NA,3,OH,1648,0.3841,0.6159,0.037,0.0012,0.0097,0.0856,0.0419,6e-4,0.0042,0.02,0.7998,2025-11-17
NA,21.876885645,7922,New Philadelphia,1,16391,NA,0.6364963504,0.3594029851,24500,0,0,1,Kent State University at Tuscarawas,www.kent.edu/tusc,45388,0,00305103,0.0833,0,0,0.0644,0.3077,0.4237,2,NA,NA,3,OH,1502,0.3955,0.6045,0.03,0.002,0.0126,0.0632,0.0399,0,0.0047,0.0173,0.8302,2025-11-17
NA,21.876885645,7598,Salem,1,15357,NA,0.6364963504,0.3594029851,24500,0,0,1,Kent State University at Salem,www.kent.edu/columbiana,45388,0,00305107,0.073,0,0,0.0365,0.3109,0.4559,2,NA,NA,3,OH,1127,0.2555,0.7445,0.0337,9e-4,0.0089,0.0728,0.0399,9e-4,0,0.024,0.819,2025-11-17
0.8665,21.876885645,10310,Kent,1,29345,166657628,0.6364963504,0.3594029851,24500,0,0,1,Kent State University at Kent,www.kent.edu/,45388,0,00305100,0.092,0.0043,0.0056,0.2196,0.2737,0.5761,3,NA,1095,3,OH,19134,0.379,0.621,0.0407,0.0016,0.0233,0.0914,0.0454,7e-4,0.0321,0.0188,0.746,2025-11-17
NA,21.876885645,7460,Burton,1,15225,NA,0.6364963504,0.3594029851,24500,0,0,1,Kent State University at Geauga,www.kent.edu/geauga,45388,0,00305101,0,0,0,0.0838,0.2669,0.3778,2,NA,NA,3,OH,1547,0.3659,0.6341,0.0356,0.0019,0.0246,0.1416,0.0556,0,0.0045,0.0194,0.7169,2025-11-17
0.3071,19.404494382,9723,Gambier,2,83800,517006638,0.5280898876,PS,18527,0,0,1,Kenyon College,https://www.kenyon.edu/,71830,0,00306500,0,0,0.0323,0,0.1008,0.9827,3,NA,1440,3,OH,1753,0.4358,0.5642,0.0588,0,0.0473,0.0245,0.0759,6e-4,0.1147,0.0114,0.6669,2025-11-17
0.8286,24.990415335,7826,Kettering,2,26365,3559572,0.8913738019,0.4026845638,23500,0,0,1,Kettering College,kc.edu/,67492,0,00703500,0,0,0,0,0.2419,0.6465,3,95,1120,3,OH,543,0.1381,0.8619,0.0203,0.0018,0.0387,0.0884,0.0387,0.0037,0.1087,0.0276,0.6722,2025-11-17
0.6412,20.422222222,5560,Painesville,2,48278,33541234,0.4422222222,0.327014218,26000,0,0,1,Lake Erie College,www.lec.edu/,50417,0,00306600,0.1271,0,0.0339,0.2373,0.29,0.5321,3,NA,1114,3,OH,678,0.5796,0.4204,0.0236,0.0192,0.0029,0.1401,0.0885,0,0.0428,0.1313,0.5516,2025-11-17
NA,26.308207705,7798,Kirtland,1,11495,5439532,0.6204355109,0.4900584795,14751,0,0,2,Lakeland Community College,www.lakelandcc.edu/,39612,0,00680400,0,0,0,0.0871,0.2243,1,2,NA,NA,2,OH,3143,0.3818,0.6182,0.0395,0.0038,0.0169,0.1476,0.0655,3e-4,0.0016,0.0554,0.6694,2025-11-17
NA,28.244821092,NA,Chesapeake,1,NA,NA,0.7212806026,0.5605095541,13887,0,0,2,Collins Career Technical Center,www.collins-cc.edu/,47329,0,02196300,0,0,0,0,0.6818,NA,1,NA,NA,1,OH,427,0.2459,0.7541,0.0023,0,0,0.0328,0.0047,0,0,0,0.9602,2025-11-17
NA,24.256012413,5895,Lima,1,13569,4509854,0.6935608999,0.4724809483,12000,0,0,1,James A. Rhodes State College,www.rhodesstate.edu/,41855,0,01002700,0.0026,0,0,0.2266,0.1486,0.375,1,NA,NA,2,OH,1545,0.266,0.734,0.0395,0.0026,0.0078,0.0699,0.0071,0.0013,0,0.0563,0.8155,2025-11-17
NA,25.421492055,7957,Elyria,1,9915,43610780,0.6067869647,0.5126231527,13680,0,0,1,Lorain County Community College,https://www.lorainccc.edu/,38837,0,00306800,0.0045,0.0119,0,0.2011,0.2691,1,2,NA,NA,2,OH,5394,0.3799,0.6201,0.051,0.0041,0.0117,0.1085,0.1287,0.002,0.005,0.0104,0.6787,2025-11-17
0.741,22.40037594,6001,Sylvania,2,42796,8587216,0.6127819549,0.3360488798,27000,0,0,1,Lourdes University,www.lourdes.edu/,48150,0,00306900,0.0341,0,0,0.267,0.2728,1,3,30,NA,3,OH,668,0.4356,0.5644,0.0509,0,0.0105,0.1287,0.024,0.003,0.0195,0.0359,0.7275,2025-11-17
0.7558,23.237449118,6890,Canton,2,48017,22070190,0.5685210312,0.3270893372,26289,0,0,1,Malone University,https://www.malone.edu/,48909,0,00307200,0.1346,0,0,0.1731,0.3052,0.3724,3,65,1089,3,OH,777,0.4607,0.5393,0.0296,0.0026,0.0116,0.0669,0.0335,0,0.0206,0.0759,0.7593,2025-11-17
0.7862,19.972413793,7695,Marietta,2,52360,87959651,0.3816091954,0.2596153846,27000,0,0,1,Marietta College,https://kad007@marietta.edu/,57180,0,00307300,0.1119,0.1119,0.0187,0.1828,0.2714,0.9903,3,NA,1103,3,OH,1035,0.5208,0.4792,0.0483,0,0.0039,0.0444,0.0329,0,0.0232,0.0135,0.8338,2025-11-17
NA,26.419588875,6262,Marion,1,11796,1213553,0.7255139057,0.5040214477,8300,0,0,1,Marion Technical College,www.mtc.edu/,41495,0,01073600,0,0,0,0.2918,0.1984,0.9818,2,NA,NA,2,OH,1351,0.4611,0.5389,0.0415,0.0059,0.0104,0.1303,0.0318,0,0,0.0163,0.7639,2025-11-17
0.4276,27.716833891,7168,Toledo,2,26491,31701209,0.8628762542,0.4932680539,20834,0,0,1,Mercy College of Ohio,www.mercycollege.edu/,65409,0,03097000,0,0,0,0,0.3643,0.3295,3,30,961,2,OH,982,0.113,0.887,0.0438,0.0041,0.0173,0.168,0.0845,0,0,0,0.6823,2025-11-17
NA,20.83047619,8166,Hamilton,1,16692,NA,0.541991342,0.2286336418,23000,0,0,1,Miami University-Hamilton,miamioh.edu/regionals/,55076,0,00307702,0.0117,0,0,0.2183,0.3025,1,3,NA,NA,3,OH,2025,0.4681,0.5319,0.041,0.0035,0.036,0.08,0.0602,5e-4,0.0553,0.0217,0.7017,2025-11-17
NA,20.83047619,7637,Middletown,1,16559,NA,0.541991342,0.2286336418,23000,0,0,1,Miami University-Middletown,miamioh.edu/regionals/,55076,0,00307701,0.0105,0,0,0.4526,0.2325,1,3,NA,NA,3,OH,871,0.4489,0.5511,0.0344,0.0011,0.0126,0.0712,0.0471,0.0011,0.0482,0.0184,0.7658,2025-11-17
0.8209,20.83047619,10780,Oxford,1,37218,686467000,0.541991342,0.2286336418,23000,0,0,1,Miami University-Oxford,miamioh.edu/,55076,0,00307700,0.0798,0.064,0.021,0.2733,0.1129,1,3,NA,1313,3,OH,16361,0.4848,0.5152,0.0364,0.0021,0.0257,0.0292,0.0454,5e-4,0.0364,0.0087,0.8158,2025-11-17
0.5739,24.50812065,8440,Columbus,2,19807,2331611,0.8932714617,0.39408867,22082,0,0,1,Mount Carmel College of Nursing,www.mccn.edu/,75103,0,03071900,0,0,0,0,0.3041,0.8873,3,30,1020,3,OH,573,0.1239,0.8761,0.0366,0.0017,0.0663,0.2339,0.0436,0.0035,0,0.0087,0.6056,2025-11-17
0.801,19.56219865,7662,Alliance,2,46890,159958000,0.4532304725,0.2249240122,27000,0,0,1,University of Mount Union,www.mountunion.edu/,53217,0,00308300,0.0943,0.0943,0.0047,0.1627,0.2871,0.9925,3,NA,1227,3,OH,1785,0.5188,0.4812,0.0151,0.005,0.0123,0.0784,0.0291,0,0.0207,0.0258,0.8134,2025-11-17
0.843,24.208375894,6451,Mount Vernon,2,48975,24781380,0.64453524,0.3759398496,25000,0,0,1,Mount Vernon Nazarene University,mvnu.edu/,49555,0,00708500,0.1927,0.0196,0.0196,0.2011,0.2893,0.9259,3,59,1119,3,OH,1346,0.3863,0.6137,0.0297,0.0022,0.0082,0.0186,0.0342,0.0015,0.0059,0.0312,0.8685,2025-11-17
0.5652,22.770401107,8023,Cincinnati,2,43932,61720032,0.5670816044,0.3781388479,26827,0,0,1,Mount St. Joseph University,www.msj.edu/,51509,0,00303300,0.1864,0,0,0.15,0.2734,0.9636,3,30,1068,3,OH,1100,0.4745,0.5255,0.07,0,0.0064,0.1245,0.0482,9e-4,0,0.0082,0.7418,2025-11-17
NA,23.892004154,6001,Zanesville,1,12790,12353800,0.5752855659,0.4825253664,6834,0,0,1,Zane State College,www.zanestate.edu/,35006,0,00813300,0.0204,0.0087,0,0.2041,0.1837,0.381,2,NA,NA,2,OH,717,0.463,0.537,0.0446,0.0014,0.0056,0.0432,0.0195,0.0014,0,0.0181,0.8661,2025-11-17
0.8166,21.930177515,7538,New Concord,2,44615,90077835,0.5278106509,0.3565107459,25369,0,0,1,Muskingum University,www.muskingum.edu/,48440,0,00308400,0.0938,0.0069,0.0174,0.1493,0.4111,1,3,66,1016,3,OH,1407,0.457,0.543,0.0462,0.0028,0.0064,0.0732,0.0277,0,0.0071,0.0128,0.8237,2025-11-17
NA,24.198943662,5455,Mansfield,1,9278,4367624,0.6188380282,0.4966118103,8252,0,0,1,North Central State College,https://www.ncstatecollege.edu/,38158,0,00531300,0.0252,0,0,0.2101,0.2394,1,2,NA,NA,2,OH,1187,0.3572,0.6428,0.0371,0,0.0084,0.0581,0.0455,0,0,0.0101,0.8408,2025-11-17
NA,25.174817898,7295,Archbold,1,17668,1611666,0.5993756504,0.4823663254,9750,0,0,2,Northwest State Community College,https://northweststate.edu/,40004,0,00867700,0.0221,0.0025,0,0.1912,0.1122,NA,2,NA,NA,2,OH,1037,0.4812,0.5188,0.0174,0,0.0058,0.0174,0.1244,0,0,0.1205,0.7146,2025-11-17
0.8035,22.949473684,4837,Cleveland,2,46641,NA,0.5147368421,0.3291713961,27000,0,0,1,Notre Dame College,www.notredamecollege.edu/,49737,0,00308500,0.1111,0.0097,0.0048,0.3333,0.389,0.3778,3,30,NA,3,OH,1049,0.4871,0.5129,0.0667,0.001,0.0067,0.3108,0.0553,0.001,0.081,0.0582,0.4194,2025-11-17
NA,21.166426513,5565,Lima,2,24568,NA,0.2002881844,0.4414168937,17084,0,0,1,University of Northwestern Ohio,https://www.unoh.edu/,50968,0,00486100,0,0,0,0.0959,0.3207,1,2,NA,NA,2,OH,2572,0.8285,0.1715,0,0.0086,0.0113,0.0451,0.0583,0.0019,0.0451,0.0354,0.7943,2025-11-17
0.3298,19.3584,11261,Oberlin,2,84230,1183657000,0.5568,0.0886699507,26000,0,0,1,Oberlin College,www.oberlin.edu/,58343,0,00308600,0,0.0117,0.0337,0,0.0884,0.7285,3,NA,1440,3,OH,2950,0.4146,0.5854,0.0932,0,0.0529,0.0441,0.0824,3e-4,0.0949,0.0125,0.6197,2025-11-17
0.8525,23.26783115,7734,Columbus,2,45660,19260460,0.538573508,0.3791469194,26000,0,0,1,Ohio Dominican University,https://www.ohiodominican.edu/,51748,0,00303500,0.0938,0.0089,0,0.2321,0.3901,0.9394,3,30,1150,3,OH,785,0.4854,0.5146,0.0446,0.0038,0.0166,0.2752,0.0611,0,0.0382,0.0306,0.5299,2025-11-17
0.7335,20.040625,9091,Ada,2,52484,212243134,0.415625,0.2356756757,27000,0,0,1,Ohio Northern University,www.onu.edu/,80928,0,00308900,0.0515,0.2238,0.0119,0.1228,0.1896,0.7809,3,71,1290,3,OH,2386,0.5541,0.4459,0.0486,0.0017,0.018,0.0285,0.0432,0.0013,0.0134,0.0457,0.7997,2025-11-17
NA,20.927827561,9642,Wooster,1,22942,4890807,0.5203439089,0.2622386537,19976,0,0,2,Ohio State University Agricultural Technical Institute,ati.osu.edu/,60409,0,00309005,0.0602,0.0226,0,0.015,0.2578,0.5,2,NA,NA,3,OH,431,0.4408,0.5592,0.0186,0,0.0046,0.0255,0.0162,0,0,0.0209,0.9142,2025-11-17
NA,20.927827561,10237,Lima,1,18404,6146871,0.5203439089,0.2622386537,19976,0,0,1,Ohio State University-Lima Campus,lima.osu.edu/,60409,0,00309001,0.2143,0,0,0.1,0.3117,0.3611,3,NA,NA,3,OH,656,0.4573,0.5427,0.0427,0,0.0427,0.0595,0.061,0.0015,0,0.0274,0.7652,2025-11-17
NA,20.927827561,9805,Mansfield,1,22206,3834379,0.5203439089,0.2622386537,19976,0,0,1,Ohio State University-Mansfield Campus,mansfield.osu.edu/,60409,0,00309002,0.0842,0,0,0.0421,0.3132,0.3544,2,NA,NA,3,OH,726,0.4311,0.5689,0.0565,0,0.0372,0.1047,0.0661,0,0.0014,0.0207,0.7135,2025-11-17
NA,20.927827561,10489,Marion,1,18369,6417399,0.5203439089,0.2622386537,19976,0,0,1,Ohio State University-Marion Campus,osumarion.osu.edu/,60409,0,00309003,0.1005,0,0,0.0431,0.2578,0.4598,2,NA,NA,3,OH,842,0.4964,0.5036,0.0439,0.0024,0.0831,0.0511,0.0499,0.0012,0.0036,0.0273,0.7375,2025-11-17
NA,20.927827561,11156,Newark,1,20875,4524389,0.5203439089,0.2622386537,19976,0,0,1,Ohio State University-Newark Campus,newark.osu.edu/,60409,0,00309004,0.1086,0,0,0.0155,0.3411,0.3542,2,NA,NA,3,OH,2302,0.5065,0.4935,0.0526,0.0022,0.0752,0.2042,0.0621,0.0013,0.0013,0.0239,0.5773,2025-11-17
0.5082,20.927827561,13854,Columbus,1,29320,6934968579,0.5203439089,0.2622386537,19976,0,0,1,Ohio State University-Main Campus,www.osu.edu/,60409,0,00309000,0.032,0.1523,0.0234,0.1948,0.1945,0.618,3,NA,1407,3,OH,44617,0.4954,0.5046,0.0459,5e-4,0.0978,0.0789,0.057,4e-4,0.0707,0.0298,0.6189,2025-11-17
NA,23.663749629,8094,Saint Clairsville,1,10263,NA,0.634900623,0.3386957545,21056,0,0,1,Ohio University-Eastern Campus,https://www.ohio.edu/eastern/,52581,0,00310006,0,0,0,0.0513,0.0919,0.5938,3,NA,NA,3,OH,305,0.3311,0.6689,0.0361,0.0066,0.0098,0.0262,0.0066,0,0.0098,0.0623,0.8426,2025-11-17
NA,23.663749629,7918,Chillicothe,1,10876,NA,0.634900623,0.3386957545,21056,0,0,1,Ohio University-Chillicothe Campus,https://www.ohio.edu/chillicothe/,52581,0,00310005,0.0065,0,0,0.1242,0.1618,0.4267,2,NA,NA,3,OH,777,0.3076,0.6924,0.0425,0.0013,0.0051,0.0257,0.0257,0.0013,0.0026,0.0373,0.8584,2025-11-17
NA,23.663749629,8060,Ironton,1,10397,NA,0.634900623,0.3386957545,21056,0,0,1,Ohio University-Southern Campus,https://www.ohio.edu/southern/,52581,0,00310004,0.0263,0,0,0.0395,0.1226,0.4828,2,NA,NA,3,OH,461,0.3319,0.6681,0.0347,0.0022,0,0.0217,0.0043,0.0022,0.0043,0.0759,0.8547,2025-11-17
NA,23.663749629,8492,Lancaster,1,10267,NA,0.634900623,0.3386957545,21056,0,0,1,Ohio University-Lancaster Campus,https://www.ohio.edu/lancaster/,52581,0,00310003,0.0086,0,0,0.1724,0.0948,0.5085,3,NA,NA,3,OH,657,0.379,0.621,0.0365,0.0015,0.0015,0.0289,0.0365,0.0015,0.0015,0.0335,0.8584,2025-11-17
0.8476,23.663749629,9575,Athens,1,28529,648637858,0.634900623,0.3386957545,21056,0,0,1,Ohio University-Main Campus,https://www.ohio.edu/,52581,0,00310000,0.0519,0.0559,0.0027,0.1563,0.2037,0.7441,3,NA,1212,3,OH,18456,0.3898,0.6102,0.0396,8e-4,0.0156,0.0504,0.0451,8e-4,0.0108,0.0185,0.8184,2025-11-17
NA,23.663749629,8544,Zanesville,1,10960,NA,0.634900623,0.3386957545,21056,0,0,1,Ohio University-Zanesville Campus,https://www.ohio.edu/zanesville/,52581,0,00310002,0.0472,0,0,0.0283,0.1045,0.4848,3,NA,NA,3,OH,526,0.2034,0.7966,0.0532,0.0038,0.0057,0.0323,0.0323,0.0038,0.0019,0.0342,0.8327,2025-11-17
0.5067,19.608321377,8784,Delaware,2,66399,277679315,0.4906743185,0.2150537634,27000,0,0,1,Ohio Wesleyan University,https://www.owu.edu/,55624,0,00310900,0.0954,0,0.0141,0.1555,0.2461,0.5872,3,71,1311,3,OH,1450,0.4276,0.5724,0.0469,0,0.0297,0.0717,0.0503,7e-4,0.0538,0.0103,0.7366,2025-11-17
0.833,20.276654412,8339,Westerville,2,47865,116773955,0.59375,0.2612440191,26000,0,0,1,Otterbein University,https://www.otterbein.edu/,53313,0,00311000,0.0829,0.0405,0.0135,0.131,0.2908,0.4313,3,71,1220,3,OH,2055,0.3946,0.6054,0.0545,0.001,0.038,0.1114,0.0599,0.0058,0.0063,0.0277,0.6954,2025-11-17
NA,24.495516211,6905,Perrysburg,1,14019,4065243,0.5753046677,0.4428790984,16667,0,0,2,Owens Community College,https://www.owens.edu/,37275,0,00575300,0.0197,0.003,0,0.1274,0.2241,0.2918,2,NA,NA,2,OH,4184,0.3748,0.6252,0.0399,0.0031,0.01,0.1142,0.1104,0.001,0.0115,0.0098,0.7,2025-11-17
NA,25.113207547,6436,Rio Grande,2,33032,15260284,0.6579163249,0.5242451967,17750,0,0,1,University of Rio Grande,https://www.rio.edu/,41478,0,00311600,0.1016,0.0052,0.0052,0.1276,0.3585,0.3607,2,NA,NA,2,OH,795,0.4075,0.5925,0.0025,0.0025,0.0038,0.0478,0.0101,0.0038,0.0818,0.2063,0.6415,2025-11-17
NA,21.539210911,7336,Portsmouth,1,22190,19162015,0.5309303458,0.4326872708,23000,0,0,1,Shawnee State University,https://www.shawnee.edu/,39596,0,00994200,0.0739,0.0017,0.0172,0.0997,0.351,0.4,3,NA,NA,3,OH,2300,0.4226,0.5774,0.0161,0.0139,0.0083,0.0383,9e-4,0.2061,0.0252,0.1926,0.4987,2025-11-17
NA,25.261133603,8315,Dayton,1,10381,56615951,0.6014527268,0.4523201076,12000,0,0,1,Sinclair Community College,www.sinclair.edu/,37558,0,00311900,0.0095,0.0058,6e-4,0.5134,0.2661,0.3343,1,NA,NA,1,OH,12585,0.4431,0.5569,0.05,0.0122,0.0218,0.1727,0.0538,0.0014,0.0265,0.0404,0.6212,2025-11-17
NA,26.148575021,7223,North Canton,1,11165,8323860,0.5733445096,0.5142787996,13786,0,0,2,Stark State College,www.starkstate.edu/,34661,0,01088100,0.0239,0.0127,0,0.1229,0.2706,0.2645,2,NA,NA,2,OH,5803,0.4174,0.5826,0.0515,0.0036,0.0388,0.1565,0.0143,0.0016,0,0.0074,0.7263,2025-11-17
0.7223,20.142857143,8754,Steubenville,2,42955,79450176,0.5899014778,0.1091370558,23384,0,0,1,Franciscan University of Steubenville,www.franciscan.edu/,50030,0,00303600,0.0542,0,0.0206,0.1645,0.2101,1,3,30,1218,3,OH,2775,0.4418,0.5582,0.0191,0.0029,0.027,0.0123,0.1658,0.004,0.0097,0.0205,0.7387,2025-11-17
NA,25.304245283,6309,Hillsboro,1,15715,3155070,0.661163522,0.5214408233,11457,0,0,2,Southern State Community College,https://www.sscc.edu/,35463,0,01287000,0.0148,0,0,0.2509,0.208,0.4667,2,NA,NA,2,OH,751,0.2663,0.7337,0.032,0,0.0027,0.0266,0.0133,0,0,0.0146,0.9108,2025-11-17
NA,25.825459318,7004,Fremont,1,16522,5382505,0.6089238845,0.528057554,17500,0,0,2,Terra State Community College,https://terra.edu/,36612,0,00827800,0,0,0,0.1434,0.2488,0.2025,1,NA,NA,2,OH,1120,0.5411,0.4589,0.025,0.0045,0.0045,0.092,0.025,9e-4,0.0036,0.0455,0.7991,2025-11-17
0.7977,23.251810137,7010,Tiffin,2,45150,18535036,0.5100563154,0.384279476,27000,0,0,1,Tiffin University,www.tiffin.edu/,35942,0,00312100,0.0115,0,0,0.2693,0.3553,1,3,NA,989,3,OH,1938,0.5026,0.4974,0.0356,0.0015,0.0201,0.1692,0.0093,5e-4,0.0583,0.1837,0.5217,2025-11-17
0.9483,21.438866275,10138,Toledo,1,26190,352657319,0.5252525253,0.3344627299,22250,0,0,1,University of Toledo,www.utoledo.edu/,50632,0,00313100,0.0387,0.147,0.0046,0.1793,0.257,0.7346,3,NA,1209,3,OH,10244,0.4892,0.5108,0.0384,0.0011,0.0346,0.0971,0.0639,8e-4,0.0825,0.0232,0.6584,2025-11-17
NA,28.192307692,NA,Marion,1,NA,NA,0.8269230769,0.5755395683,10665,0,0,3,Tri-Rivers Career Center,www.tririvers.com/,48707,0,02304700,0,0,0,0,0.227,NA,1,NA,NA,1,OH,162,0.2593,0.7407,0.0432,0,0.0123,0.037,0.0432,0,0,0.0247,0.8395,2025-11-17
NA,30.49112426,NA,Piqua,1,NA,NA,0.7159763314,0.6357615894,8793,0,0,3,Upper Valley Career Center,https://www.uppervalleycc.org/o/adult-division,52170,0,02116900,0,0,0,0,0.5752,NA,1,NA,NA,1,OH,113,0.2301,0.7699,0.0354,0,0.0177,0.1593,0.0354,0,0,0,0.7522,2025-11-17
0.8401,24.392,6158,Pepper Pike,2,49537,43318018,0.936,0.3440233236,26250,0,0,1,Ursuline College,www.ursuline.edu/,56878,0,00313400,0,0,0.0053,0.0632,0.3904,0.392,3,30,1140,3,OH,630,0.0746,0.9254,0.0873,0.0032,0.0333,0.2794,0.019,0.0048,0.0444,0.0317,0.4968,2025-11-17
0.7818,21.758163265,5701,North Canton,2,45817,33679794,0.612244898,0.3418259023,27000,0,0,1,Walsh University,https://www.walsh.edu/,59764,0,00313500,0.0994,0,0.003,0.262,0.233,0.9901,3,30,1210,3,OH,1294,0.5085,0.4915,0.0317,8e-4,0.0155,0.0572,0.0317,0,0.0981,0.1685,0.5966,2025-11-17
NA,24.160830091,6651,Marietta,1,13539,560004,0.6394293126,0.4715099715,11000,0,0,1,Washington State College of Ohio,www.wsco.edu/,37988,0,01045300,0.0163,0,0,0.2051,0.2716,0.2525,2,NA,NA,2,OH,1002,0.2914,0.7086,0.021,0.006,0.002,0.017,0.013,0,0,0.0379,0.9032,2025-11-17
0.5273,23.397868561,6193,Wilberforce,2,23450,7209693,0.5630550622,0.4649681529,26468,1,0,1,Wilberforce University,www.wilberforce.edu/,38298,0,00314100,0,0,0,0.4237,0.7436,0.6333,3,51,980,3,OH,602,0.5,0.5,0,0,0,0.7924,0.0017,0,0,0.201,0.005,2025-11-17
0.846,21.612215909,6305,Wilmington,2,41751,26714711,0.5639204545,0.3507462687,24208,0,0,1,Wilmington College,https://www.wilmington.edu/,48491,0,00314200,0.1049,0,0.0112,0.2247,0.3734,0.5888,3,65,1042,3,OH,924,0.4513,0.5487,0.0411,0.0043,0.0043,0.079,0.0346,0.0054,0.0152,0.0617,0.7543,2025-11-17
0.9104,20.19893617,7972,Springfield,2,56353,108829152,0.5223404255,0.2356902357,27000,0,0,1,Wittenberg University,www.wittenberg.edu/,54947,0,00314300,0.1044,0,0.0161,0.1888,0.2941,0.7325,3,39,1153,3,OH,1269,0.498,0.502,0.0623,0.0016,0.011,0.1056,0.0536,0,0.0071,0.0339,0.725,2025-11-17
0.5432,19.418032787,8618,Wooster,2,73075,374948188,0.506557377,0.1433389545,26500,0,0,1,The College of Wooster,https://wooster.edu/,59629,0,00303700,0.0051,0,0.0253,0.038,0.1952,0.8036,3,NA,1370,3,OH,1876,0.4776,0.5224,0.0384,5e-4,0.0416,0.0912,0.0645,0.0011,0.1418,0.0139,0.6071,2025-11-17
0.9515,21.85390215,9761,Dayton,1,23255,134371476,0.5595056712,0.3512629475,22750,0,0,1,Wright State University-Main Campus,https://www.wright.edu/,49500,0,00307800,0.0889,0.0955,0.0072,0.2266,0.3276,0.5627,3,NA,1086,3,OH,6330,0.4573,0.5427,0.0627,0.0017,0.03,0.1175,0.0422,5e-4,0.0267,0.0104,0.7082,2025-11-17
NA,21.85390215,10005,Celina,1,17116,NA,0.5595056712,0.3512629475,22750,0,0,1,Wright State University-Lake Campus,https://lake.wright.edu/,49500,0,00307801,0.1973,0.0762,0,0.4036,0.1584,0.5682,3,NA,NA,3,OH,984,0.4136,0.5864,0.0346,0.001,0.0102,0.0488,0.0234,0.001,0.002,0.002,0.877,2025-11-17
0.8773,20.648297214,9077,Cincinnati,2,62293,225434000,0.5684210526,0.1603348358,23250,0,0,1,Xavier University,https://www.xavier.edu/,64873,0,00314400,0.0306,0.0024,0.0086,0.2031,0.1449,0.5609,3,30,1224,3,OH,4723,0.4415,0.5585,0.0366,6e-4,0.0205,0.1247,0.062,4e-4,0.0131,0.0127,0.7292,2025-11-17
0.8032,21.579777778,8348,Youngstown,1,20028,317554787,0.5504444444,0.3843734881,24000,0,0,1,Youngstown State University,https://ysu.edu/,41544,0,00314500,0.0738,0.0815,0.0077,0.1723,0.3319,1,3,NA,1055,3,OH,7340,0.4665,0.5335,0.0369,0.0016,0.0168,0.0741,0.0465,1e-4,0.0677,0.0401,0.7162,2025-11-17
NA,22.116251483,6462,Muskogee,2,30407,5956616,0.334519573,0.4520547945,26187,0,0,1,Bacone College,www.bacone.edu/,40006,0,00314700,0.0968,0,0,0.1613,0.5296,1,3,NA,NA,3,OK,106,0.5849,0.4151,0.066,0.5377,0,0.1226,0.0755,0,0.0189,0.0943,0.0849,2025-11-17
0.7703,26.345661451,5930,Bartlesville,2,43617,9442913,0.573257468,0.4082568807,24813,0,0,1,Oklahoma Wesleyan University,www.okwu.edu/,59841,0,00315100,0.0533,0,0,0.3733,0.3934,0.3,3,89,NA,3,OK,663,0.5445,0.4555,0.0875,0.0528,0.0151,0.0769,0.1071,0.003,0.0694,0.0377,0.5505,2025-11-17
NA,27.320794148,6393,Bethany,2,41972,41854477,0.5496342738,0.3804713805,21900,0,0,1,Southern Nazarene University,https://www.snu.edu/,54951,0,00314900,0.0554,0,0.0028,0.4515,0.4544,0.5038,3,59,NA,3,OK,1459,0.4777,0.5223,0.085,0.0446,0.0137,0.1371,0.1775,0.0062,0.024,0.0096,0.5024,2025-11-17
NA,24.641994751,7280,Lawton,1,18742,22254434,0.6419947507,0.469858156,21500,0,0,1,Cameron University,https://www.cameron.edu/,40118,0,00315000,0.0766,0.0153,0.0031,0.2634,0.4124,0.5308,3,NA,NA,3,OK,2534,0.3682,0.6318,0.1081,0.0533,0.0221,0.1046,0.1697,0.0055,0.0284,0.041,0.4672,2025-11-17
NA,24.38125,4604,Poteau,1,14477,NA,0.621875,0.5181898846,9362,0,0,2,Carl Albert State College,https://www.carlalbert.edu/,34117,1,00317600,0.0643,0.0111,0,0.1175,0.4853,0.5238,2,NA,NA,2,OK,1215,0.2634,0.7366,0.1481,0.1868,0.0107,0.0198,0.107,8e-4,0,0.0296,0.4971,2025-11-17
0.8176,22.905901116,8018,Edmond,1,25913,51864421,0.6142122984,0.3719072667,21000,0,0,1,University of Central Oklahoma,https://www.uco.edu/,48351,0,00315200,0.0642,0.0303,0.0022,0.1701,0.3546,1,3,NA,1050,3,OK,10132,0.3767,0.6233,0.1174,0.0366,0.0469,0.0823,0.1527,0.0012,0.0309,0.0128,0.5192,2025-11-17
NA,25.225016545,5458,Warner,1,18630,NA,0.6532097948,0.4286792453,11500,0,0,2,Connors State College,connorsstate.edu/,38469,1,00315300,0.0167,0,0.0028,0.0723,0.4739,0.4634,2,NA,NA,2,OK,1672,0.2901,0.7099,0.2799,0.1657,0.0054,0.052,0.0161,0.0012,0.0478,0.0108,0.4211,2025-11-17
0.6555,22.815598149,6383,Ada,1,17559,35552616,0.5875743556,0.4641319943,17671,0,0,1,East Central University,https://www.ecok.edu/,44962,1,00315400,0.0346,0,0.0132,0.1928,0.3982,1,3,NA,1019,3,OK,2157,0.3968,0.6032,0.0241,0.1905,0.0593,0.0858,0.0779,0.0028,0.007,0.0464,0.5063,2025-11-17
NA,24.166852058,5307,Wilburton,1,18166,3697692,0.6685205784,0.5257214555,11900,0,0,2,Eastern Oklahoma State College,www.eosc.edu/,38658,1,00315500,0.0287,0,0,0.1107,0.4176,1,2,NA,NA,2,OK,950,0.2832,0.7168,0.0042,0.2789,0.0063,0.0621,0.0568,0.0011,0,0.0379,0.5526,2025-11-17
NA,23.930294906,5535,El Reno,1,15366,1004103,0.6112600536,0.4394409938,6750,0,0,2,Redlands Community College,www.redlandscc.edu/,37224,1,00315600,0.0086,0,0,0.073,0.2179,0.3605,2,NA,NA,2,OK,857,0.3781,0.6219,0.0782,0.0933,0.0082,0.0712,0.1529,0.0023,0,0.0105,0.5834,2025-11-17
0.4481,24.210084034,3983,Moore,2,28287,599970,0.4369747899,0.4020100503,22626,0,1,1,Randall University,www.ru.edu/,42051,0,01026600,0.0364,0,0,0.1636,0.3941,0.3276,3,41,1020,3,OK,262,0.626,0.374,0.0992,0.0649,0.0038,0.0382,0.271,0,0.0725,0.0305,0.4198,2025-11-17
NA,21.671983356,6242,Langston,1,21012,50304557,0.6067961165,0.3640776699,26000,1,0,1,Langston University,www.langston.edu/,33261,0,00315700,0.1118,0.0064,0,0.0927,0.6843,0.8194,3,NA,NA,3,OK,1743,0.4137,0.5863,0.0327,0.0631,0.0029,0.7613,0.0465,0.0011,0.0402,0.0149,0.0373,2025-11-17
NA,23.998454405,4825,Tishomingo,1,22189,25296,0.6684698609,0.5573089701,13387,0,0,2,Murray State College,https://www.mscok.edu/,36545,0,00315800,0.0938,0,0,0.0964,0.2866,1,2,NA,NA,2,OK,1517,0.2742,0.7258,0.147,0.0382,0.0046,0.029,0.1325,0.0046,0,0.0066,0.6374,2025-11-17
0.9921,24.979135168,8110,Tahlequah,1,19274,25353350,0.6183852434,0.418079096,17367,0,0,1,Northeastern State University,https://www.nsuok.edu/,45379,1,00316100,0.1086,0,0.0048,0.2165,0.4243,0.7781,3,NA,1050,3,OK,4636,0.3837,0.6163,0.1486,0.2211,0.0255,0.0481,0.0809,0.0011,0.016,0.0177,0.4411,2025-11-17
NA,22.930536131,6401,Tonkawa,1,14956,8270769,0.5944055944,0.409984068,11000,0,0,2,Northern Oklahoma College,www.noc.edu/,37566,1,00316200,0.0965,0,0,0.1427,0.2993,1,2,NA,NA,2,OK,1865,0.3571,0.6429,0.0257,0.1421,0.0123,0.0499,0.126,0.0107,0.0139,0.0327,0.5866,2025-11-17
NA,22.69210698,5669,Miami,1,18065,5874758,0.5264187867,0.4162399415,11000,0,0,2,Northeastern Oklahoma A&M College,https://www.neo.edu/,38337,1,00316000,0.0785,0.0101,0,0.1519,0.5172,0.5977,2,NA,NA,2,OK,1583,0.3917,0.6083,0.1011,0.1611,0.0038,0.1301,0.0985,0.0019,0.0335,0.0019,0.4681,2025-11-17
0.6643,23.652126499,7101,Alva,1,20993,33224416,0.6063249727,0.430952381,17355,0,0,1,Northwestern Oklahoma State University,www.nwosu.edu/,44358,0,00316300,0.105,0,0.0029,0.1953,0.4068,0.5705,3,NA,1015,3,OK,1468,0.4162,0.5838,0.03,0.0824,0.0075,0.079,0.1574,0.0027,0.015,0.0238,0.6022,2025-11-17
0.9707,20.193905817,7118,Edmond,2,38029,50318278,0.5221606648,0.1784172662,26000,0,0,1,Oklahoma Christian University,www.oc.edu/,49203,0,00316500,0.0545,0.0909,0.0104,0.1299,0.3015,0.2473,3,74,1117,3,OK,1897,0.4244,0.5756,0.0854,0.0269,0.0279,0.1281,0.1065,5e-4,0,0.0084,0.6162,2025-11-17
NA,22.291889415,9423,Oklahoma City,1,NA,711383000,0.5573545135,0.2836890989,20654,0,0,1,University of Oklahoma-Health Sciences Center,ouhsc.edu/,63126,0,00318401,0,0,0,0,0,0.6682,3,NA,NA,3,OK,1143,0.1207,0.8793,0.0087,0.0394,0.077,0.0481,0.1172,9e-4,0.0052,0.0954,0.608,2025-11-17
NA,22.732638889,4982,Goodwell,1,14356,13192486,0.4739583333,0.4123314066,12500,0,1,1,Oklahoma Panhandle State University,https://opsu.edu/,44933,0,00317400,0.0294,0,0.0027,0.115,0.4356,0.7258,3,NA,NA,3,OK,997,0.4193,0.5807,0.0261,0.0632,0.007,0.1274,0.2187,0,0.0572,0.006,0.4945,2025-11-17
0.7093,21.458398744,10695,Stillwater,1,25915,561195906,0.5257599543,0.2863196126,20500,0,0,1,Oklahoma State University-Main Campus,www.okstate.edu/,57413,0,00317000,0.0394,0.1165,0.0067,0.2534,0.2604,0.8781,3,NA,1145,3,OK,20814,0.4782,0.5218,0.1084,0.0479,0.0213,0.0424,0.0969,0.0014,0.0157,0.0013,0.6647,2025-11-17
NA,27.051718385,6669,Oklahoma City,1,12096,168996,0.6322989656,0.4842718447,14250,0,0,1,Oklahoma State University-Oklahoma City,osuokc.edu/,41307,0,00964700,0,0,0,0.0733,0.3009,1,2,NA,NA,2,OK,3424,0.3601,0.6399,0.0859,0.045,0.0234,0.1127,0.1951,9e-4,0,0.0073,0.5298,2025-11-17
0.5568,20.096670247,7084,Shawnee,2,46950,166959896,0.5714285714,0.2573696145,24801,0,0,1,Oklahoma Baptist University,https://www.okbu.edu/,48434,0,00316400,0.096,0,0.0166,0.1291,0.3068,0.6493,3,54,1173,3,OK,1292,0.4582,0.5418,0.1672,0.0658,0.0124,0.0681,0.0201,8e-4,0.0132,0.0248,0.6277,2025-11-17
NA,25.085865017,7198,Oklahoma City,1,11439,429724,0.6292523194,0.4891839794,10388,0,0,2,Oklahoma City Community College,www.occc.edu/,38146,0,01039100,0.0191,0.0159,0.0037,0.1089,0.2783,1,2,NA,NA,2,OK,9578,0.3579,0.6421,0.0744,0.0406,0.0518,0.1089,0.2356,0.0019,0.0174,0.0503,0.419,2025-11-17
0.7039,24.117808219,7602,Oklahoma City,2,46144,144055363,0.6931506849,0.2679355783,20835,0,0,1,Oklahoma City University,www.okcu.edu/,54655,0,00316600,0.0517,0,0.0057,0.0805,0.2256,0.5861,3,71,1150,3,OK,1433,0.3398,0.6602,0.083,0.0167,0.0258,0.0628,0.1298,0.0014,0.0482,0.0063,0.626,2025-11-17
0.7654,22.291889415,10741,Norman,1,28833,1641827000,0.5573545135,0.2836890989,20654,0,0,1,University of Oklahoma-Norman Campus,https://www.ou.edu/,63126,0,00318400,0.031,0.1079,0.0075,0.2545,0.2376,0.8448,3,NA,1239,3,OK,21496,0.4865,0.5135,0.0993,0.0334,0.0709,0.0488,0.1421,7e-4,0.0264,0.0132,0.5652,2025-11-17
NA,24.493678507,5241,Okmulgee,1,16778,5509524,0.3762793498,0.4350433045,11334,0,0,1,Oklahoma State University Institute of Technology,https://osuit.edu/,45634,1,00317200,0.0218,0,0,0.0602,0.4005,0.5828,2,NA,NA,2,OK,2131,0.695,0.305,0.1534,0.1323,0.0117,0.0455,0.091,0.0019,0.0075,0.0023,0.5542,2025-11-17
0.986,24.045634921,7658,Tulsa,2,47367,46998940,0.6058201058,0.309352518,27000,0,0,1,Oral Roberts University,https://oru.edu/,46885,0,00398500,0.0516,0.0368,0.0166,0.2468,0.3353,0.4193,3,79,1183,3,OK,3322,0.4118,0.5882,0.0421,0.0241,0.0427,0.1309,0.1613,0,0.1779,0.0635,0.3573,2025-11-17
NA,24.16318205,6283,Claremore,1,21023,17352706,0.6272310046,0.425519955,20500,0,0,1,Rogers State University,https://www.rsu.edu/,43166,1,00316800,0.0583,0,0,0.1996,0.3782,0.5422,3,NA,NA,3,OK,2552,0.3828,0.6172,0.134,0.1936,0.0216,0.0368,0.0835,0.0016,0.0286,0.0239,0.4765,2025-11-17
NA,25.784606548,5543,Midwest City,1,17151,NA,0.6680068926,0.4689909487,10453,0,0,2,Rose State College,https://www.rose.edu/,37555,0,00918500,0.011,0.0198,0.0033,0.1422,0.2885,0.393,2,NA,NA,2,OK,4546,0.3313,0.6687,0.1192,0.0403,0.0183,0.1353,0.1366,0.0026,4e-4,0.1276,0.4197,2025-11-17
0.5577,22.040268456,6289,Chickasha,1,21258,17779264,0.7046979866,0.4317617866,21750,0,0,1,University of Science and Arts of Oklahoma,https://usao.edu/,41913,1,00316700,0.0875,0,0.0125,0.2,0.4703,0.6456,3,NA,1143,3,OK,896,0.3359,0.6641,0.1105,0.0525,0.01,0.0435,0.0391,0,0.0737,0.0379,0.6328,2025-11-17
NA,23.402394107,5334,Seminole,1,22868,2104364,0.6473296501,0.4851889683,11000,0,0,2,Seminole State College,www.sscok.edu/,35390,1,00317800,0.0526,0.0117,0,0.1199,0.3604,0.6825,2,NA,NA,2,OK,1076,0.3058,0.6942,0.0149,0.289,0.0056,0.052,0.0697,0.0037,0.0139,0.0121,0.539,2025-11-17
0.8034,24.239446367,7275,Durant,1,17393,30202019,0.5771626298,0.4446130501,17000,0,0,1,Southeastern Oklahoma State University,www.se.edu/,45079,1,00317900,0.0475,0,0.011,0.2267,0.401,1,3,NA,1084,3,OK,3031,0.4273,0.5727,0.1881,0.1241,0.0079,0.0584,0.0947,7e-4,0.0191,0.001,0.5061,2025-11-17
NA,25.067982456,5677,Bethany,2,32625,2208477,0.5043859649,0.403892944,20715,0,0,1,Southwestern Christian University,www.swcu.edu/,40391,0,00318000,0.0484,0,0,0.2581,0.4109,0.434,3,47,NA,3,OK,351,0.5698,0.4302,0.0684,0.0798,0.0114,0.1311,0.0883,0.0028,0.1481,0.0199,0.4501,2025-11-17
1,22.870431894,7886,Weatherford,1,22973,39368227,0.6013289037,0.4062827225,15954,0,0,1,Southwestern Oklahoma State University,https://www.swosu.edu/,45744,0,00318100,0.0947,0.003,0.004,0.1326,0.3846,0.9953,3,NA,1050,3,OK,3469,0.375,0.625,0.1003,0.0392,0.0104,0.051,0.1444,9e-4,0.0167,0.017,0.6201,2025-11-17
NA,25.508828475,8568,Tulsa,1,12522,13286529,0.6292040359,0.4306451613,12223,0,0,2,Tulsa Community College,www.tulsacc.edu/,39746,0,00976300,0.0042,0.0258,0.0177,0.141,0.3572,1,2,NA,NA,2,OK,11397,0.342,0.658,0.1199,0.0667,0.0462,0.0832,0.1618,0.002,0.0268,0.0386,0.4549,2025-11-17
0.5799,20.916344916,11232,Tulsa,2,63093,1275501000,0.4942084942,0.2284946237,21500,0,0,1,University of Tulsa,https://utulsa.edu/,61408,0,00318500,0.0111,0.172,0.0277,0.1928,0.2614,0.7579,3,66,1325,3,OK,2447,0.4933,0.5067,0.0944,0.0302,0.0793,0.0776,0.1291,0.0016,0.0454,0.0535,0.4888,2025-11-17
NA,24.282278481,6109,Altus,1,16367,6808394,0.6303797468,0.4743975904,9500,0,1,2,Western Oklahoma State College,www.wosc.edu/,38248,0,00314600,0.0283,0,0.0324,0.0769,0.3318,0.434,2,NA,NA,2,OK,774,0.3682,0.6318,0.1034,0.0168,0.0065,0.0814,0.2377,0.0013,0.0543,0.0375,0.4612,2025-11-17
NA,26,NA,Woodward,1,NA,NA,0.6060606061,0.6078431373,PS,0,0,3,High Plains Technology Center,https://www.hptc.edu/,33734,0,02282100,0.0231,0,0,0.0347,0.072,NA,1,NA,NA,1,OK,123,0.6992,0.3008,0.3089,0.0488,0.0081,0,0.1463,0.0163,0,0,0.4715,2025-11-17
NA,25.290578888,8125,Pendleton,1,18425,3706484,0.628830874,0.5006896552,12000,0,1,2,Blue Mountain Community College,https://www.bluecc.edu/,38375,0,00318600,0.0902,0,0,0.0902,0.3716,0.3407,2,NA,NA,2,OR,977,0.3889,0.6111,0.0235,0.045,0.0102,0.0154,0.2989,0.0041,0,0.173,0.4299,2025-11-17
NA,25.382158161,8847,Bend,1,17222,23162910,0.5660303857,0.393659181,12000,0,0,2,Central Oregon Community College,www.cocc.edu/,38940,0,00318800,0.0248,0.0014,0,0.069,0.2416,0.4419,2,NA,NA,2,OR,3577,0.4621,0.5379,0.0498,0.0182,0.0162,0.0098,0.1476,0.0034,0,0.0777,0.6774,2025-11-17
NA,25.069875151,8985,Salem,1,15427,6845159,0.5684655658,0.487960688,12822,0,1,1,Chemeketa Community College,www.chemeketa.edu/,40968,0,00321800,0.0278,0.0097,0,0.123,0.3393,0.4141,2,NA,NA,2,OR,6457,0.4505,0.5495,0.0437,0.0183,0.0206,0.0136,0.3359,0.0091,0.002,0.0494,0.5074,2025-11-17
NA,25.782931354,9793,Oregon City,1,10725,24800023,0.5532467532,0.4563065002,11992,0,0,2,Clackamas Community College,www.clackamas.edu/,42886,0,00487800,0.0074,0.0243,0,0.1603,0.243,0.2993,2,NA,NA,2,OR,4575,0.4798,0.5202,0.0566,0.0107,0.0358,0.0269,0.1989,0.0046,0.0037,0.0603,0.6024,2025-11-17
NA,26.781176471,8932,Astoria,1,20922,5723150,0.5882352941,0.5268817204,11602,0,0,2,Clatsop Community College,www.clatsopcc.edu/,39477,0,00318900,0,0,0,0.0319,0.3782,0.4,2,NA,NA,1,OR,506,0.3676,0.6324,0.0158,0.0059,0.004,0.0119,0.2411,0.0059,0,0.2332,0.4822,2025-11-17
0.9876,26.522085445,8157,La Grande,1,24602,17504422,0.5973931933,0.46485623,20500,0,0,1,Eastern Oregon University,www.eou.edu/,50112,0,00319300,0.2229,0,0.0074,0.2184,0.3598,0.5862,3,NA,NA,3,OR,2201,0.4303,0.5697,0.0536,0.0159,0.0082,0.0218,0.1368,0.0259,0.0073,0.0418,0.6888,2025-11-17
0.9641,22.652242329,8345,Newberg,2,55456,29152661,0.5617623918,0.2756302521,24250,0,0,1,George Fox University,https://www.georgefox.edu/,59761,0,00319400,0.1102,0.0652,0.0078,0.1568,0.2675,0.341,3,65,1170,3,OR,2505,0.4064,0.5936,0.079,0.006,0.0515,0.0164,0.1609,0.0084,8e-4,0.022,0.6551,2025-11-17
NA,25.576447303,9391,Eugene,1,17149,14945874,0.5410687778,0.4184397163,14761,0,0,2,Lane Community College,https://www.lanecc.edu/,38075,0,00319600,5e-4,0,0,0.0246,0.2944,0.481,2,NA,NA,2,OR,5861,0.4711,0.5289,0.0828,0.0125,0.0254,0.0215,0.1703,0.0027,0.0188,0.0258,0.6403,2025-11-17
0.7453,19.694256757,10807,Portland,2,76690,322345847,0.6199324324,0.173380035,19500,0,0,1,Lewis & Clark College,www.lclark.edu/,62205,0,00319700,0,0,0.0164,0,0.1928,0.9579,3,NA,1321,3,OR,2167,0.3636,0.6364,0.0858,0,0.0461,0.0268,0.1246,0.0023,0.0512,0.0078,0.6553,2025-11-17
0.8793,23.990541702,7449,McMinnville,2,63825,104666409,0.7007738607,0.3032258065,25000,0,0,1,Linfield University,https://www.linfield.edu/,78638,0,00319800,0.0353,0.0037,0.0111,0.0835,0.2831,1,3,NA,NA,3,OR,1642,0.3618,0.6382,0.0767,0.0055,0.0579,0.0158,0.2168,0.0079,0.0049,0.0104,0.6041,2025-11-17
NA,24.524225229,9042,Albany,1,17864,10868319,0.5447402881,0.4001996008,11961,0,0,2,Linn-Benton Community College,https://www.linnbenton.edu/,41363,0,00693800,0.0095,0.0118,0.0012,0.0675,0.2786,0.4307,2,NA,NA,2,OR,4807,0.4481,0.5519,0.0526,0.0119,0.0229,0.0108,0.1333,0.0033,0.0079,0.1643,0.5929,2025-11-17
NA,26.226031215,10097,Gresham,1,14032,NA,0.5749721293,0.4813179348,13667,0,0,1,Mt Hood Community College,www.mhcc.edu/,41125,0,00320400,0.0139,0.0093,0,0.0913,0.2136,0.382,2,NA,NA,2,OR,3540,0.4189,0.5811,0.0805,0.0045,0.0771,0.0528,0.2093,0.0056,0.0169,0.0195,0.5336,2025-11-17
0.6636,27.915254237,5733,Eugene,2,45535,17067714,0.6355932203,0.3476923077,23500,0,0,1,Bushnell University,www.bushnell.edu/,53623,0,00320800,0.062,0,0.0388,0.2248,0.3438,1,3,61,1120,3,OR,533,0.4353,0.5647,0.0807,0.0094,0.0394,0.0281,0.1407,0.0188,0.03,0.0319,0.621,2025-11-17
NA,30.191679049,12737,Portland,1,NA,1200089000,0.7667161961,0.3155416013,16625,0,0,1,Oregon Health & Science University,www.ohsu.edu/,101028,0,00488200,0,0,0,0,0.2806,0.586,3,NA,NA,3,OR,788,0.1815,0.8185,0.0558,0.0013,0.0635,0.0254,0.2132,0.0051,0.0063,0.0063,0.6231,2025-11-17
0.9167,26.304408677,8314,Klamath Falls,1,26675,30634453,0.4947515745,0.3946564885,22500,0,0,1,Oregon Institute of Technology,https://www.oit.edu/,72273,0,00321100,0,0.1599,0,0.0528,0.1922,0.9775,3,NA,1165,3,OR,2913,0.5118,0.4882,0.0669,0.0103,0.0649,0.0179,0.1699,0.0055,0.0096,0.0124,0.6426,2025-11-17
0.7885,23.684235129,11396,Corvallis,1,29926,865336550,0.5083557321,0.31369606,21221,0,0,1,Oregon State University,https://oregonstate.edu/,64010,0,00321000,0.0101,0.1543,0.0106,0.1344,0.2236,0.7202,3,NA,NA,3,OR,29557,0.5124,0.4876,0.0705,0.0061,0.083,0.0211,0.126,0.0033,0.0287,0.0241,0.6372,2025-11-17
0.8511,21.175438596,12039,Eugene,1,32636,1369321175,0.581754386,0.2844585749,20139,0,0,1,University of Oregon,https://www.uoregon.edu/,61324,0,00322300,0.0247,0,0.0078,0.1547,0.2198,0.697,3,NA,1257,3,OR,19758,0.4387,0.5613,0.0953,0.0051,0.0682,0.0266,0.1576,0.0038,0.0144,0.011,0.6181,2025-11-17
0.6854,21.957219251,8071,Portland,2,67040,61305800,0.7326203209,0.1796407186,25000,0,0,1,Pacific Northwest College of Art,willamette.edu/pnca/index.html,34883,0,00320700,0,0,0,0,0.4415,0.1825,3,NA,NA,3,OR,412,0.2063,0.7937,0.0874,0.0049,0.034,0.0461,0.1165,0.0073,0.0194,0.0655,0.6189,2025-11-17
0.9176,21.542046606,8863,Forest Grove,2,69330,57128420,0.6058763931,0.2857142857,23223,0,0,1,Pacific University,https://www.pacificu.edu/,60583,0,00321200,0.0957,0,0.0101,0.1033,0.2672,0.6916,3,NA,1123,3,OR,1556,0.4216,0.5784,0.1324,0.0026,0.135,0.0244,0.1909,0.0257,0.0077,0.0418,0.4396,2025-11-17
NA,26.571973163,8581,Portland,1,17271,15857448,0.5564196401,0.4399602745,12999,0,0,2,Portland Community College,www.pcc.edu/,44592,0,00321300,0.0111,0.0016,0,0.0706,0.3056,0.3131,2,NA,NA,2,OR,18365,0.438,0.562,0.0671,0.0072,0.079,0.0569,0.2244,0.0071,0.0079,0.0472,0.5031,2025-11-17
0.9091,25.953321576,11322,Portland,1,22449,99102595,0.5823633157,0.391093011,20500,0,1,1,Portland State University,www.pdx.edu/,57906,0,00321600,0.0073,0.0533,0.0088,0.2017,0.3956,0.5388,3,NA,NA,3,OR,13619,0.4353,0.5647,0.0817,0.0059,0.0957,0.0512,0.2278,0.0073,0.0247,0.0245,0.4812,2025-11-17
0.9539,20.026041667,10142,Portland,2,69183,298989000,0.6276041667,0.1792792793,21370,0,0,1,University of Portland,https://www.up.edu/,82804,0,00322400,0.0358,0.0809,0.0058,0.1295,0.1858,0.5676,3,30,1277,3,OR,3104,0.3724,0.6276,0.0966,0.0035,0.2126,0.0274,0.1836,0.0142,0.0332,0.0113,0.4175,2025-11-17
0.2716,19.426630435,12386,Portland,2,83310,696435203,0.5760869565,PS,21500,0,0,1,Reed College,https://www.reed.edu/,62927,0,00321700,0,0,0.0518,0,0.1228,0.9425,3,NA,1420,3,OR,1407,0.4165,0.5835,0.1002,0.0043,0.0846,0.0135,0.1201,0,0.0718,0.0078,0.5977,2025-11-17
NA,27.354619565,9069,Grants Pass,1,15685,13330300,0.5608016304,0.5263793798,17042,0,0,2,Rogue Community College,www.roguecc.edu/,36845,0,01018200,0.014,0.0153,0,0.129,0.4321,0.1957,2,NA,NA,1,OR,3395,0.4191,0.5809,0.0507,0.01,0.015,0.0121,0.2436,0.0074,3e-4,0.0239,0.6371,2025-11-17
0.8266,24.490536278,9114,Ashland,1,25950,34526543,0.6193480547,0.4037692747,20332,0,0,1,Southern Oregon University,www.sou.edu/,49175,0,00321900,0.1069,0,0.0144,0.1116,0.2434,0.5407,3,NA,NA,3,OR,2911,0.359,0.641,0.1013,0.0148,0.0196,0.0189,0.1384,0.0151,0.0117,0.1326,0.5476,2025-11-17
NA,23.540892193,7332,Coos Bay,1,16303,4024579,0.5799256506,0.4744680851,12000,0,0,2,Southwestern Oregon Community College,www.socc.edu/,38349,0,00322000,0.0102,0.0081,0,0.0692,0.3612,1,2,NA,NA,2,OR,1199,0.382,0.618,0.0742,0.0275,0.0158,0.015,0.1376,0.0125,0.04,0.0175,0.6597,2025-11-17
NA,25.30976431,6059,Ontario,1,13643,8735192,0.5521885522,0.4815184815,12000,0,0,2,Treasure Valley Community College,https://www.tvcc.cc/,36738,0,00322100,0.0478,0,0,0.0506,0.4447,0.4211,1,NA,NA,2,OR,928,0.4364,0.5636,0.0075,0.0054,0.0065,0.0108,0.2554,0.0054,0.0065,0.1336,0.569,2025-11-17
NA,26.485634847,8167,Roseburg,1,17613,12231998,0.5996292864,0.4850498339,9000,0,0,2,Umpqua Community College,https://www.umpqua.edu/,36676,0,00322200,0,0,0,0.3718,0.317,0.328,2,NA,NA,2,OR,1974,0.3784,0.6216,0.0694,0.0132,0.0218,0.0208,0.1358,0.0056,0.002,0.0243,0.7072,2025-11-17
0.5855,28.621848739,7337,Portland,2,32975,12352026,0.6840336134,0.4658869396,25000,0,1,1,Warner Pacific University,https://www.warnerpacific.edu/,55204,0,00322500,0.0368,0,0,0.1176,0.464,0.9706,3,57,NA,3,OR,344,0.3605,0.6395,0.0349,0.0174,0.1366,0.1221,0.3198,0.0203,0.0029,0.0058,0.3401,2025-11-17
0.8974,20.529739777,6681,Salem,2,50556,777769,0.624535316,0.2252427184,22625,0,0,1,Corban University,https://www.corban.edu/,48917,0,00133900,0.0519,0,0.0216,0.1429,0.281,0.4206,3,54,NA,3,OR,636,0.4088,0.5912,0.0786,0.0047,0.022,0.0236,0.1509,0.0079,0.0063,0.0975,0.6085,2025-11-17
0.7911,19.50229709,10914,Salem,2,62112,245223200,0.5696784074,0.192,21500,0,0,1,Willamette University,www.willamette.edu/,56911,0,00322700,0,0,0.0234,0,0.218,0.6667,3,NA,1339,3,OR,1525,0.3934,0.6066,0.0859,0.0052,0.0393,0.0243,0.1416,0.0072,0.0131,0.0216,0.6616,2025-11-17
0.9869,22.3541013,7313,Monmouth,1,23975,18996675,0.6297624384,0.4193877551,20609,0,1,1,Western Oregon University,https://wou.edu/,51815,0,00320900,0.1895,0,0.012,0.0898,0.4,0.7582,3,NA,1057,3,OR,3211,0.3609,0.6391,0.066,0.0103,0.0258,0.0336,0.2516,0.0149,0.0072,0.0159,0.5746,2025-11-17
0.742,20.267973856,7657,Bryn Athyn,2,39685,60565457,0.522875817,0.3381294964,22250,0,0,1,Bryn Athyn College of the New Church,www.brynathyn.edu/,40457,0,00322800,0.0893,0,0,0.3571,0.4632,0.68,3,99,1174,3,PA,273,0.5128,0.4872,0.0293,0,0.0403,0.1575,0.0623,0,0.0256,0.0879,0.5971,2025-11-17
0.8615,22.133385951,6670,Reading,2,44381,63838000,0.6258879242,0.3605263158,27000,0,0,1,Albright College,www.albright.edu/home/,58700,0,00322900,0,0,0.004,0.26,0.5039,0.7582,3,71,NA,3,PA,1296,0.4437,0.5563,0.0671,0.0015,0.027,0.2215,0.2037,0,0.0154,0.0108,0.4529,2025-11-17
NA,24.959869406,6643,Pittsburgh,1,13905,18078953,0.5916201877,0.4062852538,12680,0,0,2,Community College of Allegheny County,https://www.ccac.edu/,39449,0,00323100,0.0012,0.0016,0.0082,0.1024,0.2925,0.3048,2,NA,NA,2,PA,9305,0.4578,0.5422,0.0464,0.0025,0.047,0.1772,0.0457,9e-4,1e-4,0.0786,0.6017,2025-11-17
0.5853,19.510506799,8452,Meadville,2,70614,264303547,0.5290482077,0.2213333333,27000,0,0,1,Allegheny College,https://allegheny.edu/,62069,0,00323000,0,0,0.0108,0.0596,0.2515,0.7366,3,71,1292,3,PA,1209,0.4839,0.5161,0.0422,8e-4,0.0289,0.0802,0.0794,0,0.0505,0.0223,0.6956,2025-11-17
0.7858,23.333877551,8817,Center Valley,2,59409,86456856,0.6571428571,0.2954747116,25788,0,0,1,DeSales University,www.desales.edu/,61295,0,00398600,0.0467,0,0.0072,0.1957,0.2288,0.3726,3,30,1199,3,PA,2113,0.3535,0.6465,0.0208,0,0.0487,0.0568,0.1458,9e-4,5e-4,0.0222,0.7042,2025-11-17
0.6232,24.968006563,7924,Reading,2,54650,15583269,0.7112387203,0.4500458295,27000,0,0,1,Alvernia University,https://www.alvernia.edu/,55055,0,00323300,0.0333,0,0.0044,0.1286,0.337,1,3,30,1160,3,PA,2042,0.3692,0.6308,0.0323,0.0015,0.0152,0.1043,0.1533,0,0.0431,0.0397,0.6107,2025-11-17
NA,NA,11362,King of Prussia,2,NA,42247027,NA,NA,NA,0,0,1,American College of Financial Services,https://www.theamericancollege.edu/,NA,0,03317300,0,0,0,1,0,1,1,NA,NA,NA,PA,3963,0.7035,0.2965,0.0129,0.0025,0.0262,0.0298,0.0131,0.0015,0,0.5173,0.3967,2025-11-17
NA,24.13174114,5910,Monaca,1,11329,1984303,0.562403698,0.4003436426,14923,0,0,2,Community College of Beaver County,https://www.ccbc.edu/,45090,0,00680700,0.0255,0.0146,0.0036,0.1423,0.2531,0.3814,2,NA,NA,2,PA,1092,0.4011,0.5989,0.0467,0.0064,0.0064,0.0797,0.0385,9e-4,9e-4,0.0266,0.794,2025-11-17
0.7919,20.176423416,8734,Glenside,2,61240,84484000,0.6840417001,0.3067010309,27000,0,0,1,Arcadia University,https://www.arcadia.edu/,58336,0,00323500,0.08,0,0.02,0.125,0.2765,0.3914,3,NA,1210,3,PA,1799,0.3719,0.6281,0.0195,0.0056,0.0506,0.1451,0.1001,6e-4,0.0812,0.0378,0.5598,2025-11-17
0.3106,20.146511628,11943,Bryn Mawr,2,79380,1201149000,0.9488372093,0.1515892421,25000,0,0,1,Bryn Mawr College,www.brynmawr.edu/,75217,0,00323700,0,0,0.0794,0,0.1434,0.8419,3,NA,1404,3,PA,1346,0,1,0.0713,7e-4,0.1144,0.0505,0.1018,0,0.1315,0.0282,0.5015,2025-11-17
0.3201,19.535871157,12727,Lewisburg,2,79956,1070375000,0.5183016105,0.1200607903,27000,0,0,1,Bucknell University,www.bucknell.edu/,93807,0,00323800,0.0311,0.1984,0.0196,0.1615,0.111,1,3,NA,1389,3,PA,3818,0.4717,0.5283,0.0398,3e-4,0.0453,0.0437,0.0796,3e-4,0.0443,5e-4,0.7462,2025-11-17
NA,23.614709111,7437,Newtown,1,12901,9723822,0.5938529089,0.4724637681,12000,0,0,2,Bucks County Community College,www.bucks.edu/,47324,0,00323900,0.0835,0.0151,0.004,0.1962,0.2209,0.2366,2,NA,NA,2,PA,5199,0.4182,0.5818,0.0279,0.0052,0.0598,0.0723,0.1264,8e-4,0.0021,0.0306,0.67490000000000006,2025-11-17
NA,23.858053302,7483,Butler,1,11152,3459915,0.6152954809,0.4273670558,10020,0,0,2,Butler County Community College,https://www.bc3.edu/,38891,0,00324000,0.0466,0.007,0,0.2401,0.3477,0.2984,2,NA,NA,2,PA,1882,0.373,0.627,0.0409,5e-4,0.0149,0.0271,0.0244,5e-4,0.0043,0.0244,0.8629,2025-11-17
0.871,24.440217391,7616,Pittsburgh,2,46864,37743958,0.8467391304,0.3683574879,25500,0,0,1,Carlow University,www.carlow.edu/,51051,0,00330300,0.122,0,0,0.126,0.4122,1,3,30,NA,3,PA,1336,0.1654,0.8346,0.0389,0.0045,0.0352,0.1916,0.0412,7e-4,0.0097,0.009,0.6692,2025-11-17
0.114,19.340872375,13724,Pittsburgh,2,80514,3032907673,0.4725363489,0.0995024876,21750,0,0,1,Carnegie Mellon University,www.cmu.edu/,114862,0,00324200,0,0.2193,0.1242,0.0911,0.1521,0.9246,3,NA,1545,3,PA,7187,0.4997,0.5003,0.0541,3e-4,0.3356,0.0424,0.108,4e-4,0.1913,0.0516,0.2162,2025-11-17
0.9913,25.130952381,7128,Allentown,2,56240,34464051,0.955026455,0.433681073,27000,0,0,1,Cedar Crest College,www.cedarcrest.edu/,59460,0,00324300,0.0651,0,0.0068,0.089,0.3861,0.471,3,NA,1070,3,PA,857,0.0735,0.9265,0.0268,0.0012,0.0303,0.0922,0.1715,0,0.0642,0.1179,0.4959,2025-11-17
0.7011,22.759717314,7898,Pittsburgh,2,56981,93131085,0.7508833922,0.2969348659,23250,0,0,1,Chatham University,www.chatham.edu/,52410,0,00324400,0.0113,0,0.0414,0.0977,0.2108,1,3,NA,1205,3,PA,1252,0.3123,0.6877,0,0.0024,0.0375,0.0767,0.0583,0,0.0312,0.0431,0.7508,2025-11-17
0.7913,26.692222222,5846,Philadelphia,2,57980,11838749,0.6711111111,0.4440104167,26389,0,0,1,Chestnut Hill College,www.chc.edu/,52015,0,00324500,0.1017,0,0,0.161,0.4732,0.3125,3,30,NA,3,PA,931,0.4211,0.5789,0.0258,0,0.0183,0.2997,0.1321,0,0.0247,0.1976,0.3018,2025-11-17
NA,21.806451613,10172,Cheyney,1,24881,1605653,0.4569892473,0.4469453376,21785,1,0,1,Cheyney University of Pennsylvania,https://www.cheyney.edu/,37837,0,00331700,0.037,0,0.0123,0.3086,0.4103,0.5065,3,NA,NA,3,PA,721,0.337,0.663,0.0735,0.0042,0.0097,0.8585,0.025,0,0.0028,0.0166,0.0097,2025-11-17
1,27.100628931,NA,Tarentum,2,NA,NA,0.9056603774,0.3768115942,15250,0,0,2,Citizens School of Nursing,https://www.ahn.org/education/citizens-school-nursing,69939,0,00653400,0,0,0,0,0.3448,NA,1,NA,NA,1,PA,115,0.1217,0.8783,0.0261,0,0,0.0783,0.0087,0,0.0087,0.0087,0.8696,2025-11-17
0.0695,20.304347826,8534,Philadelphia,2,NA,224489199,PS,PS,PS,0,0,1,Curtis Institute of Music,www.curtis.edu/,NA,0,00325100,0,0,0,0,0.0097,0.2881,3,NA,NA,3,PA,106,0.566,0.434,0.0755,0.0094,0.1132,0.0283,0.0472,0,0.4434,0,0.283,2025-11-17
NA,25.244073276,10123,Media,1,12957,2617861,0.6100933908,0.4708105838,13250,0,0,2,Delaware County Community College,www.dccc.edu/,45391,0,00711000,0.0614,0.0126,0,0.1331,0.398,0.2707,2,NA,NA,2,PA,7065,0.3782,0.6218,0.0524,0.0027,0.0545,0.3237,0.0882,8e-4,0.0127,0.0382,0.4268,2025-11-17
0.92490000000000006,20.826282628,9062,Doylestown,2,58661,34644848,0.5355535554,0.3632850242,25000,0,0,1,Delaware Valley University,www.delval.edu/,55838,0,00325200,0.0311,0,0,0.1441,0.2921,0.4361,3,NA,1180,3,PA,1644,0.3832,0.6168,0.0328,0.0012,0.014,0.0852,0.101,6e-4,0.0036,0.0432,0.7184,2025-11-17
0.4308,19.378912685,9906,Carlisle,2,80329,583477014,0.5716639209,0.1219512195,19000,0,0,1,Dickinson College,https://www.dickinson.edu/,70204,0,00325300,0.0296,0,0.0323,0.1186,0.1365,0.7951,3,NA,NA,3,PA,2157,0.3982,0.6018,0.0427,0,0.051,0.0385,0.0746,9e-4,0.1326,0.0093,0.6504,2025-11-17
0.7753,23.296253823,12169,Philadelphia,2,75167,948412000,0.5680428135,0.2922854785,25325,0,0,1,Drexel University,https://drexel.edu/,84648,0,00325600,0.019,0.1807,0.0061,0.1629,0.2516,0.5665,3,NA,1337,3,PA,13509,0.5116,0.4884,0.0437,9e-4,0.2382,0.0918,0.0862,4e-4,0.0866,0.0236,0.4287,2025-11-17
0.7885,20.38446677,9931,Pittsburgh,2,63042,564732000,0.6425811437,0.1729686243,26244,0,0,1,Duquesne University,www.duq.edu/,74742,0,00325800,0.0693,0.0188,0.0108,0.1884,0.1814,0.4905,3,30,1257,3,PA,5216,0.3702,0.6298,0.0347,0.0015,0.0357,0.05,0.0472,4e-4,0.0263,0.0105,0.7937,2025-11-17
0.9288,21.185804962,10540,East Stroudsburg,1,24369,22000139,0.5718407386,0.3954457986,24218,0,0,1,East Stroudsburg University of Pennsylvania,https://www.esu.edu/,56148,0,00332000,0.1014,0,0.0113,0.1424,0.3987,0.7252,3,NA,1078,3,PA,4611,0.4383,0.5617,0.039,0.0013,0.0178,0.2073,0.1787,0.0017,0.0069,0.02,0.5272,2025-11-17
0.9362,25.102811245,5500,Saint Davids,2,53293,29423140,0.7068273092,0.3649155722,25000,0,1,1,Eastern University,https://www.eastern.edu/about/student-consumer-information,51655,0,00325900,0.1378,0,0.0411,0.1818,0.3566,0.2637,3,52,NA,3,PA,1978,0.3953,0.6047,0.0369,5e-4,0.0217,0.2821,0.1517,5e-4,0.047,0.0652,0.3943,2025-11-17
0.7677,22.640816327,9015,Elizabethtown,2,49318,105350705,0.6357142857,0.2995689655,27000,0,0,1,Elizabethtown College,www.etown.edu/,62399,0,00326200,0.1065,0.0944,0.0169,0.2179,0.1917,0.4475,3,NA,1190,3,PA,1815,0.4121,0.5879,0.0231,0,0.0198,0.0353,0.0623,6e-4,0.0187,0.0105,0.8298,2025-11-17
0.3183,19.356097561,11449,Lancaster,2,83184,426486570,0.5658536585,0.1948275862,19000,0,0,1,Franklin and Marshall College,https://www.fandm.edu/,76124,0,00326500,0,0,0.0534,0.1107,0.1668,0.7965,3,NA,1394,3,PA,1904,0.4732,0.5268,0.0362,0.0021,0.0494,0.0509,0.1014,0,0.1717,0.0074,0.5809,2025-11-17
0.767,20.360627178,8466,Erie,2,51236,71049000,0.6236933798,0.2606679035,27000,0,0,1,Gannon University,www.gannon.edu/,58845,0,00326600,0.023,0.0918,0.0115,0.1311,0.22,0.5667,3,30,NA,3,PA,2467,0.4248,0.5752,0.0353,4e-4,0.0263,0.058,0.053900000000000003,4e-4,0.1411,0.0304,0.6542,2025-11-17
NA,24.084468665,7304,Beaver Falls,2,43064,55628430,0.5231607629,0.2459499264,25198,0,0,1,Geneva College,www.geneva.edu/,50004,0,00326700,0.0707,0.0989,0.0141,0.2226,0.3179,0.9481,3,81,NA,3,PA,1000,0.554,0.446,0.031,0.001,0.011,0.049,0.041,0.001,0.028,0.03,0.808,2025-11-17
0.4751,19.346858639,9972,Gettysburg,2,80400,389675309,0.5353403141,0.1372282609,26999,0,0,1,Gettysburg College,https://www.gettysburg.edu/,71517,0,00326800,0.0052,0,0.014,0.1414,0.2099,0.812,3,NA,1350,3,PA,2209,0.4889,0.5111,0.029,0.0014,0.0272,0.0498,0.1114,9e-4,0.1163,0.0254,0.6388,2025-11-17
NA,23.136363636,5526,Melrose Park,2,NA,4644690,PS,PS,PS,0,0,1,Gratz College,https://www.gratz.edu/,NA,0,00405800,0,0,0,0,0.0079,0.2333,3,80,NA,3,PA,158,0,1,0,0,0,0,0,0,0.057,0.0633,0.8797,2025-11-17
0.734,NA,NA,Grove City,2,NA,188348089,NA,NA,NA,0,0,1,Grove City College,www.gcc.edu/,NA,0,00326900,0.1051,0.1238,0.007,0.2173,0,NA,3,88,1261,NA,PA,2221,0.5191,0.4809,0.0504,0,0.0207,0.0045,0.0068,0,0.0131,0,0.9045,2025-11-17
0.9361,25.137207425,7578,Gwynedd Valley,2,53359,36385000,0.7764326069,0.4371584699,25000,0,0,1,Gwynedd Mercy University,https://www.gmercyu.edu/,67145,0,00327000,0.0808,0,0.0048,0.114,0.2996,0.2993,3,30,1110,3,PA,1141,0.2629,0.7371,0.0193,9e-4,0.0596,0.1481,0.0868,0.0018,0,0.0631,0.6205,2025-11-17
NA,28.344453711,5651,Bryn Mawr,2,42113,1810351,0.7948290242,0.5207900208,18440,0,0,2,Harcum College,https://www.harcum.edu/s/1044/edu/start.aspx,46827,0,00327200,0,0,0,0.0569,0.5341,0.2933,2,NA,NA,2,PA,904,0.1748,0.8252,0.0277,0,0.0254,0.4281,0.1704,0.0022,0.0531,0.0088,0.2843,2025-11-17
NA,25.309812026,7343,Harrisburg,1,16636,35482496,0.6273988781,0.4940503432,17500,0,0,2,Harrisburg Area Community College,https://www.hacc.edu/,42007,0,00327300,0.039,0.0117,0.0039,0.1448,0.3288,0.1664,2,NA,NA,2,PA,9802,0.3282,0.6718,0.0419,0.0022,0.0569,0.118,0.1523,0.001,0.025,0.0213,0.5812,2025-11-17
0.1291,19.31835206,11142,Haverford,2,84605,618975713,0.4719101124,0.162055336,13621,0,0,1,Haverford College,https://www.haverford.edu/,79966,0,00327400,0.0029,0,0.1063,0,0.1407,0.8545,3,NA,1498,3,PA,1421,0.4335,0.5665,0.0992,0,0.1232,0.0521,0.1232,0,0.1084,0.0077,0.4863,2025-11-17
NA,23.145833333,6873,Johnstown,2,20826,NA,0.2569444444,0.4137931034,PS,0,0,2,Commonwealth Technical Institute,www.dli.pa.gov/Individuals/Disability-Services/CTI-HGAC/Pages/Home.aspx,21632,0,02536600,0,0,0,0.1169,0.4681,NA,1,NA,NA,1,PA,132,0.7576,0.2424,0.0152,0,0.0076,0.1288,0.0152,0,0,0.197,0.6364,2025-11-17
0.7422,22.955963303,7979,Philadelphia,2,38965,24446816,0.7587155963,0.4630390144,25125,0,0,1,Holy Family University,https://www.holyfamily.edu/,62235,0,00327500,0.0841,0,0.0037,0.0692,0.3971,0.2084,3,30,1030,3,PA,2298,0.2885,0.7115,0.0109,0.0013,0.0753,0.1445,0.1684,0.0048,0.0139,0.0422,0.5387,2025-11-17
0.7845,25.774891775,4902,Immaculata,2,45416,25860074,0.7518037518,0.350877193,27000,0,0,1,Immaculata University,www.immaculata.edu/,75701,0,00327600,0.0859,0,0,0.1856,0.2139,1,3,30,1163,3,PA,1265,0.2846,0.7154,0.0182,0,0.0269,0.1036,0.1233,0.0016,0.0095,0.0174,0.6996,2025-11-17
0.912,20.253379683,11251,Indiana,1,26405,81496227,0.5809192739,0.3225602028,26798,0,0,1,Indiana University of Pennsylvania-Main Campus,www.iup.edu/,51019,0,00327700,0.0467,0.0032,0.0076,0.164,0.3576,0.8224,3,NA,1052,3,PA,6893,0.3807,0.6193,0.0413,0.0084,0.0131,0.1039,0.0527,4e-4,0.0104,0.0174,0.7524,2025-11-17
0.7414,26.878787879,NA,New Castle,2,28667,NA,PS,PS,12000,0,0,2,UPMC Jameson School of Nursing,www.upmc.com/healthcare-professionals/education/schools-of-nursing/campuses/jameson,70472,0,00820000,0,0,0,0,0.3275,NA,1,NA,NA,1,PA,332,0.1205,0.8795,0.0572,0.006,0.003,0.1295,0.0482,0,0,0.1627,0.5934,2025-11-17
0.965,22.917197452,5624,Scranton,2,24902,2831626,0.2462845011,0.4380733945,12000,0,0,2,Johnson College,www.johnson.edu/,55194,0,02114200,0,0,0,0.0156,0.4573,0.425,2,NA,1020,2,PA,549,0.7996,0.2004,0.0182,0.0055,0.0073,0.0546,0.0765,0.0018,0,0.1239,0.7122,2025-11-17
0.7165,19.523890785,8913,Huntingdon,2,69241,122825013,0.5699658703,0.1996434938,27000,0,0,1,Juniata College,www.juniata.edu/,56918,0,00327900,0.0927,0.0199,0.0232,0.0993,0.2621,0.7405,3,NA,1185,3,PA,1175,0.4809,0.5191,0.0366,9e-4,0.0213,0.0485,0.0766,9e-4,0.0936,0.034,0.6877,2025-11-17
0.796,21.785620915,5591,La Plume,2,31742,4536280,0.5947712418,0.4772393539,26000,0,0,1,Keystone College,https://www.keystone.edu/,44976,0,00328000,0.1652,0,0,0.1696,0.4481,0.3233,3,NA,1030,3,PA,870,0.4989,0.5011,0.0322,0.0092,0.0069,0.1471,0.0782,0.0011,0.0092,0.046,0.6701,2025-11-17
0.932,19.949038462,8854,Wilkes-Barre,2,56991,124166506,0.5028846154,0.2935779817,27000,0,0,1,King's College,www.kings.edu/,59498,0,00328200,0.0349,0.0349,0.0075,0.2918,0.2729,0.6593,3,30,1150,3,PA,1519,0.526,0.474,0.027,0.0013,0.029,0.0553,0.1231,0,0.0125,0.0092,0.7426,2025-11-17
0.9483,20.518536585,10647,Kutztown,1,28876,39294055,0.5407317073,0.3466419884,26000,0,0,1,Kutztown University of Pennsylvania,https://www.kutztown.edu/,53775,0,00332200,0.1966,0,0.0071,0.1687,0.3063,0.8044,3,NA,1170,3,PA,6348,0.4324,0.5676,0.0372,9e-4,0.0211,0.0712,0.1292,8e-4,0.0123,0.0139,0.7135,2025-11-17
0.7761,22.210287443,7270,Pittsburgh,2,45623,12505244,0.6338880484,0.3569131833,25000,0,0,1,La Roche University,www.laroche.edu/,52341,0,00398700,0.0586,0,0.009,0.1532,0.1386,0.3529,3,30,1140,3,PA,786,0.4224,0.5776,0.0407,0,0.014,0.0611,0.0547,0,0.1705,0.0407,0.6183,2025-11-17
0.8619,21.867671692,9325,Philadelphia,2,45046,83366648,0.6365159129,0.3697585769,25000,0,0,1,La Salle University,www.lasalle.edu/,67416,0,00328700,0.038,0,0.0117,0.2569,0.3264,0.449,3,30,NA,3,PA,1966,0.351,0.649,0.0346,0.001,0.0514,0.2457,0.203,0,0.056,0.0102,0.3983,2025-11-17
NA,22.713027061,4253,Scranton,2,28849,8995369,0.4033983638,0.4690909091,18075,0,0,1,Lackawanna College,https://www.lackawanna.edu/,41000,0,00328300,0,0,0,0.2491,0.5814,1,2,NA,NA,2,PA,1837,0.399,0.601,0.0289,0.0038,0.0125,0.1606,0.1911,0.0016,0.0049,0.0827,0.5139,2025-11-17
0.3147,19.324034335,12573,Easton,2,78854,1021802000,0.5793991416,0.1484018265,16000,0,0,1,Lafayette College,https://www.lafayette.edu/,91410,0,00328400,0,0.211,0.0283,0,0.103,0.8413,3,66,1419,3,PA,2746,0.5109,0.4891,0.0455,0.0015,0.0371,0.0564,0.0885,0,0.0681,0.02,0.6828,2025-11-17
0.9519,29.183411215,6017,Lancaster,2,40813,16433152,0.5093457944,0.3549668874,20500,0,0,1,Lancaster Bible College,https://www.lbc.edu/,44096,0,00328500,0.0993,0,0,0.1623,0.3047,0.1366,3,NA,1161,3,PA,1511,0.4705,0.5295,0.0357,0.0053,0.0113,0.2396,0.0225,0.0026,0,0.0377,0.6453,2025-11-17
0.7453,19.785628743,8256,Annville,2,63990,81052751,0.5437125749,0.2760814249,27000,0,0,1,Lebanon Valley College,www.lvc.edu/,62621,0,00328800,0.1088,0,0.0106,0.1883,0.2193,0.4796,3,71,1190,3,PA,1670,0.4419,0.5581,0.0329,0.0012,0.0216,0.0263,0.0647,6e-4,0.0096,0.0084,0.8347,2025-11-17
NA,24.471628172,7018,Schnecksville,1,15075,10701196,0.6184773311,0.5108769545,11000,0,1,2,Lehigh Carbon Community College,www.lccc.edu/,42436,0,00681000,0.0597,0.0022,0.0011,0.1425,0.3306,0.2128,2,NA,NA,2,PA,4465,0.3619,0.6381,0.0267,0.0049,0.0267,0.0882,0.3272,0.0016,0.0029,0.034,0.4878,2025-11-17
0.2926,20.058823529,15047,Bethlehem,2,77515,1679807000,0.4475357711,0.1687657431,21960,0,0,1,Lehigh University,www.lehigh.edu/,105584,0,00328900,0,0.2355,0.0139,0.2703,0.178,0.8576,3,NA,1432,3,PA,5803,0.5247,0.4753,0.0431,0.0012,0.108,0.0514,0.1086,3e-4,0.0755,0.024,0.588,2025-11-17
0.7837,21.646828504,9522,Lincoln University,1,27358,48966814,0.6147220047,0.3862134089,28250,1,0,1,Lincoln University,www.lincoln.edu/,43167,0,00329000,0,0.0099,0.0033,0.0891,0.663,1,3,NA,984,3,PA,1712,0.34,0.66,0.0438,0.0029,0.0012,0.8324,0.0648,6e-4,0.0269,0.021,0.0064,2025-11-17
NA,24.407835581,6711,Nanticoke,1,14995,934619,0.615285806,0.5491088358,11000,0,0,2,Luzerne County Community College,www.luzerne.edu/,40437,0,00681100,0.0127,0.0054,0.0018,0.0926,0.3543,0.3604,2,NA,NA,2,PA,3241,0.3261,0.6739,0.0068,0.004,0.0179,0.0858,0.2222,0.0015,3e-4,0.1632,0.4983,2025-11-17
0.6788,19.665109034,7448,Williamsport,2,61526,183113000,0.4813084112,0.3659359191,27000,0,0,1,Lycoming College,https://www.lycoming.edu/,56210,0,00329300,0,0,0.0443,0.202,0.4013,0.8393,3,71,1169,3,PA,1049,0.4776,0.5224,0.0372,0.001,0.0153,0.1087,0.122,0,0.0238,0.0458,0.6463,2025-11-17
0.9576,23.112338858,5653,Jenkintown,2,27178,3288986,0.7108655617,0.5032822757,19000,0,1,1,Manor College,www.manor.edu/,46825,0,00329400,0.0309,0,0,0.0515,0.4871,0.28,2,99,820,2,PA,462,0.2792,0.7208,0.0152,0.0022,0.0303,0.342,0.2403,0.0022,0.0065,0.0087,0.3528,2025-11-17
0.8371,21.507918552,7688,Scranton,2,52673,52103970,0.7262443439,0.2949640288,26186,0,0,1,Marywood University,https://www.marywood.edu/,55817,0,00329600,0.1045,0,0.0028,0.0706,0.2919,0.377,3,30,1153,3,PA,1821,0.3537,0.6463,0.0247,0.0033,0.0253,0.0264,0.1032,5e-4,0.0077,0.0236,0.7853,2025-11-17
0.8323,22.115982242,7244,Erie,2,57948,34559382,0.5677025527,0.2866626433,25305,0,0,1,Mercyhurst University,www.mercyhurst.edu/,47452,0,00329700,0.0571,0,0,0.1743,0.2989,0.5696,3,30,NA,3,PA,2217,0.4172,0.5828,0.0068,0.0027,0.014,0.0559,0.0546,5e-4,0.0537,0.0604,0.7515,2025-11-17
0.7848,19.80348944,8993,Mechanicsburg,2,53939,127166126,0.6336088154,0.18173258,25621,0,0,1,Messiah University,www.messiah.edu/,54064,0,00329800,0.1513,0.0807,0.005,0.195,0.2,0.473,3,42,1214,3,PA,2318,0.4042,0.5958,0.0362,4e-4,0.0397,0.0393,0.088,0.0013,0.0263,0.0078,0.761,2025-11-17
0.8941,21.563907575,10859,Millersville,1,27086,52853747,0.568294823,0.3472617917,23507,0,0,1,Millersville University of Pennsylvania,www.millersville.edu/,55246,0,00332500,0.0999,0.0285,0.0278,0.1007,0.2669,0.6789,3,NA,1120,3,PA,5610,0.4244,0.5756,0.013,0.003,0.033,0.0895,0.1055,0.0012,0.0155,0.0052,0.734,2025-11-17
0.8489,22.538390379,8336,Dallas,2,51023,61724229,0.6512488437,0.2994071146,26973,0,0,1,Misericordia University,www.misericordia.edu/,64313,0,00324700,0.0493,0,0.0045,0.1368,0.1903,1,3,30,NA,3,PA,1632,0.3603,0.6397,0.0251,6e-4,0.0135,0.0496,0.0656,6e-4,0.0018,0.0331,0.81,2025-11-17
NA,24.415027208,7520,Blue Bell,1,14571,11101738,0.5853913771,0.4310221587,12349,0,0,2,Montgomery County Community College,www.mc3.edu/,46108,0,00445200,0.056,0.0155,0.0022,0.1885,0.288,0.3512,2,NA,NA,2,PA,7181,0.41,0.59,0.0646,0.001,0.06,0.1681,0.1244,0.0015,0.0192,0.0464,0.5148,2025-11-17
0.6051,21.228699552,7939,Philadelphia,2,68583,41462755,PS,0.3140096618,26000,0,0,1,Moore College of Art and Design,www.moore.edu/,37839,0,00330000,0.0267,0,0,0,0.4085,0.2316,3,NA,1303,3,PA,390,0,1,0.0923,0.0051,0.041,0.1641,0.0769,0,0,0.1051,0.5154,2025-11-17
0.54,20.543071161,8029,Bethlehem,2,64260,132816548,0.5936329588,0.2921236291,26793,0,0,1,Moravian University,www.moravian.edu/,61860,0,00330100,0.0236,0,0.0138,0.1476,0.2679,1,3,44,1154,3,PA,1970,0.3624,0.6376,0.0213,0.0015,0.0239,0.0569,0.1792,0.001,0.0041,0.0548,0.6574,2025-11-17
0.9041,22.239949749,7299,Cresson,2,38533,57610348,0.7487437186,0.4204851752,24287,0,0,1,Mount Aloysius College,www.mtaloy.edu/,46165,0,00330200,0.0109,0,0,0.0839,0.1599,0.3742,3,30,1034,3,PA,1123,0.2823,0.7177,0,0.0045,0.0107,0.0365,0.0053,9e-4,0.0703,0.13,0.7418,2025-11-17
0.6401,20.908469945,9077,Allentown,2,73782,308333749,0.5819672131,0.1576704545,25455,0,0,1,Muhlenberg College,www.muhlenberg.edu/,69107,0,00330400,0,0,0.0207,0.2034,0.2098,0.5613,3,39,1327,3,PA,1777,0.408,0.592,0.04,0,0.0355,0.0501,0.1131,0,0.0129,0.0315,0.7169,2025-11-17
0.764,23.383710407,7455,Aston,2,56670,34345734,0.6633484163,0.4275582573,27000,0,0,1,Neumann University,https://www.neumann.edu/,57817,0,00398800,0.0735,0,0.0147,0.1,0.4233,0.3944,3,30,NA,3,PA,1574,0.3939,0.6061,0.0311,0.0013,0.0235,0.3291,0.0845,0.0013,0.014,0.0222,0.493,2025-11-17
NA,23.537121907,7764,Bethlehem,1,16211,70532744,0.5961503208,0.4803605924,15495,0,1,2,Northampton County Area Community College,www.northampton.edu/,41566,0,00719100,0.0714,0.0084,0.0042,0.1328,0.3843,0.1678,2,NA,NA,2,PA,7512,0.3586,0.6414,0.0373,0.0037,0.025,0.1319,0.283,9e-4,0.0055,0.0877,0.4249,2025-11-17
0.5039,28.918287938,NA,Philadelphia,2,NA,NA,0.0719844358,0.5843520782,7521,0,0,3,Orleans Technical College,https://www.orleanstech.edu/,38668,0,02183000,0,0,0,0,0.4887,NA,1,NA,NA,1,PA,245,0.9143,0.0857,0,0.0245,0.0204,0.5306,0.249,0.0041,0,0.0204,0.151,2025-11-17
NA,27.277227723,6889,Media,2,22163,1975522,0.8329207921,0.5705128205,16500,0,0,1,Pennsylvania Institute of Technology,www.pit.edu/,35703,0,01099800,0,0,0,0.0129,0.7834,0.209,1,NA,NA,1,PA,661,0.1225,0.8775,0.0469,0.0091,0.0076,0.6021,0.0333,0.0045,0.0015,0.0908,0.2042,2025-11-17
0.9571,21.841705198,9865,Erie,1,32038,74965225,0.5012260053,0.2875652533,25000,0,0,1,Pennsylvania State University-Penn State Erie-Behrend College,https://behrend.psu.edu/,63435,0,00332905,0.0164,0.2149,0.0101,0.359,0.2666,0.8297,3,NA,1213,3,PA,3172,0.6334,0.3666,0.0309,9e-4,0.0501,0.0369,0.0445,6e-4,0.0536,0.0151,0.7673,2025-11-17
0.9331,21.841705198,8676,New Kensington,1,27036,11699775,0.5012260053,0.2875652533,25000,0,0,1,Pennsylvania State University-Penn State New Kensington,https://newkensington.psu.edu/,63435,0,00332912,0,0,0,0.2558,0.3152,0.629,3,NA,1133,3,PA,423,0.617,0.383,0.0402,0.0024,0.0189,0.0591,0.0615,0,0.0095,0.0142,0.7943,2025-11-17
0.9091,21.841705198,8010,Sharon,1,26545,7366525,0.5012260053,0.2875652533,25000,0,0,1,Pennsylvania State University-Penn State Shenango,https://shenango.psu.edu/,63435,0,00332916,0,0,0,0.1026,0.4057,0.6038,3,NA,1170,3,PA,261,0.3793,0.6207,0.0383,0,0.0038,0.1188,0.0383,0,0.0038,0.0038,0.7931,2025-11-17
0.9453,21.841705198,8483,Dallas,1,24604,9099825,0.5012260053,0.2875652533,25000,0,0,1,Pennsylvania State University-Penn State Wilkes-Barre,https://wilkesbarre.psu.edu/,63435,0,00332917,0,0.1277,0,0.2979,0.3829,0.7692,3,NA,1145,3,PA,338,0.6331,0.3669,0.0355,0,0.0089,0.0769,0.0651,0.003,0.0089,0.0059,0.7959,2025-11-17
0.9487,21.841705198,9215,Dunmore,1,27126,14733050,0.5012260053,0.2875652533,25000,0,0,1,Pennsylvania State University-Penn State Scranton,https://scranton.psu.edu/,63435,0,00332915,0,0.0473,0,0.3195,0.4331,0.6122,3,NA,1190,3,PA,821,0.5542,0.4458,0.0256,0.0037,0.0999,0.0572,0.1218,0,0.0049,0.0122,0.6748,2025-11-17
0.9421,21.841705198,8065,Center Valley,1,26918,12133100,0.5012260053,0.2875652533,25000,0,0,1,Pennsylvania State University-Penn State Lehigh Valley,https://lehighvalley.psu.edu/,63435,0,00332902,0,0,0,0.458,0.3311,0.5769,3,NA,1212,3,PA,902,0.5931,0.4069,0.0366,0.0022,0.1186,0.0798,0.2162,0,0.0089,0.0233,0.5144,2025-11-17
0.9731,21.841705198,8804,Altoona,1,31725,41165875,0.5012260053,0.2875652533,25000,0,0,1,Pennsylvania State University-Penn State Altoona,https://altoona.psu.edu/,63435,0,00332903,0.0794,0.0476,0.0032,0.1302,0.2584,0.7957,3,NA,1163,3,PA,2412,0.539,0.461,0.0352,8e-4,0.0431,0.0638,0.0775,8e-4,0.046,0.0091,0.7235,2025-11-17
0.922,21.841705198,9300,Monaca,1,27587,10399800,0.5012260053,0.2875652533,25000,0,0,1,Pennsylvania State University-Penn State Beaver,https://beaver.psu.edu/,63435,0,00332904,0,0,0,0.3182,0.3352,0.6842,3,NA,1191,3,PA,491,0.5662,0.4338,0.0489,0.002,0.053,0.0855,0.0692,0.002,0.0326,0.0081,0.6986,2025-11-17
0.9713,21.841705198,9584,Reading,1,31853,28599450,0.5012260053,0.2875652533,25000,0,0,1,Pennsylvania State University-Penn State Berks,https://berks.psu.edu/,63435,0,00332906,0.0504,0.1108,0,0.2343,0.2873,0.75,3,NA,1219,3,PA,1887,0.5835,0.4165,0.0307,0.0011,0.0911,0.0821,0.1457,0,0.0323,0.0175,0.5994,2025-11-17
0.9639,21.841705198,10578,Middletown,1,32029,75398550,0.5012260053,0.2875652533,25000,0,0,1,Pennsylvania State University-Penn State Harrisburg,https://harrisburg.psu.edu/,63435,0,00332920,0.04,0.2653,0.0067,0.1747,0.2609,0.6368,3,NA,1218,3,PA,4154,0.6208,0.3792,0.0392,7e-4,0.1353,0.0985,0.0828,0,0.1627,0.0156,0.4651,2025-11-17
0.9533,21.841705198,9205,Media,1,30201,17333000,0.5012260053,0.2875652533,25000,0,0,1,Pennsylvania State University-Penn State Brandywine,https://www.brandywine.psu.edu/,63435,0,00332921,0,0.0602,0,0.3133,0.3478,0.6195,3,NA,1211,3,PA,1218,0.6281,0.3719,0.0452,0,0.1379,0.1757,0.0895,0,0.0279,0.0222,0.5016,2025-11-17
0.9252,21.841705198,8567,DuBois,1,28775,10399800,0.5012260053,0.2875652533,25000,0,0,1,Pennsylvania State University-Penn State DuBois,https://dubois.psu.edu/,63435,0,00332907,0,0.1264,0,0.1264,0.2541,0.7778,2,NA,1130,3,PA,316,0.5854,0.4146,0.0127,0,0.0063,0.0285,0.019,0.0032,0,0.0032,0.9272,2025-11-17
0.9166,21.841705198,8500,Lemont Furnace,1,26727,10833125,0.5012260053,0.2875652533,25000,0,0,1,Pennsylvania State University-Penn State Fayette- Eberly,https://fayette.psu.edu/,63435,0,00332908,0,0,0,0.2632,0.3538,0.75,3,NA,1160,3,PA,415,0.4843,0.5157,0.0217,0,0.012,0.041,0.0289,0.0024,0,0.0024,0.8916,2025-11-17
0.9104,21.841705198,9648,Hazleton,1,29977,12133100,0.5012260053,0.2875652533,25000,0,0,1,Pennsylvania State University-Penn State Hazleton,https://hazleton.psu.edu/,63435,0,00332909,0.0132,0.0526,0,0.3553,0.4778,0.7963,3,NA,1200,3,PA,508,0.5689,0.4311,0.0512,0.002,0.0335,0.1024,0.2165,0,0.0236,0.0236,0.5472,2025-11-17
0.5422,21.841705198,12420,University Park,1,39160,3821059850,0.5012260053,0.2875652533,25000,0,0,1,Pennsylvania State University-Main Campus,https://www.psu.edu/,63435,0,00332900,0.0322,0.1385,0.02,0.1875,0.1327,0.8924,3,NA,1316,3,PA,41862,0.5275,0.4725,0.0385,0.0014,0.0714,0.047,0.0916,7e-4,0.0979,0.022,0.6295,2025-11-17
0.9466,21.841705198,9300,McKeesport,1,26295,11266450,0.5012260053,0.2875652533,25000,0,0,1,Pennsylvania State University-Penn State Greater Allegheny,https://greaterallegheny.psu.edu/,63435,0,00332910,0,0,0,0.3023,0.4353,0.75,3,NA,1125,3,PA,360,0.6139,0.3861,0.0639,0.0056,0.0722,0.1917,0.0417,0,0.0278,0.0111,0.5861,2025-11-17
0.903,21.841705198,9033,Mont Alto,1,28851,12566425,0.5012260053,0.2875652533,25000,0,0,1,Pennsylvania State University-Penn State Mont Alto,https://montalto.psu.edu/,63435,0,00332911,0,0,0,0.1654,0.2612,0.6625,3,NA,1170,3,PA,547,0.4004,0.5996,0.0366,0.0018,0.042,0.0457,0.075,0,0.0146,0.0091,0.7751,2025-11-17
0.9203,21.841705198,8869,Abington,1,27516,41165875,0.5012260053,0.2875652533,25000,0,0,1,Pennsylvania State University-Penn State Abington,https://www.abington.psu.edu/,63435,0,00332913,0.0421,0.0096,0,0.3276,0.3835,0.586,3,NA,1179,3,PA,3074,0.5943,0.4057,0.0371,0.002,0.1949,0.1243,0.1259,3e-4,0.0644,0.015,0.4362,2025-11-17
0.9105,21.841705198,8411,Schuylkill Haven,1,29057,12133100,0.5012260053,0.2875652533,25000,0,0,1,Pennsylvania State University-Penn State Schuylkill,https://schuylkill.psu.edu/,63435,0,00332914,0,0,0,0.1947,0.3756,0.8364,3,NA,1060,3,PA,617,0.3679,0.6321,0.0211,0.0032,0.0292,0.1345,0.1037,0.0032,0.0081,0.0113,0.6856,2025-11-17
0.922,21.841705198,9565,York,1,26812,14299725,0.5012260053,0.2875652533,25000,0,0,1,Pennsylvania State University-Penn State York,https://www.york.psu.edu/,63435,0,00332918,0,0,0,0.2959,0.2785,0.6667,3,NA,1170,3,PA,668,0.6317,0.3683,0.0374,0,0.0659,0.0853,0.1153,0,0.0509,0.018,0.6272,2025-11-17
NA,31.365994236,8198,Philadelphia,2,18260,3395823,0.7108549472,0.5548628429,31250,0,0,1,Peirce College,https://www.peirce.edu/,50660,0,00330900,0,0,0,0.3618,0.5236,1,3,NA,NA,3,PA,789,0.2433,0.7567,0.0139,0.0089,0.0279,0.5361,0.1242,0.0013,0,0.0951,0.1926,2025-11-17
0.4594,20.388888889,4581,Lancaster,2,41394,2659295,0.6851851852,PS,27000,0,0,1,Pennsylvania College of Art and Design,pcad.edu/,33301,0,02269900,0,0,0,0,0.4612,0.1807,3,NA,NA,3,PA,312,0.2756,0.7244,0.0545,0.0064,0.0609,0.141,0.0096,0.0064,0,0.0769,0.6442,2025-11-17
0.0587,22.553226469,21073,Philadelphia,2,85738,20724351000,0.5721331689,0.1876351059,15715,0,0,1,University of Pennsylvania,www.upenn.edu/,111371,0,00337800,0,0.0809,0.0305,0.0927,0.1572,0.773,3,NA,1545,3,PA,10768,0.4468,0.5532,0.0528,0.0013,0.278,0.0862,0.1091,2e-4,0.122,0.0512,0.2992,2025-11-17
0.8356,22.691326531,6263,Langhorne,2,45473,12826185,0.4897959184,0.295890411,26926,0,0,1,Cairn University-Langhorne,www.cairn.edu/,44172,0,00335100,0.1802,0,0.0116,0.186,0.3024,0.3673,3,NA,1154,3,PA,782,0.4987,0.5013,0.0793,0,0.0371,0.078,0.0332,0,0.0614,0.0997,0.6113,2025-11-17
NA,24.834700113,7798,Philadelphia,1,19070,13250752,0.6073323685,0.5541367666,10750,0,0,2,Community College of Philadelphia,https://www.ccp.edu/,40852,0,00324900,0.0439,0.0103,0.0028,0.1464,0.5325,0.3508,2,NA,NA,2,PA,11312,0.3374,0.6626,0.04,0.0034,0.0915,0.4402,0.1819,0.0022,0.0387,0.0206,0.1815,2025-11-17
0.9081,20.4141339,8556,Bradford,1,29488,302917,0.529968119,0.2096720027,24250,0,0,1,University of Pittsburgh-Bradford,https://www.upb.pitt.edu/,66125,0,00337903,0.0514,0.0187,0.0047,0.1028,0.46,0.8043,3,NA,1168,3,PA,980,0.4602,0.5398,0.0357,0.0031,0.0398,0.1163,0.0735,0.001,0.0367,0.0265,0.6673,2025-11-17
0.9792,20.4141339,7565,Greensburg,1,28514,7453938,0.529968119,0.2096720027,24250,0,0,1,University of Pittsburgh-Greensburg,www.greensburg.pitt.edu/,66125,0,00337904,0.0602,0,0.0201,0.1446,0.3788,0.8211,3,NA,1172,3,PA,1322,0.4327,0.5673,0.0393,8e-4,0.0507,0.0651,0.0477,0,0.0197,0.0287,0.7481,2025-11-17
0.959,20.4141339,7839,Johnstown,1,28501,60668421,0.529968119,0.2096720027,24250,0,0,1,University of Pittsburgh-Johnstown,www.upj.pitt.edu/,66125,0,00337902,0.125,0.2548,0.0072,0.1442,0.2912,0.8844,3,NA,1158,3,PA,1934,0.5579,0.4421,0.0253,5e-4,0.0372,0.0502,0.0424,0,0.0207,0.0972,0.7265,2025-11-17
0.497,20.4141339,11288,Pittsburgh,1,36707,5486954582,0.529968119,0.2096720027,24250,0,0,1,University of Pittsburgh-Pittsburgh Campus,www.pitt.edu/,66125,0,00337900,0,0.114,0.0159,0.1139,0.1378,0.7872,3,NA,1371,3,PA,20189,0.4211,0.5789,0.0475,2e-4,0.1489,0.0546,0.0675,1e-4,0.0493,0.0215,0.6104,2025-11-17
NA,23.627078385,4672,West Mifflin,2,35447,NA,0.0712589074,0.3704663212,12230,0,0,2,Pittsburgh Institute of Aeronautics,www.pia.edu/,66642,0,00531000,0,0,0,0,0.3771,NA,2,NA,NA,1,PA,591,0.9323,0.0677,0.0305,0.0051,0.0321,0.0626,0.0558,0.0017,0,0.0068,0.8054,2025-11-17
0.4898,28.678756477,4119,Pittsburgh,2,NA,NA,0.6010362694,PS,19295,0,0,2,Pittsburgh Institute of Mortuary Science Inc,www.pims.edu/,53524,0,01081400,0,0,0,0,0.2518,NA,2,NA,NA,2,PA,369,0.2114,0.7886,0.0271,0,0.0054,0.0921,0.0271,0,0,0,0.8482,2025-11-17
0.9788,23.154175589,9278,Pittsburgh,2,50133,50117079,0.630620985,0.292798111,27000,0,0,1,Point Park University,www.pointpark.edu/,45856,0,00335700,0.0475,0.019,0,0.1996,0.3707,0.3035,3,NA,1142,3,PA,2320,0.356,0.644,0.0414,0.0017,0.0194,0.1371,0.1013,9e-4,0.0397,0.0116,0.647,2025-11-17
NA,25.209343168,6484,Reading,1,14368,19180827,0.5992272568,0.5391644909,8750,0,1,2,Reading Area Community College,https://www.racc.edu/,39082,0,01038800,0.0181,0.006,0,0.1935,0.4269,1,2,NA,NA,2,PA,3338,0.3143,0.6857,0.0431,0.0012,0.0159,0.1007,0.4946,9e-4,0.0045,0.0021,0.337,2025-11-17
0.2041,25.970711297,NA,Reading,2,22775,NA,0.8953974895,0.5288888889,20885,0,0,2,Reading Hospital School of Health Sciences,https://reading.towerhealth.org/academics/health-sciences/,74572,0,00656500,0,0,0,0,0.3822,NA,1,NA,NA,1,PA,270,0.1593,0.8407,0.0407,0.0037,0.037,0.0778,0.163,0,0,0.0111,0.6667,2025-11-17
0.9057,21.22558014,13134,Moon Township,2,51075,45064347,0.4867781975,0.3001745201,26950,0,0,1,Robert Morris University,www.rmu.edu/,62105,0,00335900,0.0488,0.0868,0.0353,0.4858,0.2209,1,3,NA,NA,3,PA,2866,0.5579,0.4421,0.0527,0.0017,0.0161,0.0841,0.0293,7e-4,0.082,0.0052,0.7282,2025-11-17
0.7698,25.259631491,5216,Pittsburgh,2,28485,NA,0.0703517588,0.3843283582,12000,0,0,2,Rosedale Technical College,www.rosedaletech.edu/,47880,0,01205000,0,0,0,0,0.5588,0.8667,2,NA,NA,2,PA,405,0.9062,0.0938,0.042,0.0025,0.0049,0.1407,0.0247,0.0025,0,0,0.7827,2025-11-17
0.7452,21.934782609,6037,Rosemont,2,36860,14616557,0.6376811594,0.3746556474,27000,0,0,1,Rosemont College,www.rosemont.edu/,48555,0,00336000,0.0278,0,0,0.2778,0.3857,0.2353,3,30,NA,3,PA,466,0.4807,0.5193,0.0258,0,0.0107,0.2339,0.118,0,0.015,0.3219,0.2747,2025-11-17
0.7689,21.678803641,7602,Loretto,2,57515,56612451,0.644993498,0.2571428571,27000,0,0,1,Saint Francis University,www.francis.edu/,62101,0,00336600,0.1098,0.0488,0.0024,0.1976,0.1784,1,3,30,1151,3,PA,1525,0.381,0.619,0.0315,0.0052,0.0216,0.0636,0.0236,7e-4,0,0.0511,0.8026,2025-11-17
0.8639,21.086859688,11172,Philadelphia,2,65513,357720376,0.5929844098,0.1751018034,25500,0,0,1,Saint Joseph's University - Philadelphia,https://www.sju.edu/,86881,0,00336700,0.0431,0,0.0042,0.4083,0.1815,1,3,30,1256,3,PA,4742,0.4612,0.5388,0.0306,4e-4,0.1023,0.0616,0.0934,4e-4,0.02,0.0127,0.6786,2025-11-17
0.591,19.724420191,8047,Latrobe,2,55082,121348478,0.448840382,0.2679355783,27000,0,0,1,Saint Vincent College,https://www.stvincent.edu/,59982,0,00336800,0.0455,0.0552,0.0292,0.224,0.2686,0.9813,3,30,1120,3,PA,1264,0.6036,0.3964,0.0332,0,0.0142,0.0585,0.0506,0.0016,0.0158,0.0229,0.803,2025-11-17
0.8435,19.699667774,11098,Scranton,2,67795,275463301,0.5661129568,0.2034722222,27000,0,0,1,University of Scranton,www.scranton.edu/,74652,0,00338400,0.0309,0.008,0.0126,0.2405,0.2229,0.7005,3,30,1237,3,PA,3589,0.4338,0.5662,0.0267,0.0011,0.034,0.0357,0.1257,0.0011,0.0045,0.0293,0.742,2025-11-17
0.7579,20.848407643,8126,Greensburg,2,54634,50575847,0.6573248408,0.242506812,27000,0,0,1,Seton Hill University,www.setonhill.edu/,51748,0,00336200,0.0878,0,0.017,0.1615,0.295,0.9636,3,30,1186,3,PA,1581,0.358,0.642,0.0291,0.0013,0.0234,0.0626,0.0392,0,0,0.0272,0.8172,2025-11-17
0.6515,26.992125984,NA,Pittsburgh,2,26534,NA,0.8503937008,0.3514644351,19666,0,0,2,UPMC Shadyside School of Nursing,https://www.upmc.com/shyson,68801,0,00657700,0,0,0,0,0.2749,NA,1,NA,NA,1,PA,594,0.1246,0.8754,0.064,0.0034,0.0337,0.2138,0.0606,0,0,0.037,0.5875,2025-11-17
0.8555,20.237375362,11443,Shippensburg,1,29480,49574473,0.5271791573,0.3353272343,25000,0,0,1,Shippensburg University of Pennsylvania,www.ship.edu/,56351,0,00332600,0.13,0.0454,0.0289,0.2343,0.296,0.7813,3,NA,1090,3,PA,4179,0.4894,0.5106,0.0428,0.0012,0.0158,0.1199,0.0706,2e-4,0.0072,0.0077,0.7346,2025-11-17
0.7462,20.646480744,10392,Slippery Rock,1,24781,43838011,0.5697211155,0.2945736434,25000,0,0,1,Slippery Rock University of Pennsylvania,https://www.sru.edu/,53032,0,00332700,0.0893,0.0264,0.0116,0.0999,0.2809,0.8803,3,NA,1086,3,PA,6728,0.4498,0.5502,0.034,0.0016,0.01,0.0421,0.0339,6e-4,0.0291,0.011,0.8377,2025-11-17
NA,28.214285714,NA,Bethlehem,2,NA,NA,0.8766233766,PS,14000,0,0,3,St Lukes Hospital School of Nursing,https://www.slhn.org/bethlehem,80244,0,00657400,0,0,0,0,0.4184,NA,1,NA,NA,1,PA,340,0.1176,0.8824,0,0,0.0088,0.1088,0.1971,0,0,0,0.6853,2025-11-17
0.7871,19.456744186,8845,Selinsgrove,2,72563,192778361,0.5637209302,0.2158979392,27000,0,0,1,Susquehanna University,www.susqu.edu/,61723,0,00336900,0.0817,0,0.0104,0.247,0.2388,0.6483,3,39,1211,3,PA,2120,0.4344,0.5656,0.0316,9e-4,0.0165,0.0656,0.0741,9e-4,0.0132,0.0241,0.7731,2025-11-17
0.0694,19.334532374,14517,Swarthmore,2,80014,2725238000,0.5467625899,0.2687747036,17500,0,0,1,Swarthmore College,www.swarthmore.edu/,80257,0,00337000,0.0611,0.0807,0.0733,0,0.2001,0.9358,3,NA,1527,3,PA,1627,0.4856,0.5144,0.1106,0.0043,0.1758,0.094,0.1512,6e-4,0.142,0.0264,0.295,2025-11-17
0.5294,21.802879291,9744,Lancaster,1,17066,1202694,0.0675526024,0.4514501892,9990,0,0,2,Thaddeus Stevens College of Technology,stevenscollege.edu/,54681,0,00791200,0,0.1083,0,0.0295,0.4053,0.7368,2,NA,1120,2,PA,1449,0.8916,0.1084,0.0455,0.0055,0.011,0.1228,0.158,7e-4,0.0166,0.0014,0.6384,2025-11-17
0.7551,19.052631579,5106,Philadelphia,2,21600,NA,PS,PS,PS,0,0,1,Talmudical Yeshiva of Philadelphia,https://www.meterware.com/typ/Talmudical_Yeshiva_of_Philadelphia/?C=N;O=D,NA,0,01252300,0,0,0,0,0.2764,NA,3,80,NA,3,PA,120,1,0,0,0,0,0,0,0,0.05,0,0.95,2025-11-17
0.8292,21.358519229,12483,Philadelphia,1,39799,812705000,0.550251859,0.2959157015,24395,0,0,1,Temple University,www.temple.edu/,63727,0,00337100,0.0364,0.0412,0.0087,0.206,0.3007,0.5641,3,NA,NA,3,PA,21249,0.4459,0.5541,0.0448,0.0021,0.1525,0.1724,0.0994,7e-4,0.0342,0.0311,0.4628,2025-11-17
0.706,19.976095618,7117,Greenville,2,51346,35289779,0.3605577689,0.3155555556,27000,0,0,1,Thiel College,https://www.thiel.edu/,49714,0,00337600,0.067,0,0.0258,0.2835,0.3905,0.6818,3,39,NA,3,PA,773,0.5136,0.4864,0.0362,0.0026,0.0091,0.1061,0.022,0.0026,0,0.022,0.7995,2025-11-17
0.8614,24.206666667,10265,Philadelphia,2,62110,2487557000,0.7742857143,0.3297985154,14744,0,0,1,Thomas Jefferson University,www.jefferson.edu/,77449,0,01239300,0,0.0145,0,0.0681,0.3386,0.4049,3,NA,1259,3,PA,3708,0.2619,0.7381,0.0512,0.0016,0.1672,0.154,0.1313,3e-4,0.0216,0.0205,0.4523,2025-11-17
0.8737,19.455737705,9296,Collegeville,2,75378,138346490,0.5327868852,0.1884550085,27000,0,0,1,Ursinus College,www.ursinus.edu/,73721,0,00338500,0.0168,0,0.0196,0.0028,0.1984,0.7296,3,NA,1304,3,PA,1477,0.5206,0.4794,0.0447,0.0027,0.0332,0.0779,0.0691,0,0.0027,0.021,0.7488,2025-11-17
0.7816,24.007722008,6189,Phoenixville,2,43134,2906437,0.5540540541,0.3333333333,27000,0,1,1,University of Valley Forge,https://www.valleyforge.edu/,39016,0,00330600,0.1077,0,0,0.1538,0.5079,0.2706,3,27,NA,3,PA,471,0.4989,0.5011,0.0255,0.0085,0.0255,0.1507,0.2484,0.0021,0.0382,0.0085,0.4926,2025-11-17
0.2512,20.663366337,13462,Villanova,2,80866,1165526000,0.5794684732,0.1257420399,25874,0,0,1,Villanova University,www.villanova.edu/,100423,0,00338800,0.0028,0.1336,0.0281,0.2515,0.1155,0.6369,3,30,1466,3,PA,7005,0.4612,0.5388,0.0407,3e-4,0.0739,0.061,0.1088,0.001,0.0188,0.016,0.6795,2025-11-17
0.8154,19.401438849,8335,Washington,2,65117,137190814,0.5107913669,0.2160493827,27000,0,0,1,Washington & Jefferson College,www.washjeff.edu/,67918,0,00338900,0.032,0,0.0228,0.2374,0.2942,1,3,NA,NA,3,PA,1154,0.5373,0.4627,0.0667,0.0035,0.0199,0.0693,0.0589,0.0017,0.013,0,0.7669,2025-11-17
0.9169,20.481723238,7092,Waynesburg,2,42526,41032204,0.5691906005,0.2635327635,27000,0,0,1,Waynesburg University,www.waynesburg.edu/,58537,0,00339100,0.0758,0,0.0038,0.1136,0.31,0.4356,3,66,1114,3,PA,1081,0.4662,0.5338,0.0361,0.0019,0.0019,0.0786,0.0463,0.0083,0.0046,0.0028,0.8196,2025-11-17
0.792,21.349310676,10737,West Chester,1,27559,54756815,0.6078871433,0.2813085705,23500,0,0,1,West Chester University of Pennsylvania,https://www.wcupa.edu/,61258,0,00332800,0.0956,0.0046,0.0064,0.254,0.245,0.7408,3,NA,1184,3,PA,14067,0.4088,0.5912,0.036,7e-4,0.0319,0.1056,0.0763,1e-4,0.0023,0.0083,0.7388,2025-11-17
0.9643,25.621359223,NA,Pittsburgh,2,25326,NA,0.8834951456,PS,13838,0,0,2,Western Pennsylvania Hospital School of Nursing,https://www.ahn.org/health-care-professionals/education/nursing/schools/west-penn-hospital,56487,0,00658300,0,0,0,0,0.3774,NA,1,NA,NA,1,PA,145,0.1379,0.8621,0.0276,0,0.0276,0.2276,0.0345,0,0,0.0207,0.6621,2025-11-17
0.8551,19.558677686,7484,New Wilmington,2,51808,132757994,0.4925619835,0.2553571429,26060,0,0,1,Westminster College,www.westminster.edu/,53861,0,00339200,0.1033,0.0054,0.0217,0.2228,0.2474,0.5968,3,66,NA,3,PA,1051,0.4805,0.5195,0.0447,0.0048,0.0095,0.058,0.0419,0.001,0.001,0.0419,0.7973,2025-11-17
NA,24.144973545,7260,Youngwood,1,10592,2180869,0.6261022928,0.4435674822,11000,0,0,2,Westmoreland County Community College,https://westmoreland.edu/,37439,0,01017600,0.013,0.0014,0.0058,0.1188,0.2779,0.2996,2,NA,NA,2,PA,2628,0.304,0.696,0.0323,0.0034,0.0076,0.0415,0.0263,8e-4,0.0057,0.086,0.7964,2025-11-17
0.8402,21.449112426,8665,Chester,2,68305,114039574,0.6059171598,0.3003778338,27000,0,0,1,Widener University,https://www.widener.edu/,70920,0,00331300,0.019,0.1681,0,0.1564,0.2485,0.3714,3,NA,1170,3,PA,2765,0.3978,0.6022,0.013,0.0025,0.0405,0.2318,0.0803,0.0011,0.0159,0.0282,0.5866,2025-11-17
0.9146,21.204793028,9425,Wilkes-Barre,2,56956,61384912,0.535221496,0.3461237275,26000,0,0,1,Wilkes University,https://www.wilkes.edu/,63454,0,00339400,0.0266,0.0982,0,0.1759,0.2975,0.399,3,NA,1134,3,PA,1893,0.4728,0.5272,0.0359,0.0011,0.0275,0.0581,0.1141,5e-4,0.0576,0.0032,0.7021,2025-11-17
0.2992,NA,7586,Media,2,37921,133536922,NA,NA,PS,0,0,2,Williamson College of the Trades,https://www.williamson.edu/,NA,0,04123800,0,0,0,0,0.5863,0.5641,2,NA,NA,2,PA,313,1,0,0.0575,0.0032,0.0032,0.2109,0.0671,0,0,0,0.6581,2025-11-17
0.8998,24.345707657,7076,Chambersburg,2,38932,59400919,0.7911832947,0.43,26328,0,0,1,Wilson College,www.wilson.edu/,43326,0,00339600,0.0523,0,0.0058,0.1221,0.266,1,3,66,1020,3,PA,745,0.1933,0.8067,0.0242,0.0027,0.0054,0.0779,0.0913,0.0027,0.0107,0.0081,0.7772,2025-11-17
0.942,20.350857775,9470,York,2,35806,170974524,0.5522966242,0.3032258065,26000,0,0,1,York College of Pennsylvania,https://www.ycp.edu/,61012,0,00339900,0.0683,0.1044,0.009,0.1637,0.2522,0.4185,3,NA,1135,3,PA,3187,0.4393,0.5607,0.0414,0.0022,0.0217,0.0775,0.1013,6e-4,0.0088,0.021,0.7254,2025-11-17
0.0523,19.463917526,17335,Providence,2,84986,6141243000,0.5403780069,0.1704035874,11428,0,0,1,Brown University,www.brown.edu/,93487,0,00340100,0.0089,0.0589,0.1064,0.0202,0.1327,0.9008,3,NA,1546,3,RI,7273,0.4925,0.5075,0.0808,0.0027,0.2045,0.0869,0.1218,0.0014,0.1218,0.0216,0.3584,2025-11-17
0.6565,19.634125637,14517,Smithfield,2,67926,208384000,0.3977947413,0.160667252,26849,0,0,1,Bryant University,https://www.bryant.edu/,90008,0,00340200,0,0,0.0435,0.8069,0.1076,0.6037,3,NA,1263,3,RI,3236,0.6595,0.3405,0.0287,0.0015,0.0392,0.0445,0.081,9e-4,0.0535,0.0117,0.7389,2025-11-17
0.837,21.04166162,10490,Providence,2,58330,262037524,0.6353397118,0.3464140731,26000,0,0,1,Johnson & Wales University-Providence,https://www.jwu.edu/campuses/providence/,43418,0,00340400,0,0.0074,0,0.1922,0.3018,1,3,NA,1107,3,RI,3913,0.3813,0.6187,0.0189,0.0049,0.0396,0.1086,0.1472,0,0.0345,0.0465,0.5998,2025-11-17
0.7273,24.746518106,7310,East Greenwich,2,48445,245914672,0.3656983685,0.4141132776,16668,0,0,1,New England Institute of Technology,https://www.neit.edu/,48684,0,00784500,0,0,0,0.0387,0.4448,1,2,NA,NA,2,RI,1712,0.5859,0.4141,0.0374,0.0047,0.0315,0.104,0.1443,6e-4,0,0.1279,0.5496,2025-11-17
0.4872,20.063862928,11738,Providence,2,76667,316898374,0.5771028037,0.1464401294,27000,0,0,1,Providence College,https://www.providence.edu/,87054,0,00340600,0.049,0.0029,0.0038,0.4298,0.1324,0.6901,3,30,1342,3,RI,4170,0.46,0.54,0.0264,2e-4,0.0153,0.0317,0.0844,7e-4,0.0151,0.0319,0.7942,2025-11-17
0.8109,22.427894581,11527,Providence,1,18490,37650723,0.685519692,0.4470872113,20500,0,1,1,Rhode Island College,www.ric.edu/,56318,0,00340700,0.0849,0,0.0029,0.1469,0.4147,0.9792,3,NA,1010,3,RI,4630,0.3078,0.6922,0.0199,0.0069,0.0341,0.1168,0.2618,9e-4,0.0024,0.0691,0.4881,2025-11-17
NA,24.098080188,7547,Warwick,1,11358,3811865,0.5882199295,0.5347347676,10920,0,1,2,Community College of Rhode Island,www.ccri.edu/,42659,0,00340800,0.0225,0.0059,0.001,0.1079,0.4298,1,2,NA,NA,2,RI,11455,0.383,0.617,0.0673,0.0026,0.027,0.1163,0.286,8e-4,9e-4,0.0367,0.4625,2025-11-17
0.7707,20.770941953,10693,Kingston,1,32584,279819871,0.5947167188,0.2632854745,22250,0,0,1,University of Rhode Island,https://web.uri.edu/,69743,0,00341400,0.0352,0.0867,0.0061,0.1332,0.2115,0.6565,3,NA,1176,3,RI,13822,0.4206,0.5794,0.0376,0.0014,0.0319,0.048,0.1147,4e-4,0.0094,0.0178,0.7387,2025-11-17
0.1381,19.885514019,11043,Providence,2,78857,381228134,0.6612149533,0.1055155875,27000,0,0,1,Rhode Island School of Design,https://www.risd.edu/,68140,0,00340900,0,0,0,0,0.1404,0.3868,3,NA,1480,3,RI,2090,0.311,0.689,0.0488,0.0014,0.2474,0.0464,0.0876,0,0.3349,0.0124,0.2211,2025-11-17
0.8778,20.546386192,13085,Bristol,2,60180,71879296,0.5868392665,0.1965909091,26940,0,0,1,Roger Williams University,https://www.rwu.edu/,70266,0,00341000,0.0497,0.0487,0.001,0.2545,0.1633,0.4262,3,NA,1228,3,RI,3957,0.4872,0.5128,0.0275,0.0033,0.0197,0.0344,0.1094,5e-4,0.0101,0.0763,0.7187,2025-11-17
0.6991,19.730417091,9068,Newport,2,67612,77430000,0.7141403866,0.1858500528,27000,0,0,1,Salve Regina University,www.salve.edu/,72975,0,00341100,0.0889,0,0.0054,0.2595,0.1548,0.9857,3,30,1236,3,RI,2102,0.3007,0.6993,0.0328,0.001,0.0181,0.0138,0.1004,0.0014,0.0285,0.0347,0.7693,2025-11-17
NA,25.239283429,6442,Graniteville,1,12798,4246222,0.6634676903,0.4752186589,12250,0,0,2,Aiken Technical College,https://www.atc.edu/,39225,0,01005600,0,0,0,0.0168,0.454,0.3032,1,NA,NA,1,SC,1911,0.3354,0.6646,0.0272,0.0058,0.011,0.3721,0.1015,0.0021,0,0.0099,0.4704,2025-11-17
0.3212,21.097727273,5295,Columbia,2,24804,458613,0.5,0.5065616798,34290,1,0,1,Allen University,https://www.allenuniversity.edu/,30497,0,00341700,0,0,0.0361,0.3133,0.7977,0.5224,3,51,NA,3,SC,635,0.5701,0.4299,0.0252,0.0094,0,0.9024,0.0331,0,0.0157,0.011,0.0031,2025-11-17
0.5281,22.545588235,7485,Anderson,2,47724,56357814,0.6955882353,0.2534562212,26700,0,0,1,Anderson University,https://www.andersonuniversity.edu/,42101,0,00341800,0.1467,0,0.0221,0.1562,0.2166,1,3,54,1190,3,SC,3080,0.3679,0.6321,0.0302,6e-4,0.0162,0.049,0.0526,3e-4,0.0143,0.0052,0.8315,2025-11-17
0.7609,22.16751269,6003,Charleston,2,43989,25844075,0.6288776086,0.3071816536,26471,0,0,1,Charleston Southern University,https://www.charlestonsouthern.edu/,45898,0,00341900,0.087,0.0083,0.0124,0.1698,0.3456,0.6019,3,54,1056,3,SC,2716,0.3748,0.6252,0.0387,0.0011,0.0118,0.1753,0.0781,0.0029,0.0247,0.1101,0.5574,2025-11-17
NA,26.051424051,6431,Beaufort,1,15086,683385,0.7056962025,0.4473924977,10000,0,0,2,Technical College of the Lowcountry,www.tcl.edu/,35090,0,00991000,0,0,0,0.1145,0.337,0.4178,1,NA,NA,2,SC,1697,0.2923,0.7077,0.0436,0.0029,0.0088,0.2864,0.2086,0.0018,0,0.01,0.4378,2025-11-17
0.673,20.529620853,7165,Columbia,2,29921,24673002,0.4555687204,0.4078762307,32500,1,0,1,Benedict College,www.benedict.edu/,31902,0,00342000,0.0725,0.0242,0,0.1813,0.6348,0.7643,3,54,910,3,SC,1573,0.4749,0.5251,0,0.0095,0.0045,0.7718,0.0235,6e-4,0.1316,0.0496,0.0089,2025-11-17
NA,19.795294118,6503,Greenville,2,34770,17986887,0.5588235294,0.1440677966,16585,0,0,1,Bob Jones University,www.bju.edu/,44354,0,00342100,0.1222,0.0289,0.0034,0.1868,0.2923,0.932,3,102,NA,3,SC,2209,0.464,0.536,0.0118,0.0023,0.0389,0.0163,0.0851,0.0032,0.0801,0.0181,0.7442,2025-11-17
1,26.280160858,4834,Central,2,38739,7760037,0.6313672922,0.3914956012,26000,0,0,1,Southern Wesleyan University,www.swu.edu/,47756,0,00342200,0.0829,0,0,0.2627,0.2902,1,3,89,1106,3,SC,771,0.3748,0.6252,0.0324,0.0013,0.0065,0.166,0.0817,0,0.0026,0.0169,0.6926,2025-11-17
0.72,20.903627504,10065,Charleston,1,30731,124132298,0.6578234976,0.2006198929,23250,0,0,1,College of Charleston,https://www.charleston.edu/,56416,0,00342800,0.0572,0,0.0044,0.2293,0.1947,0.6349,3,NA,1238,3,SC,10366,0.3235,0.6765,0.04,7e-4,0.0204,0.054,0.0705,6e-4,0.0084,0.0209,0.7845,2025-11-17
NA,25.585324232,5544,Cheraw,1,15290,35176,0.5784982935,0.5460251046,PS,0,0,2,Northeastern Technical College,www.netc.edu/,32141,0,00760200,0,0,0,0.1081,0.3295,0.375,1,NA,NA,1,SC,849,0.278,0.722,0.0353,0.02,0.0012,0.5065,0.0365,0.0012,0,0.0094,0.3899,2025-11-17
0.9809,21.7086915,9825,Charleston,1,31943,397403931,0.1184336199,0.1881881882,21096,0,0,1,Citadel Military College of South Carolina,https://citadel.edu/,72085,0,00342300,0.0248,0.2219,0.0029,0.2803,0.1918,0.684,3,NA,1184,3,SC,2624,0.8567,0.1433,0.0473,0.0027,0.0206,0.0743,0.0899,0.0038,0.0091,0.008,0.7443,2025-11-17
0.7255,21.43452381,7650,Orangeburg,2,33538,51019789,0.6700680272,0.3235867446,29000,1,0,1,Claflin University,www.claflin.edu/,40304,0,00342400,0.0689,0.012,0.012,0.1467,0.7261,0.7101,3,71,NA,3,SC,1727,0.264,0.736,6e-4,0.0058,0.0017,0.9004,0.0087,6e-4,0.0232,0.0475,0.0116,2025-11-17
0.3805,20.472703063,11744,Clemson,1,34494,994710889,0.5037093399,0.1724543849,21500,0,0,1,Clemson University,www.clemson.edu/,71513,0,00342500,0.036,0.1814,0.0114,0.2326,0.1453,0.8076,3,NA,1341,3,SC,22778,0.4697,0.5303,0.0396,0.0021,0.0284,0.0543,0.0871,9e-4,0.0076,0.0192,0.7606,2025-11-17
0.9723,24.031811895,6535,Hartsville,2,44355,31423210,0.5684647303,0.3761609907,26000,0,0,1,Coker University,https://coker.edu/,40117,0,00342700,0.0628,0,0,0.2304,0.2949,0.4444,3,NA,NA,3,SC,807,0.43120000000000003,0.5688,0.0867,0.005,0.0112,0.2503,0.0074,0.0025,0.0781,0.0124,0.5465,2025-11-17
0.9758,22.479674797,6098,Columbia,2,40183,4854142,0.5528455285,0.2413793103,20000,0,0,1,Columbia International University,www.ciu.edu/,38951,0,00342900,0.0396,0,0,0.1832,0.2827,0.2562,3,NA,NA,3,SC,690,0.5232,0.4768,0.0435,0.0014,0.0246,0.1957,0.013,0,0.0478,0.0493,0.6246,2025-11-17
0.9579,29.220918866,6671,Columbia,2,37840,20285178,0.7253176931,0.4139037433,22750,0,0,1,Columbia College,www.columbiasc.edu/,41338,0,00343000,0.1702,0,0.0085,0.1277,0.5313,0.3333,3,71,NA,3,SC,1245,0.1823,0.8177,0.0048,0.0104,0.0233,0.3751,0.11,8e-4,0.0072,0.0867,0.3815,2025-11-17
0.64,21.039761431,6381,Spartanburg,2,35669,87045699,PS,0.3170212766,27000,0,0,1,Converse University,https://www.converse.edu/,40867,0,00343100,0.0846,0,0.0077,0.1692,0.4066,0.9759,3,NA,1124,3,SC,845,0.2675,0.7325,0.0343,0.0201,0.0284,0.1183,0.1302,0.0012,0.0734,0.1041,0.4899,2025-11-17
NA,25.195608782,5877,Denmark,1,25892,NA,0.5728542914,0.4751243781,15250,1,0,2,Denmark Technical College,www.denmarktech.edu/,25351,0,00536300,0,0,0,0.1045,0.3959,0.65,1,NA,NA,1,SC,539,0.4378,0.5622,0.0037,0.0037,0.0037,0.7941,0.0408,0.0019,0,0.0037,0.1484,2025-11-17
0.6056,19.774278215,5399,Due West,2,54484,39210574,0.4461942257,0.2225352113,27000,0,0,1,Erskine College,www.erskine.edu/,53459,0,00343200,0.0569,0,0.0163,0.4634,0.4014,1,3,81,NA,3,SC,821,0.7089,0.2911,0,0.0037,0.011,0.179,0.0499,0.0012,0,0.3666,0.3886,2025-11-17
NA,25.204750753,6302,Florence,1,10497,2488094,0.6323185012,0.4830039526,12250,0,0,2,Florence-Darlington Technical College,https://www.fdtc.edu/,32748,0,00399000,0,0,0,0.0997,0.451,0.4419,2,NA,NA,2,SC,2890,0.3287,0.6713,0.0242,0.0128,0.0111,0.4602,0.0093,3e-4,0,0.0979,0.3841,2025-11-17
0.8223,21.189295775,8407,Florence,1,22944,42522430,0.6856338028,0.3626782393,27000,0,0,1,Francis Marion University,www.fmarion.edu/,43888,0,00922600,0.0754,0.0122,0.0183,0.1466,0.3884,0.6858,3,NA,1039,3,SC,2640,0.358,0.642,0.0383,0.003,0.0144,0.375,0.0545,4e-4,0.0303,0.0098,0.4742,2025-11-17
0.5257,20.020667727,10403,Greenville,2,73760,812285408,0.5850556439,0.1237785016,23250,0,0,1,Furman University,www.furman.edu/,68635,0,00343400,0.0712,0,0.0269,0.0904,0.1121,0.8328,3,NA,1364,3,SC,2322,0.4264,0.5736,0.0379,0.0026,0.0336,0.068,0.0711,4e-4,0.0487,0.0056,0.7321,2025-11-17
NA,24.141993958,6144,Greenville,1,13925,20497785,0.6093178566,0.4249955301,15392,0,0,1,Greenville Technical College,www.gvltec.edu/,39473,0,00399100,0,0.0023,0,0.1055,0.3253,0.4042,1,NA,NA,2,SC,8171,0.3911,0.6089,0.0421,0.0032,0.0262,0.1953,0.1552,0.001,0.0043,0.0181,0.5546,2025-11-17
NA,24.800520156,6794,Conway,1,12391,5747182,0.6083224967,0.4201631702,14250,0,0,2,Horry-Georgetown Technical College,www.hgtc.edu/,35507,0,00492500,0.0184,0,0,0.0927,0.3907,0.4847,1,NA,NA,2,SC,5962,0.3579,0.6421,0.0428,0.0035,0.0114,0.2065,0.101,0.0012,0.0015,0.0129,0.6193,2025-11-17
0.6792,20.109598854,7140,Greenwood,1,26069,21326094,0.7127507163,0.317092034,25000,0,0,1,Lander University,https://www.lander.edu/,42396,0,00343500,0.0996,0,0,0.2738,0.3974,0.5166,3,NA,1057,3,SC,3384,0.3186,0.6814,0.0502,0.0062,0.0027,0.2376,0.0165,0.008,0.0272,0.003,0.6486,2025-11-17
NA,27.348031496,11192,Charleston,1,NA,432267715,0.7023622047,0.1883116883,15000,0,0,1,Medical University of South Carolina,https://web.musc.edu/,88420,0,00343800,0,0,0,0,0.1167,0.9129,3,NA,NA,3,SC,281,0.0961,0.9039,0.0463,0.0036,0.032,0.1068,0.0641,0,0,0.0107,0.7367,2025-11-17
NA,24.164674,6795,West Columbia,1,12709,11361322,0.6051331102,0.396505616,12000,0,0,2,Midlands Technical College,https://www.midlandstech.edu/,38701,0,00399300,0,0.0073,0,0.0662,0.3883,1,2,NA,NA,2,SC,7731,0.3865,0.6135,0.06,0.004,0.0199,0.3671,0.0891,0.0021,0,0.0482,0.4095,2025-11-17
NA,21.294214876,4245,Sumter,2,29585,11586325,0.5487603306,0.4,31400,1,0,1,Morris College,https://www.morris.edu/,30614,0,00343900,0.0395,0,0.0132,0.4342,0.8177,0.5147,3,54,NA,3,SC,421,0.4774,0.5226,0.0214,0,0,0.9335,0.0095,0,0,0.0238,0.0119,2025-11-17
0.748,20.335949765,6566,Newberry,2,44240,16880555,0.4489795918,0.3131313131,26805,0,0,1,Newberry College,www.newberry.edu/,48040,0,00344000,0.1029,0,0.0049,0.1618,0.4892,1,3,39,1008,3,SC,1462,0.5335,0.4665,0.0274,0.0144,0.0075,0.3338,0.0328,0.0021,0.0397,0.0547,0.4877,2025-11-17
0.6278,21.826959847,6257,Tigerville,2,40599,34633324,0.4636711281,0.267,23082,0,0,1,North Greenville University,https://www.ngu.edu/,43035,0,00344100,0.2126,0,0.0299,0.1886,0.3197,0.6927,3,75,1176,3,SC,1719,0.4654,0.5346,0.0297,0.0017,0.0087,0.0931,0.0535,6e-4,0.018,0.1257,0.669,2025-11-17
NA,25.284390592,6318,Orangeburg,1,14964,1122807,0.6400570207,0.4570475396,10562,0,0,2,Orangeburg Calhoun Technical College,www.octech.edu/,35761,0,00681500,0,0,0,0.035,0.4344,0.5478,1,NA,NA,1,SC,1564,0.2711,0.7289,0.0294,0.0038,0.0102,0.5908,0.0332,0,0,6e-4,0.3318,2025-11-17
NA,25.484987637,5987,Greenwood,1,20438,3412187,0.6503002473,0.4747097844,15000,0,0,2,Piedmont Technical College,https://www.ptc.edu/,35768,0,00399200,0,0,0,0.1674,0.4832,0.4179,1,NA,NA,2,SC,3988,0.3114,0.6886,0.0323,0.002,0.0048,0.3786,0.077,8e-4,0,0.0103,0.4942,2025-11-17
0.7234,19.579196217,7976,Clinton,2,57271,98278529,0.4893617021,0.1975609756,26000,0,0,1,Presbyterian College,https://www.presby.edu/,60194,0,00344500,0.0536,0,0.0089,0.2098,0.2785,1,3,66,1214,3,SC,862,0.5151,0.4849,0.058,0.0012,0.0116,0.1787,0.0847,0,0.0499,0.0012,0.6148,2025-11-17
0.7972,21.887559809,7960,Aiken,1,20922,30503543,0.6561004785,0.3270967742,24275,0,0,1,University of South Carolina Aiken,https://www.usca.edu/,45603,0,00344900,0.1123,0.0211,0,0.2509,0.3692,0.5876,3,NA,1063,3,SC,2805,0.3665,0.6335,0.0599,0.0014,0.0132,0.2232,0.0838,4e-4,0.0157,0.005,0.5975,2025-11-17
0.6918,22.129310345,8243,Bluffton,1,23796,9284476,0.7092476489,0.3095843936,24000,0,0,1,University of South Carolina Beaufort,www.uscb.edu/,48088,0,00345000,0.0424,0,0.0053,0.2255,0.4028,0.5787,3,NA,NA,3,SC,1958,0.3253,0.6747,0.0516,0.0036,0.0087,0.2022,0.1144,0.001,0.0199,0.0072,0.5914,2025-11-17
0.6149,20.521455797,12094,Columbia,1,32840,666458265,0.5560063937,0.1953144894,21500,0,0,1,University of South Carolina-Columbia,www.sc.edu/,62177,0,00344800,0.024,0.0676,0.0099,0.2675,0.1899,0.7206,3,NA,1297,3,SC,28113,0.4211,0.5789,0.0422,0.0011,0.0446,0.0921,0.0593,7e-4,0.0151,0.0108,0.7341,2025-11-17
0.7585,NA,7578,Lancaster,1,18467,9831932,NA,NA,9616,0,0,2,University of South Carolina-Lancaster,www.sc.edu/about/system_and_campuses/lancaster/index.php,39426,0,00345300,0,0,0,0.1688,0.1422,0.7125,2,NA,NA,3,SC,649,0.4653,0.5347,0.0401,0.0031,0.0231,0.1356,0.1263,0.0015,0.0354,0.0092,0.6256,2025-11-17
0.7629,23.020895522,6806,Allendale,1,20402,2409086,0.5850746269,0.4390243902,11000,0,0,2,University of South Carolina-Salkehatchie,sc.edu/about/system_and_campuses/salkehatchie/index.php,31360,0,00345400,0,0,0,0,0.204,0.4375,2,NA,NA,2,SC,290,0.4759,0.5241,0.0379,0,0.0069,0.3172,0.0897,0.0034,0.0759,0.0345,0.4345,2025-11-17
0.7626,23.092130518,7387,Sumter,1,18335,5142069,0.5681381958,0.3663157895,9250,0,0,2,University of South Carolina-Sumter,www.sc.edu/about/system_and_campuses/sumter/index.php,42437,0,00342600,0,0,0,0,0.1614,0.5139,2,NA,NA,2,SC,631,0.4675,0.5325,0.0634,0.0016,0.0206,0.2361,0.0887,0.0032,0.038,0.0095,0.5388,2025-11-17
0.6989,22.937956204,7215,Union,1,19480,1542872,0.6423357664,0.3508064516,11000,0,0,2,University of South Carolina-Union,www.sc.edu/about/system_and_campuses/union/index.php,33699,0,00492700,0,0,0,0,0.112,0.2632,2,NA,NA,2,SC,267,0.5506,0.4494,0.0487,0,0.0075,0.161,0.0412,0,0.0599,0.015,0.6667,2025-11-17
0.8019,20.580092414,8782,Conway,1,26050,44582027,0.5346553716,0.2656186198,23750,0,0,1,Coastal Carolina University,https://www.coastal.edu/,47258,0,00345100,0.0583,0.0157,0.0038,0.2316,0.2676,1,3,NA,1128,3,SC,9909,0.4497,0.5503,0.0354,0.0021,0.0085,0.1052,0.0587,9e-4,0.0077,0.1186,0.6629,2025-11-17
0.8173,20.318411552,7917,Orangeburg,1,29957,18189420,0.4902527076,0.3593109106,31000,1,0,1,South Carolina State University,https://scsu.edu/,38262,0,00344600,0.0776,0.0216,0.0043,0.1552,0.6849,1,3,NA,NA,3,SC,2757,0.4385,0.5615,0.0261,0.0018,0.0018,0.9278,0.0015,0.0011,0,0.0261,0.0138,2025-11-17
0.6961,23.230151077,8140,Spartanburg,1,24565,12570749,0.6846673095,0.3513888889,22310,0,0,1,University of South Carolina-Upstate,www.uscupstate.edu/,48587,0,00695100,0.1026,0.0038,0.0066,0.1102,0.4546,0.5707,3,NA,1082,3,SC,4008,0.3438,0.6562,0.0492,0.0015,0.0287,0.3353,0.0911,0.0017,0.015,0.01,0.4676,2025-11-17
0.814,19.668734491,5965,Spartanburg,2,32965,24872772,0.4863523573,0.3140495868,12000,0,0,1,Spartanburg Methodist College,https://www.smcsc.edu/,42895,0,00344700,0,0,0,0.2255,0.6007,0.4904,2,71,NA,2,SC,1029,0.4529,0.5471,0.0573,0.0019,0.0117,0.3246,0.1613,0,0.0068,0,0.4363,2025-11-17
NA,24.178528827,6541,Spartanburg,1,15031,7622033,0.5896620278,0.4840036563,6500,0,0,2,Spartanburg Community College,https://www.sccsc.edu/,37097,0,00399400,0,0,0,0.1229,0.3838,0.3665,2,NA,NA,2,SC,5063,0.3808,0.6192,0.0464,0.001,0.0286,0.254,0.1132,0.0016,0,0.012,0.5432,2025-11-17
NA,24.975302889,5651,Sumter,1,13295,252368,0.6509785648,0.4624183007,9977,0,0,2,Central Carolina Technical College,www.cctech.edu/,32603,0,00399500,0,0,0,0.129,0.4384,0.4431,2,NA,NA,2,SC,2388,0.3065,0.6935,0.0281,0,0.008,0.482,0.0482,0.013,0,4e-4,0.4204,2025-11-17
NA,22.371219357,6058,Pendleton,1,16879,30853642,0.5361349889,0.3887915937,9000,0,0,2,Tri-County Technical College,https://www.tctc.edu/,40101,0,00492600,0,4e-4,0,0.0454,0.4036,0.4056,1,NA,NA,1,SC,4960,0.4671,0.5329,0.049,0.002,0.0139,0.1014,0.0784,4e-4,0,0.0123,0.7425,2025-11-17
NA,25.777871908,6593,Charleston,1,11453,4992970,0.6086072518,0.4282700422,13029,0,0,2,Trident Technical College,https://www.tridenttech.edu/,38253,0,00492000,0,0.0046,0,0.1419,0.2725,0.458,2,NA,NA,2,SC,11091,0.3602,0.6398,0.0601,0.0032,0.0182,0.3027,0.0945,0.0014,0,0.0268,0.4931,2025-11-17
NA,20.836363636,5022,Denmark,2,25793,9039870,0.5121212121,0.3911439114,26700,1,0,1,Voorhees University,https://www.voorhees.edu/,35339,0,00345500,0,0,0,0.1714,0.7749,0.5246,3,73,NA,3,SC,460,0.5152,0.4848,0.0326,0,0,0.8087,0.0348,0.0022,0.0826,0,0.0391,2025-11-17
NA,27.439739414,5285,Kingstree,1,14074,146450,0.7557003257,0.5408560311,PS,0,0,2,Williamsburg Technical College,https://www.wiltech.edu/,29935,0,00932200,0,0,0,0.0516,0.3967,0.5,1,NA,NA,1,SC,376,0.1941,0.8059,0,0.0053,0.0027,0.6489,0.008,0.0027,0,0.008,0.3245,2025-11-17
0.7506,20.643192488,8735,Rock Hill,1,30275,70252208,0.6854460094,0.2821100917,26975,0,0,1,Winthrop University,www.winthrop.edu/,47185,0,00345600,0.1462,0,0.0061,0.1717,0.3863,0.631,3,NA,1132,3,SC,3424,0.3435,0.6565,0.0555,0.0026,0.0202,0.3189,0.0768,9e-4,0.0155,6e-4,0.5091,2025-11-17
0.5859,19.488798371,8992,Spartanburg,2,69601,378836923,0.5234215886,PS,25732,0,0,1,Wofford College,www.wofford.edu/,68964,0,00345700,0,0,0.0235,0.2424,0.1509,0.8315,3,71,1297,3,SC,1873,0.4688,0.5312,0.0342,0.0027,0.023,0.0641,0.053900000000000003,0,0.0214,0,0.8009,2025-11-17
NA,24.913842826,6285,Rock Hill,1,15399,6690788,0.5969718818,0.4216768916,7000,0,0,2,York Technical College,www.yorktech.edu/,37257,0,00399600,0,0,0,0.0962,0.3243,0.5535,1,NA,NA,2,SC,3813,0.3803,0.6197,0.0779,0.0073,0.0165,0.2623,0.10780000000000001,0.0016,0,0.0155,0.5111,2025-11-17
0.5925,20.236065574,7514,Sioux Falls,2,53169,108384198,0.6524590164,0.1448275862,25000,0,0,1,Augustana University,www.augie.edu/,59217,0,00345800,0.0604,0.0026,0.0315,0.1496,0.16,0.7232,3,39,1187,3,SD,1818,0.3872,0.6128,0.0314,0.0055,0.0209,0.0347,0.0484,0.0017,0.1045,0.0017,0.7514,2025-11-17
0.9443,22.829174664,8111,Spearfish,1,21343,23173287,0.6218809981,0.2839673913,26000,0,0,1,Black Hills State University,www.bhsu.edu/,46674,0,00345900,0.1323,0,0.0174,0.2343,0.1849,0.6237,3,NA,1050,3,SD,1935,0.337,0.663,0.016,0.0419,0.0057,0.0165,0.0434,0.001,0.015,0.0605,0.8,2025-11-17
0.9787,23.882099828,9722,Madison,1,24447,17441044,0.3829604131,0.2755102041,23500,0,0,1,Dakota State University,https://dsu.edu/,50970,0,00346300,0.0755,0,0.0105,0.0755,0.1596,0.7483,3,NA,1129,3,SD,1969,0.68,0.32,0.035,0.0178,0.0249,0.0406,0.0523,0.0046,0.0325,0.0279,0.7643,2025-11-17
0.7277,22.506097561,6766,Mitchell,2,42473,38612630,0.575203252,0.2894168467,27000,0,0,1,Dakota Wesleyan University,www.dwu.edu/,53728,0,00346100,0.1392,0,0.0063,0.2405,0.2628,0.5222,3,71,NA,3,SD,661,0.469,0.531,0.0439,0.0151,0.0061,0.0166,0.0908,0,0.0227,0.003,0.8018,2025-11-17
NA,21.924738676,7462,Watertown,1,18239,27801453,0.4787456446,0.2866716307,12000,0,0,2,Lake Area Technical College,www.lakeareatech.edu/,45473,0,00530900,0,0,0,0.0965,0.2605,0.7569,2,NA,NA,2,SD,1710,0.5415,0.4585,6e-4,0.0251,0.0146,0.0135,0.0257,0.0047,0.0012,0.0082,0.9064,2025-11-17
NA,21.865311309,7510,Mitchell,1,16241,4294676,0.3036848793,0.3228021978,12000,0,0,2,Mitchell Technical College,https://www.mitchelltech.edu/,50743,0,00828400,0,0,0,0.1002,0.2976,0.9012,2,NA,NA,2,SD,953,0.6663,0.3337,0.0273,0.0283,0.0105,0.0052,0.0262,0,0.001,0.0063,0.8951,2025-11-17
0.4814,22.537459283,7439,Yankton,2,45209,30841524,0.6840390879,0.3202846975,26396,0,0,1,Mount Marty University,www.mountmarty.edu/,48179,0,00346500,0.0649,0,0,0.3182,0.1935,0.3281,3,30,1120,3,SD,702,0.5427,0.4573,0.0427,0.0313,0.0085,0.0726,0.0883,0.0014,0.057,0.0399,0.6581,2025-11-17
0.9279,21.594666667,8385,Aberdeen,1,22223,36271673,0.6053333333,0.3069164265,22320,0,0,1,Northern State University,https://northern.edu/,47618,0,00346600,0.2024,0,0.0091,0.1994,0.1196,0.9841,3,NA,1090,3,SD,1239,0.4245,0.5755,0.0363,0.0242,0.0218,0.0412,0.0517,8e-4,0.021,0.004,0.799,2025-11-17
NA,25.029962547,6848,Kyle,1,9841,65560887,0.5655430712,0.3888888889,PS,0,0,1,Oglala Lakota College,www.olc.edu/,22517,0,01465900,0.1935,0.0129,0,0.1806,0.469,0.6105,2,NA,NA,2,SD,1156,0.2768,0.7232,0.0087,0.9697,9e-4,0,0.0035,0,0,0,0.0173,2025-11-17
0.8525,20.625634518,10878,Rapid City,1,24865,88658248,0.2246192893,0.1831357049,27000,0,0,1,South Dakota School of Mines and Technology,https://www.sdsmt.edu/,72257,0,00347000,0,0.7546,0.0339,0,0.1595,0.875,3,NA,1245,3,SD,2042,0.785,0.215,0.024,0.0098,0.0162,0.0147,0.0563,5e-4,0.0127,0.0392,0.8266,2025-11-17
0.9871,20.884015374,9855,Brookings,1,22761,215024533,0.5559574949,0.2019482062,23250,0,0,1,South Dakota State University,https://www.sdstate.edu/,55070,0,00347100,0.0541,0.0706,0.0225,0.0681,0.161,0.8019,3,NA,1121,3,SD,8798,0.4608,0.5392,0.0208,0.0076,0.0122,0.0128,0.029,9e-4,0.0341,0.0259,0.8567,2025-11-17
NA,25.423963134,4699,Mission,1,15533,2920593,0.6589861751,0.4407894737,PS,0,0,1,Sinte Gleska University,www.sintegleska.edu/,20948,0,02143700,0.1647,0,0,0.2353,0.5245,1,3,NA,NA,2,SD,579,0.2107,0.7893,0,0.9292,0,0,0,0,0,0,0.0708,2025-11-17
0.8208,22.289719626,7050,Sioux Falls,2,32728,32006968,0.6408544726,0.2471590909,23249,0,0,1,University of Sioux Falls,www.usiouxfalls.edu/,54521,0,00346900,0.1358,0,0.0185,0.1667,0.2898,1,3,52,NA,3,SD,1258,0.3951,0.6049,0.0636,0.0095,0.0127,0.0469,0.0652,0.0016,0.0056,0.0135,0.7814,2025-11-17
NA,25.915254237,5427,Sisseton,1,9887,1090553,0.6271186441,0.5208333333,PS,0,0,1,Sisseton Wahpeton College,https://www.swcollege.edu/,31546,0,02277300,0,0,0,0.1143,0.5812,0.619,2,NA,NA,2,SD,209,0.3684,0.6316,0,0.9282,0.0048,0.0287,0,0,0,0.0048,0.0335,2025-11-17
NA,24.325355757,7154,Sioux Falls,1,20880,1364423,0.5103492885,0.3342981187,12000,0,0,2,Southeast Technical College,www.southeasttech.edu/,46709,0,00776400,0,0,0,0.1472,0.3229,0.4384,2,NA,NA,2,SD,2164,0.4506,0.5494,0.025,0.0282,0.0203,0.061,0.0384,0.0023,9e-4,0.0129,0.811,2025-11-17
0.9895,21.652853261,9163,Vermillion,1,23544,326822004,0.6341711957,0.2425454545,23592,0,0,1,University of South Dakota,https://www.usd.edu/,51926,0,00347400,0.0662,8e-4,0.0016,0.1905,0.1799,0.6766,3,NA,1122,3,SD,5239,0.3483,0.6517,0.03,0.0164,0.0134,0.0376,0.0573,2e-4,0.0365,0.012,0.7967,2025-11-17
NA,25.918978912,6714,Rapid City,1,20885,NA,0.5238623751,0.375,15000,0,0,2,Western Dakota Technical College,https://www.wdt.edu/,40240,0,01017000,0,0,0,0.1299,0.2786,0.5851,2,NA,NA,2,SD,733,0.457,0.543,0.0082,0.1282,0.0191,0.0164,0.0614,0.0041,0.0027,0.0068,0.7531,2025-11-17
NA,24.687285223,NA,Athens,1,NA,NA,0.3986254296,0.6326530612,PS,0,0,2,TCAT Athens,www.tcatathens.edu/,40540,0,00535800,0,0,0,0.0396,0.3232,NA,1,NA,NA,1,TN,365,0.7397,0.2603,0.0384,0.0055,0,0.0329,0.0767,0,0.0027,0.0219,0.8219,2025-11-17
0.9595,23.378538903,8879,Clarksville,1,26790,42838950,0.5990892892,0.395009936,20547,0,0,1,Austin Peay State University,www.apsu.edu/,44301,0,00347800,0.0319,0.0016,0.0028,0.0802,0.456,1,3,NA,1050,3,TN,7365,0.4109,0.5891,0.0631,0.0033,0.0229,0.2153,0.1147,0.0027,0.0087,0.0519,0.5173,2025-11-17
0.6776,26.654761905,7254,Memphis,2,21438,75177752,0.9200680272,0.4285714286,29500,0,0,1,Baptist Health Sciences University,www.baptistu.edu/,72529,0,03440300,0,0,0,0,0.4698,0.9737,3,54,1050,3,TN,673,0.0817,0.9183,0.0134,0.0059,0.0223,0.4651,0.0713,0,0,0.0327,0.3893,2025-11-17
0.9636,20.476534296,10135,Nashville,2,60480,369312966,0.6539453326,0.1584582441,20500,0,0,1,Belmont University,https://www.belmont.edu/,55930,0,00347900,0.0165,6e-4,0.0044,0.1117,0.1852,0.6256,3,42,1277,3,TN,7306,0.3422,0.6578,0.0442,0.003,0.0331,0.0531,0.095,0.001,0.0093,0.012,0.7492,2025-11-17
0.9717,30.239382239,3055,McKenzie,2,32270,11860356,0.5837135837,0.5121749897,27249,0,0,1,Bethel University,www.bethelu.edu/,47482,0,00348000,0.0544,0,0.012,0.3579,0.3114,1,3,60,1035,3,TN,1671,0.5589,0.4411,0.0419,0.0042,0.0048,0.3004,0.0521,0.0012,0.0551,0.0383,0.5021,2025-11-17
NA,24.389097744,6382,Dayton,2,29541,7931305,0.5620300752,0.3571428571,23000,0,0,1,Bryan College-Dayton,www.bryan.edu/,54434,0,00353600,0.2069,0.0483,0.0138,0.2414,0.224,0.2472,3,42,NA,3,TN,815,0.5092,0.4908,0.0123,0,0.0098,0.0503,0.0429,0.0012,0.0258,0.0405,0.8172,2025-11-17
0.6827,20.587817259,6147,Jefferson City,2,46345,65772663,0.5614213198,0.3466092573,21500,0,0,1,Carson-Newman University,www.cn.edu/,48382,0,00348100,0.0956,0,0.0098,0.1544,0.3917,0.5381,3,54,1111,3,TN,1374,0.4913,0.5087,0.0335,0.0058,0.0095,0.1063,0.0604,0.0044,0.0553,0.0131,0.7118,2025-11-17
NA,23.825118297,6421,Chattanooga,1,13214,5927850,0.5583596215,0.4602997092,10419,0,0,2,Chattanooga State Community College,https://www.chattanoogastate.edu/,37598,0,00399800,0.0124,0.0182,0,0.062,0.3496,0.49370000000000003,2,NA,NA,2,TN,4689,0.3675,0.6325,0.0508,0.0023,0.0168,0.155,0.109,6e-4,0.0051,0.0094,0.6509,2025-11-17
0.8842,23.944099379,7858,Memphis,2,45919,46210324,0.5854037267,0.3587921847,27000,0,0,1,Christian Brothers University,https://www.cbu.edu/,57478,0,00348200,0.0136,0.1293,0.0102,0.2449,0.3057,0.9835,3,30,1069,3,TN,953,0.447,0.553,0.0944,0.0094,0.0189,0.2151,0.1889,0.001,0.0756,0.1406,0.256,2025-11-17
NA,24.043650794,6904,Cleveland,1,14003,5212494,0.5924036281,0.513496144,7954,0,0,2,Cleveland State Community College,www.clevelandstatecc.edu/,36671,0,00399900,0,0,0,0.1048,0.2896,0.4768,1,NA,NA,1,TN,1967,0.4398,0.5602,0.0086,0.0107,0.0153,0.0696,0.1002,0,0.001,0.0173,0.7773,2025-11-17
NA,23.339550818,6126,Columbia,1,12668,12556082,0.6303768557,0.4403048264,8500,0,0,2,Columbia State Community College,https://www.columbiastate.edu/,40256,0,00348300,0.0193,0,0,0.0492,0.2999,1,2,NA,NA,2,TN,3679,0.3857,0.6143,0.0516,0.003,0.0207,0.0764,0.1085,5e-4,0.0038,0.0185,0.717,2025-11-17
0.67,23.58703939,5932,Lebanon,2,41657,16009174,0.5794155019,0.4082191781,17952,0,0,1,Cumberland University,www.cumberland.edu/,57687,0,00348500,0.0639,0,0.0035,0.2712,0.3254,0.3609,3,NA,NA,3,TN,2053,0.4545,0.5455,0.0312,0.0068,0.0146,0.1091,0.0891,0.0019,0.055,0.1364,0.5558,2025-11-17
0.6664,23.938001459,8823,Nashville,2,53549,102543919,0.6469730124,0.2357032457,19500,0,0,1,Lipscomb University,https://www.lipscomb.edu/,55541,0,00348600,0.0407,0.0633,0.0121,0.2157,0.2118,0.4803,3,74,1248,3,TN,3021,0.3863,0.6137,0.0314,0.002,0.0328,0.0702,0.1185,0.0013,0.0324,0.0318,0.6796,2025-11-17
NA,26.694581281,NA,Dickson,1,NA,NA,0.5238095238,0.5174418605,PS,0,0,2,Tennessee College of Applied Technology-Dickson,https://www.tcatdickson.edu/,36829,0,00778200,0,0,0,0.0259,0.4009,NA,1,NA,NA,1,TN,622,0.6447,0.3553,0.0498,0.0032,0.0048,0.1511,0.0884,0.0032,0.0048,0.0193,0.6752,2025-11-17
NA,24.098571429,7135,Dyersburg,1,13028,5416286,0.68,0.56006628,6900,0,0,2,Dyersburg State Community College,www.dscc.edu/,36132,0,00683500,0.0025,0,0,0.0175,0.3718,0.3866,1,NA,NA,2,TN,1923,0.2855,0.7145,0.0374,0.0021,0.0057,0.2205,0.0499,5e-4,5e-4,0.0192,0.6641,2025-11-17
0.8706,22.238075048,8453,Johnson City,1,25947,87795284,0.5834216663,0.3768948094,19442,0,0,1,East Tennessee State University,https://www.etsu.edu/,44859,0,00348700,0.0369,0.0016,0.0037,0.1213,0.3519,0.6421,3,NA,1114,3,TN,9807,0.393,0.607,0.0272,5e-4,0.021,0.0631,0.0428,1e-4,0.016,0.0948,0.7344,2025-11-17
NA,28.323899371,NA,Elizabethton,1,NA,NA,0.5220125786,0.6517690875,PS,0,0,2,Tennessee College of Applied Technology-Elizabethton,www.tcatelizabethton.edu/,35069,0,00528100,0,0,0,0.0222,0.4938,NA,1,NA,NA,1,TN,497,0.5513,0.4487,0.0322,0.004,0.004,0.0503,0.0523,0,0.004,0.0101,0.8431,2025-11-17
0.5791,19.860119048,5850,Nashville,2,37653,31077545,0.7410714286,0.2657807309,27000,1,0,1,Fisk University,www.fisk.edu/,45454,0,00349000,0.0233,0,0.0155,0.1938,0.4827,0.5798,3,NA,1236,3,TN,950,0.3263,0.6737,0.0105,0,0.0116,0.8337,0.0063,0,0.0653,0.0726,0,2025-11-17
NA,20.551020408,4477,Gallatin,2,35131,4939387,0.5510204082,PS,19500,0,0,1,Welch College,www.welch.edu/,42198,0,03001800,0.2,0,0,0.1667,0.2725,0.5098,3,41,NA,3,TN,261,0.5287,0.4713,0.023,0,0.0077,0.0421,0.0843,0,0.0077,0.0766,0.7586,2025-11-17
0.9062,20.96779661,7328,Henderson,2,36972,75524714,0.6237288136,0.185046729,21500,0,0,1,Freed-Hardeman University,www.fhu.edu/,47485,0,00349200,0.0894,0.0066,0.0099,0.1424,0.2249,1,3,74,1109,3,TN,1244,0.4534,0.5466,0.0209,0.0064,0.0105,0.0426,0.0016,8e-4,0,0.041,0.8762,2025-11-17
NA,25.72,NA,Harriman,1,NA,NA,0.4923076923,0.6219081272,PS,0,0,2,Tennessee College of Applied Technology-Harriman,www.tcatharriman.edu/,31591,0,01032600,0,0,0,0.0256,0.207,NA,1,NA,NA,1,TN,265,0.6264,0.3736,0.0453,0,0.0075,0.0075,0.0566,0,0,0.0226,0.8604,2025-11-17
NA,25.842519685,NA,Hartsville,1,NA,NA,0.3648293963,0.5925925926,PS,0,0,2,Tennessee College of Applied Technology-Hartsville,www.tcathartsville.edu/,40469,0,00528200,0,0,0,0.0153,0.1893,NA,1,NA,NA,1,TN,221,0.733,0.267,0.0452,0.0045,0,0.0814,0.0498,0,0,0.0181,0.8009,2025-11-17
NA,25.41160221,NA,Hohenwald,1,NA,NA,0.5276243094,0.5830618893,PS,0,0,2,Tennessee College of Applied Technology-Hohenwald,www.tcathohenwald.edu/,36106,0,00535600,0,0,0,0.0259,0.2486,NA,1,NA,NA,1,TN,322,0.5373,0.4627,0.028,0.0093,0.0093,0.0497,0.059,0.0093,0,0.0217,0.8137,2025-11-17
NA,26.405594406,NA,Jacksboro,1,NA,NA,0.5839160839,0.6375545852,PS,0,0,2,Tennessee College of Applied Technology-Jacksboro,https://www.tcatjacksboro.edu/,36449,0,01070000,0,0,0,0.0815,0.472,NA,1,NA,NA,1,TN,216,0.5787,0.4213,0.0139,0.0046,0,0.0046,0.0093,0.0046,0,0.0139,0.9491,2025-11-17
NA,22.216721158,6916,Jackson,1,15304,1619640,0.6403549743,0.5222786238,PS,0,0,2,Jackson State Community College,www.jscc.edu/,35224,0,00493700,0.0045,0,0,0.0376,0.4062,0.3571,2,NA,NA,2,TN,2211,0.2926,0.7074,0.0398,0.0018,0.009,0.2171,0.047,0.0014,0.0014,0.019,0.6635,2025-11-17
0.8387,25.951612903,6141,Nashville,2,29705,844371,0.7258064516,PS,12610,0,0,2,John A Gupton College,www.guptoncollege.edu/,46902,0,00885900,0,0,0,0,0.3622,NA,2,NA,1050,2,TN,160,0.3188,0.6813,0.0188,0,0.0125,0.1188,0.0188,0,0,0,0.8313,2025-11-17
0.5377,22.166347992,6164,Knoxville,2,30424,126645568,0.4321223709,0.2545454545,21500,0,0,1,Johnson University,johnsonu.edu/,40596,0,00349500,0.1218,0,0,0.109,0.3827,1,3,48,1072,3,TN,703,0.4566,0.5434,0.0213,0.0028,0.0114,0.0526,0.0455,0,0.0413,0.0441,0.7809,2025-11-17
0.5439,29.816656681,5262,Bristol,2,47469,37562390,0.6662672259,0.510805501,22750,0,0,1,King University,https://www.king.edu/,59831,0,00349600,0.0268,0,0.0214,0.2493,0.4188,0.5983,3,66,NA,3,TN,975,0.3969,0.6031,0.0379,0.0051,0.0051,0.0656,0.079,0.0031,0.0492,0.0195,0.7354,2025-11-17
NA,20.726242371,5538,Jackson,2,23608,6436292,0.4298169137,0.4483870968,30500,1,0,1,Lane College,www.lanecollege.edu/,31670,0,00349900,0.137,0,0.0068,0.1781,0.7941,1,3,55,NA,3,TN,822,0.5657,0.4343,0.0097,0,0.0024,0.7944,0.0328,0.0012,0.0207,0.1204,0.0182,2025-11-17
0.9717,23.534818942,5752,Memphis,2,19270,13569823,0.6448467967,0.4876847291,28070,1,0,1,Le Moyne-Owen College,www.loc.edu/,35594,0,00350100,0,0,0,0.1525,0.7126,0.3796,3,78,NA,3,TN,571,0.3888,0.6112,0,0.0035,0,0.9457,0.0088,0,0.0368,0,0.0053,2025-11-17
0.7219,23.27933541,7600,Cleveland,2,34299,27776527,0.5898234683,0.3121897408,25750,0,0,1,Lee University,www.leeuniversity.edu/,43222,0,00350000,0.0817,0.0012,0.0061,0.1512,0.2673,0.8872,3,57,1144,3,TN,2712,0.3827,0.6173,0.052,0.0037,0.0133,0.045,0.0133,0.0022,0.0265,0.0258,0.8182,2025-11-17
0.5927,24.328871893,7112,Harrogate,2,39096,48282346,0.7476099426,0.4148606811,20000,0,0,1,Lincoln Memorial University,www.lmunet.edu/,49956,0,00350200,0.0177,0,0.0126,0.1061,0.3635,0.5893,3,NA,1093,3,TN,1487,0.31,0.69,0,0.0128,0.0235,0.0451,0.0511,0.0013,0.0726,0.0208,0.7727,2025-11-17
NA,25.352941176,NA,Livingston,1,NA,NA,0.5539215686,0.5826086957,PS,0,0,2,Tennessee College of Applied Technology-Livingston,www.tcatlivingston.edu/,33497,0,00535300,0,0,0,0.0379,0.18,NA,1,NA,NA,1,TN,333,0.5285,0.4715,0.0511,0.003,0.012,0.012,0.0631,0,0.003,0.027,0.8288,2025-11-17
0.8271,21.190635452,6672,Pulaski,1,25827,260323,0.6321070234,0.4102564103,21500,0,0,1,The University of Tennessee Southern,https://www.utsouthern.edu/,38924,0,00350400,0.0236,0,0.0157,0.3228,0.3304,1,3,NA,1088,3,TN,827,0.4075,0.5925,0.0242,0.0024,0.0097,0.052,0.0435,0,0.0774,0.0254,0.7654,2025-11-17
0.6568,20.617777778,6608,Maryville,2,53162,109333104,0.5051851852,0.3206951027,25375,0,0,1,Maryville College,www.maryvillecollege.edu/,49279,0,00350500,0.0971,0.0171,0.0057,0.16,0.3536,1,3,66,1181,3,TN,1028,0.4621,0.5379,0.0613,0.0058,0.0088,0.0982,0.0632,0.001,0.0632,0,0.6984,2025-11-17
NA,25.260683761,NA,McKenzie,1,NA,NA,0.235042735,0.5699481865,PS,0,0,2,Tennessee College of Applied Technology-McKenzie,www.tcatmckenzie.edu/,36720,0,00535200,0,0,0,0.0353,0.5025,NA,1,NA,NA,1,TN,114,0.8333,0.1667,0.0351,0,0,0.0789,0.0439,0,0,0,0.8421,2025-11-17
NA,26.28805395,NA,Memphis,1,NA,NA,0.4065510597,0.4935064935,PS,0,0,2,Tennessee College of Applied Technology-Memphis,www.tcatmemphis.edu/,31192,0,00536000,0,0,0,0.0194,0.4389,NA,1,NA,NA,1,TN,1078,0.6744,0.3256,0.0362,0.0037,0.0167,0.6679,0.0696,0,0.0074,0.0102,0.1883,2025-11-17
0.9338,22.76978517,9436,Memphis,1,25164,255276488,0.6019404019,0.3675599875,23300,0,0,1,University of Memphis,https://www.memphis.edu/,48458,0,00350900,0.0499,0.0505,0.0024,0.1845,0.3996,0.7122,3,NA,1051,3,TN,13645,0.3968,0.6032,0.0421,0.0021,0.0465,0.406,0.1102,5e-4,0.0152,0.0092,0.3681,2025-11-17
0.68,22.357582611,9415,Murfreesboro,1,22754,126863487,0.5808518658,0.3643763797,20000,0,0,1,Middle Tennessee State University,www.mtsu.edu/,48541,0,00351000,0.0286,0.0132,0.0031,0.1868,0.3137,0.7923,3,NA,1119,3,TN,16115,0.4833,0.5167,0.0401,0.0024,0.0427,0.1407,0.0972,9e-4,0.0199,0.0144,0.6417,2025-11-17
NA,25.661450925,NA,Morristown,1,NA,NA,0.3741109531,0.6420168067,PS,0,0,2,Tennessee College of Applied Technology-Morristown,www.tcatmorristown.edu/,38837,0,00535100,0,0,0,0.0409,0.4035,NA,1,NA,NA,1,TN,613,0.7015,0.2985,0.0294,0,0.0049,0.0212,0.0669,0.0016,0.0049,0,0.8711,2025-11-17
NA,21.287725473,7204,Tullahoma,1,18272,8354618,0.6238451386,0.5163893091,PS,0,0,2,Motlow State Community College,www.mscc.edu/,40397,0,00683600,0.0227,0,0,0.0435,0.2877,0.4151,2,NA,NA,2,TN,4055,0.398,0.602,0.0434,0.0025,0.0303,0.1129,0.1307,7e-4,0.0064,0.0229,0.6501,2025-11-17
NA,27.31627907,NA,Murfreesboro,1,NA,NA,0.4744186047,0.5164835165,PS,0,0,2,Tennessee College of Applied Technology-Murfreesboro,www.tcatmurfreesboro.edu/,40869,0,02103500,0,0,0,0,0.4617,NA,1,NA,NA,1,TN,601,0.7371,0.2629,0.0416,0.005,0.0449,0.1364,0.1414,0,0.005,0.0083,0.6173,2025-11-17
NA,24.496968584,6764,Nashville,1,13214,4739,0.6053646886,0.4709806538,9595,0,0,2,Nashville State Community College,https://www.nscc.edu/,38519,0,00814500,0.0523,0,0,0.1227,0.3293,0.3934,2,NA,NA,1,TN,4931,0.3608,0.6392,0.0513,0.0016,0.0371,0.306,0.1383,0.0016,0.0079,0.0156,0.4405,2025-11-17
NA,26.84729064,NA,Newbern,1,NA,NA,0.421182266,0.6129032258,PS,0,0,2,Tennessee College of Applied Technology Northwest,https://www.tcatnorthwest.edu/,38514,0,00528300,0,0,0,0.0228,0.324,NA,1,NA,NA,1,TN,681,0.583,0.417,0.0382,0.0029,0.0015,0.3128,0.0558,0,0.0015,0.0176,0.5698,2025-11-17
NA,27.2109375,NA,Paris,1,NA,NA,0.609375,0.5859872611,PS,0,0,2,Tennessee College of Applied Technology-Henry/Carroll,https://www.tcathenrycarroll.edu/,29074,0,02237900,0,0,0,0.0127,0.5308,NA,1,NA,NA,1,TN,203,0.4039,0.5961,0.0394,0,0,0.0985,0.0394,0,0.0099,0.0148,0.798,2025-11-17
NA,26.353125,NA,Pulaski,1,NA,NA,0.4125,0.5779467681,PS,0,0,2,Tennessee College of Applied Technology-Pulaski,www.tcatpulaski.edu/,40368,0,00946400,0,0,0,0.0584,0.2518,NA,1,NA,NA,1,TN,264,0.6288,0.3712,0.0379,0.0076,0.0152,0.0833,0.0379,0,0.0038,0,0.8144,2025-11-17
0.4968,19.371769384,9287,Memphis,2,68055,394337368,0.5427435388,0.1277890467,21761,0,0,1,Rhodes College,www.rhodes.edu/,66651,0,00351900,0.0147,0,0.0147,0.1279,0.1508,0.8261,3,66,1385,3,TN,1931,0.4179,0.5821,0.0523,0,0.0875,0.0974,0.0699,5e-4,0.028,0.044,0.6204,2025-11-17
NA,23.700636943,7014,Harriman,1,11021,15410205,0.6875442321,0.5032051282,8454,0,0,2,Roane State Community College,www.roanestate.edu/,39407,0,00991400,0.0365,0,0,0.0479,0.2626,0.3726,2,NA,NA,2,TN,3203,0.3437,0.6563,0.0347,0.0031,0.0091,0.0312,0.0471,9e-4,0.0047,0.0169,0.8523,2025-11-17
NA,26.746710526,NA,Crump,1,NA,NA,0.3980263158,0.6666666667,PS,0,0,2,Tennessee College of Applied Technology-Crump,www.tcatcrump.edu/,30796,0,00535700,0,0,0,0.0282,0.146,NA,1,NA,NA,1,TN,353,0.6516,0.3484,0.034,0.0198,0.0028,0.0368,0.0198,0,0.0057,0.0113,0.8697,2025-11-17
NA,23.002338725,6698,Memphis,1,12649,1766057,0.6234652115,0.4572353213,PS,0,0,2,Southwest Tennessee Community College,www.southwest.tn.edu/,34071,0,01043900,0.002,0,0,0.0713,0.4226,0.4873,2,NA,NA,2,TN,5207,0.3336,0.6664,0.0271,0.0025,0.0192,0.627,0.0926,2e-4,0.0071,0.0065,0.2178,2025-11-17
NA,25.590785908,NA,Shelbyville,1,NA,NA,0.3550135501,0.5519480519,PS,0,0,2,Tennessee College of Applied Technology-Shelbyville,www.tcatshelbyville.edu/,38700,0,00537900,0,0,0,0.0437,0.4163,NA,1,NA,NA,1,TN,366,0.7568,0.2432,0.0301,0,0.0027,0.0683,0.1011,0,0.0055,0.0191,0.7732,2025-11-17
0.509,19.5,9783,Sewanee,2,68704,439971156,0.5758293839,0.1323529412,22855,0,0,1,The University of the South,www.sewanee.edu/,64911,0,00353400,0,0,0.016,0.0399,0.1488,0.8874,3,73,1336,3,TN,1598,0.4687,0.5313,0.0263,0.0019,0.0088,0.0394,0.0645,0,0.0451,0.005,0.8091,2025-11-17
NA,25.519047619,NA,Huntsville,1,NA,NA,0.480952381,0.6453488372,PS,0,0,2,Tennessee College of Applied Technology-Oneida-Huntsville,https://tcatoneida.edu/,31949,0,00971000,0,0,0,0,0.3096,NA,1,NA,NA,1,TN,181,0.7017,0.2983,0.0055,0,0,0,0.011,0,0,0.0773,0.9061,2025-11-17
NA,25.928746929,NA,Crossville,1,NA,NA,0.3857493857,0.6723163842,PS,0,0,2,Tennessee College of Applied Technology-Upper Cumberland,tcatuppercumberland.edu/,35551,0,00402600,0,0,0,0.0323,0.419,NA,1,NA,NA,1,TN,346,0.6098,0.3902,0.0202,0.0058,0,0.0087,0.052,0,0,0.0116,0.9017,2025-11-17
NA,26.373333333,NA,McMinnville,1,NA,NA,0.36,0.6020942408,PS,0,0,2,Tennessee College of Applied Technology-McMinnville,tcatmcminnville.edu/,40322,0,00530700,0,0,0,0,0.2967,NA,1,NA,NA,1,TN,289,0.692,0.308,0.0104,0,0.0069,0.0415,0.0969,0,0.0035,0.0208,0.8201,2025-11-17
NA,26.779874214,NA,Jackson,1,NA,NA,0.3773584906,0.5597964377,PS,0,0,2,Tennessee College of Applied Technology-Jackson,www.tcatjackson.edu/,38383,0,00535400,0,0,0,0.0159,0.1547,NA,1,NA,NA,1,TN,543,0.6943,0.3057,0.0276,0.0018,0.0055,0.361,0.0552,0,0.0018,0.0203,0.5267,2025-11-17
NA,27.043526786,NA,Knoxville,1,NA,NA,0.5111607143,0.5710594315,PS,0,0,2,Tennessee College of Applied Technology-Knoxville,https://www.tcatknoxville.edu/,37235,0,00402500,0,0,0,0.0172,0.3003,NA,1,NA,NA,1,TN,730,0.6,0.4,0.0466,0.0014,0.0055,0.1466,0.0658,0.0014,0.0055,0.0219,0.7055,2025-11-17
NA,22.610543814,7604,Knoxville,1,13280,13271528,0.5620992638,0.4301046418,8725,0,0,2,Pellissippi State Community College,www.pstcc.edu/,38440,0,01269300,0.0157,0,0,0.0922,0.2507,0.4316,2,NA,NA,2,TN,6391,0.4874,0.5126,0.0397,0.002,0.023,0.0681,0.0972,5e-4,0.0075,0.0146,0.7475,2025-11-17
0.6661,21.22980063,6415,Collegedale,2,37875,57796566,0.592864638,0.1818181818,24500,0,1,1,Southern Adventist University,www.southern.edu/,53723,0,00351800,0.0384,0.004,0.0061,0.1333,0.3092,0.9941,3,95,1116,3,TN,2673,0.4594,0.5406,0.0651,0.0011,0.1373,0.064,0.2611,0.0019,0.0677,0.0142,0.3876,2025-11-17
0.5941,23.582623509,5588,Athens,2,36828,15313778,0.6201022147,0.4146788991,20000,0,0,1,Tennessee Wesleyan University,www.tnwesleyan.edu/,45989,0,00352500,0.08,0.0036,0.0073,0.2727,0.3843,1,3,71,1051,3,TN,832,0.3786,0.6214,0.0228,0,0.0084,0.0577,0.0577,0,0.0745,0.0313,0.7476,2025-11-17
0.7702,21.792578029,9500,Chattanooga,1,23563,195118564,0.5809781273,0.2933333333,19500,0,0,1,The University of Tennessee-Chattanooga,utc.edu/,51151,0,00352900,0.0695,0.0614,0.0113,0.2216,0.3247,0.6881,3,NA,1117,3,TN,9878,0.4159,0.5841,0.035,0.002,0.0285,0.0879,0.057,9e-4,0.0061,0.0923,0.6902,2025-11-17
0.4599,20.767184035,12629,Knoxville,1,32658,1000884291,0.5301943394,0.245407184,20500,0,0,1,The University of Tennessee-Knoxville,www.utk.edu/,60249,0,00353000,0.005,0.1123,0.007,0.2805,0.2068,0.8375,3,NA,1304,3,TN,28763,0.4565,0.5435,0.052,0.0012,0.0361,0.0379,0.06,5e-4,0.0087,0.011,0.7925,2025-11-17
0.8732,22.688343558,8142,Martin,1,21628,51881379,0.6175869121,0.3910690122,21024,0,0,1,The University of Tennessee-Martin,https://www.utm.edu/,44213,0,00353100,0.0678,0.0187,0.0039,0.1611,0.3429,0.6875,3,NA,1090,3,TN,4600,0.3804,0.6196,0.037,0.0015,0.0076,0.1324,0.047,7e-4,0.0041,2e-4,0.7696,2025-11-17
0.9263,22.246760408,8484,Nashville,1,23828,92159036,0.6611524676,0.3742838956,27000,1,0,1,Tennessee State University,www.tnstate.edu/,42730,0,00352200,0.058,0.0644,0.0039,0.1869,0.518,0.7118,3,NA,1017,3,TN,6498,0.3421,0.6579,0.0268,6e-4,0.008,0.8503,0.0266,2e-4,0.0172,0.0248,0.0456,2025-11-17
0.8316,21.568092205,9087,Cookeville,1,25338,85351963,0.5007582651,0.3755700326,15650,0,0,1,Tennessee Technological University,www.tntech.edu/,48501,0,00352300,0.1134,0.1403,0.0032,0.1527,0.3103,0.755,3,NA,1148,3,TN,8495,0.5491,0.4509,0.0275,0.0019,0.0246,0.0453,0.0518,0.0012,0.019,0.031,0.7978,2025-11-17
0.7002,28.229407236,6971,Nashville,2,38726,41847051,0.675904542,0.3916382253,18744,0,0,1,Trevecca Nazarene University,https://www.trevecca.edu/,49378,0,00352600,0.0543,0.0074,0.0099,0.2765,0.3049,0.9535,3,59,1090,3,TN,1697,0.3907,0.6093,0.0418,0.0047,0.0206,0.1019,0.152,0.0024,0.1143,0.0301,0.5321,2025-11-17
NA,23.305126404,6733,Blountville,1,14129,13714351,0.5547752809,0.5300117693,6827,0,0,2,Northeast State Community College,https://www.northeaststate.edu/,34553,0,00537800,0.0121,0,0,0.1123,0.3758,0.4797,2,NA,NA,2,TN,4214,0.5017,0.4983,0.0358,0.0031,0.0062,0.0263,0.0527,2e-4,9e-4,0.0211,0.8536,2025-11-17
0.6042,23.934968017,4949,Greeneville,2,43172,20293230,0.5021321962,0.4538011696,23250,0,0,1,Tusculum University,https://www.tusculum.edu/,44367,0,00352700,0.0725,0,0.0109,0.337,0.4518,0.6024,3,66,NA,3,TN,903,0.5271,0.4729,0.0266,0.0044,0.0033,0.1783,0.0443,0.0022,0.0842,0.1074,0.5493,2025-11-17
0.4718,26.937137331,7911,Jackson,2,55790,50616906,0.7127659574,0.3252375924,20714,0,0,1,Union University,www.uu.edu/,53990,0,00352800,0.0459,0.0229,0.0069,0.1376,0.2521,1,3,75,1243,3,TN,1637,0.3592,0.6408,0.0476,0.0012,0.022,0.1411,0.022,6e-4,0.0202,0.0507,0.6946,2025-11-17
0.0628,19.591365462,15433,Nashville,2,84412,10206067257,0.5281124498,0.1222570533,14000,0,0,1,Vanderbilt University,www.vanderbilt.edu/,91565,0,00353500,0.0308,0.1209,0.0225,0,0.1851,0.836,3,NA,1550,3,TN,7143,0.4775,0.5225,0.0588,0.0045,0.1856,0.1043,0.1196,0.0031,0.1002,0.0351,0.3888,2025-11-17
NA,23.282146769,7548,Gallatin,1,16077,6356681,0.6210295728,0.4577534791,7550,0,0,2,Volunteer State Community College,www.volstate.edu/,41150,0,00991200,0.0191,0,0,0.0962,0.3054,0.4174,2,NA,NA,2,TN,5139,0.3775,0.6225,0.045,0.0027,0.0115,0.1016,0.1031,0.0016,0.0053,0.0198,0.7095,2025-11-17
NA,21.915108452,6910,Morristown,1,12827,16835154,0.6331338818,0.5582978723,PS,0,0,2,Walters State Community College,www.ws.edu/,37085,0,00886300,0.0073,0,0,0.0456,0.2801,0.4922,2,NA,NA,1,TN,3781,0.3621,0.6379,0.0283,0.0045,0.0151,0.0294,0.0923,0.0013,0.0048,0.0095,0.8149,2025-11-17
NA,26.666666667,3922,Memphis,2,21697,6896341,PS,0.4615384615,PS,0,0,2,William R Moore College of Technology,www.mooretech.edu/,32194,0,01155300,0,0,0,0,0.3601,0.7742,1,NA,NA,1,TN,459,0.9346,0.0654,0.0327,0,0.037,0.3747,0.1786,0,0,0.0109,0.366,2025-11-17
0.6388,19.877770316,8590,Abilene,2,56121,605598419,0.6118200134,0.2445229682,24250,0,0,1,Abilene Christian University,www.acu.edu/,55736,0,00353700,0.0495,0.0325,0.0113,0.1132,0.2202,0.6916,3,74,1189,3,TX,3129,0.402,0.598,0.0447,0.0048,0.0195,0.0678,0.1799,0,0.0441,0.0134,0.6258,2025-11-17
NA,27.035851472,6762,Alvin,1,11329,4032525,0.6344430218,0.4859813084,4519,0,1,2,Alvin Community College,www.alvincollege.edu/,45762,0,00353900,0.0302,0,0.0079,0.1177,0.2312,0.4007,2,NA,NA,2,TX,3451,0.4292,0.5708,0,0.007,0.0623,0.1608,0.4121,0.0029,0.0113,0.0185,0.3251,2025-11-17
NA,24.570879385,7496,Amarillo,1,11411,4825932,0.618452667,0.4882697947,15000,0,1,2,Amarillo College,https://www.actx.edu/,41302,0,00354000,0,0.0088,0.0032,0.1238,0.4395,1,2,NA,NA,2,TX,7347,0.3493,0.6507,0.0241,0.008,0.0275,0.0697,0.4965,7e-4,0,0.0237,0.3498,2025-11-17
NA,34.387096774,6924,Garland,2,NA,48445590,PS,PS,PS,0,0,1,Amberton University,www.amberton.edu/,NA,0,02259400,0,0,0,0.3333,0.2276,0.3846,3,88,NA,3,TX,110,0.2727,0.7273,0,0.0182,0.1,0.3182,0.1545,0.0091,0.1364,0.0182,0.2455,2025-11-17
NA,24.550556586,6327,Lufkin,1,15213,9465660,0.6261595547,0.5349383441,PS,0,1,2,Angelina College,www.angelina.edu/,37301,0,00666100,0.0194,0,0,0.0996,0.3938,1,1,NA,NA,1,TX,2355,0.3278,0.6722,0.0268,0.011,0.0042,0.1558,0.3257,0,0.0306,0.0136,0.4323,2025-11-17
0.7923,21.054108894,7914,San Angelo,1,21625,228528638,0.5607034156,0.403975994,20000,0,1,1,Angelo State University,www.angelo.edu/,50116,0,00354100,8e-4,0.0224,0.0133,0.1638,0.2707,0.7427,3,NA,1049,3,TX,5515,0.4459,0.5541,0.0359,0.0022,0.0132,0.0618,0.4178,0.0015,0.0281,0.0054,0.4341,2025-11-17
NA,23.364341085,4038,Arlington,2,32374,NA,0.3643410853,0.4576271186,27000,0,1,1,Arlington Baptist University,https://abu.edu/,44644,0,02081400,0.15,0,0,0.25,0.5509,0.1613,3,54,NA,3,TX,268,0.6269,0.3731,0.0075,0.0075,0.0037,0.2201,0.3657,0.0037,0.0037,0.0037,0.3843,2025-11-17
0.4666,19.667377399,8520,Sherman,2,59654,158325617,0.5053304904,0.2339449541,24500,0,1,1,Austin College,www.austincollege.edu/,61296,0,00354300,0,0,0.0105,0.2211,0.3042,0.8551,3,66,1272,3,TX,1125,0.4791,0.5209,0.0427,0.008,0.1084,0.072,0.2507,9e-4,0.0116,0.0027,0.5031,2025-11-17
NA,24.566759665,8735,Austin,1,11156,12655671,0.558947788,0.4522895402,10499,0,1,1,Austin Community College District,www.austincc.edu/,43177,0,01201500,0.0107,0.0082,0.0025,0.1311,0.2309,0.4091,2,NA,NA,2,TX,25969,0.4291,0.5709,0.0325,0.0035,0.0601,0.0903,0.4259,0.0027,0.0167,0.0053,0.3632,2025-11-17
0.5099,20.037364302,11631,Waco,2,70130,1993617000,0.6033829841,0.1710906702,23000,0,0,1,Baylor University,www.baylor.edu/,65793,0,00354500,0.0279,0.0255,0.0106,0.2756,0.1298,0.6462,3,54,1313,3,TX,15007,0.4028,0.5972,0.0501,0.0029,0.0868,0.0501,0.1642,0.0016,0.0296,0.0061,0.6086,2025-11-17
NA,23.731665719,6073,Beeville,1,11044,577656,0.6077316657,0.5,PS,0,1,2,Coastal Bend College,www.coastalbend.edu/,35086,0,00354600,0,0,0,0.0414,0.2769,0.3168,2,NA,NA,1,TX,1793,0.3146,0.6854,0.0028,0.0033,0.0117,0.0284,0.7418,0.0011,0,0.0379,0.1729,2025-11-17
NA,21.062462172,7023,Brenham,1,19233,27775380,0.5029657426,0.3983335573,11500,0,0,2,Blinn College District,www.blinn.edu/,46318,0,00354900,0.0141,0.005,0.0023,0.0965,0.1987,0.5939,2,NA,NA,2,TX,16156,0.501,0.499,0.039,0.0069,0.0353,0.0786,0.2444,5e-4,0.0062,0.0185,0.5706,2025-11-17
NA,27.401734739,4914,Dallas,2,34438,NA,0.7714097497,0.5946662943,13271,0,1,1,Remington College-Dallas Campus,https://www.remingtoncollege.edu/locations/dallas/,31349,0,03026500,0,0,0,0.043,0.9204,NA,1,NA,NA,1,TX,208,0.3798,0.6202,0.0288,0.0048,0.0144,0.4856,0.3365,0,0.0048,0.0096,0.1154,2025-11-17
NA,24.748251748,7600,Lake Jackson,1,8423,17647883,0.5902097902,0.5394957983,5641,0,1,1,Brazosport College,www.brazosport.edu/,45910,0,00728700,0.011,0,0,0.0783,0.1763,1,1,NA,NA,1,TX,2827,0.4595,0.5405,0.0216,0.005,0.0092,0.0775,0.4846,0.0014,0,0.0421,0.3587,2025-11-17
NA,27.473938224,6186,Killeen,1,11792,12018414,0.5084459459,0.4613491604,6750,0,1,2,Central Texas College,https://www.ctcd.edu/,40995,0,00400300,0.0139,0.0043,0.0034,0.188,0.3112,1,2,NA,NA,2,TX,5985,0.4302,0.5698,0.0297,0.0055,0.0456,0.263,0.3046,0.0135,0.001,0.0344,0.3026,2025-11-17
NA,23.794520548,4850,Cisco,1,16346,1580391,0.5616438356,0.4435933148,9500,0,0,2,Cisco College,https://www.cisco.edu/,39092,0,00355300,0,0,0,0.0413,0.2419,0.477,1,NA,NA,2,TX,2913,0.3762,0.6238,0.0426,0.0038,0.0151,0.0783,0.2777,0.0055,0.0027,3e-4,0.574,2025-11-17
NA,25.782246879,4953,Clarendon,1,15253,3064320,0.5755894591,0.43847487,11000,0,0,2,Clarendon College,www.clarendoncollege.edu/,38696,0,00355400,0,0,0,0,0.2093,0.2672,1,NA,NA,2,TX,1380,0.4428,0.5572,0.0036,0.0167,0.0058,0.0775,0.2761,7e-4,0.0239,0.0514,0.5442,2025-11-17
0.9106,25.981447124,5931,Austin,2,52098,26480089,0.6484230056,0.3770491803,21852,0,1,1,Concordia University Texas,https://www.concordia.edu/,60883,0,00355700,0.008,0,0.004,0.1594,0.3978,1,3,68,988,3,TX,1388,0.3357,0.6643,0.0331,0.0043,0.0476,0.1318,0.3869,0,0,0.0468,0.3494,2025-11-17
NA,24.709162368,6625,Gainesville,1,10212,13181428,0.5760255465,0.4257005378,11250,0,0,2,North Central Texas College,https://www.nctc.edu/,45809,0,00355800,0.0281,0,0,0.0334,0.2001,1,2,NA,NA,2,TX,5703,0.4161,0.5839,0.0379,0.0096,0.0345,0.1071,0.2767,0.0011,0.0312,0.0221,0.4797,2025-11-17
0.8947,21.672406968,9184,Corpus Christi,1,24562,133138448,0.6254948535,0.390052356,23000,0,1,1,Texas A & M University-Corpus Christi,https://www.tamucc.edu/,51865,0,01116100,0.0308,0.0415,0.0042,0.1999,0.3965,0.7362,3,NA,1086,3,TX,7804,0.4017,0.5983,0.0313,0.0027,0.0275,0.04,0.5346,0.0012,0.0186,0.0099,0.3343,2025-11-17
0.9108,24.122846442,8403,Dallas,2,49343,66791021,0.6104868914,0.3233143786,21591,0,0,1,Dallas Baptist University,https://www.dbu.edu/,56807,0,00356000,0.0712,0,0.0091,0.2774,0.239,1,3,54,1109,3,TX,2526,0.42,0.58,0.0071,0.0123,0.0269,0.0954,0.1568,0.0032,0.0503,0.1124,0.5356,2025-11-17
0.8403,24.104651163,5636,Dallas,2,32916,365674,0.523255814,0.4013157895,24912,0,0,1,Dallas Christian College,www.dallas.edu/,43503,0,00694100,0,0,0,0.4722,0.5219,0.3333,3,48,1022,3,TX,272,0.6654,0.3346,0.2243,0.011,0,0.1544,0.1949,0.011,0.0074,0.0037,0.3934,2025-11-17
NA,28.794444444,4820,Dallas,2,21593,NA,0.6444444444,0.4934210526,12820,0,0,2,Dallas Institute of Funeral Service,https://www.dallasinstitute.edu/,45866,0,01076100,0,0,0,0,0.4674,0.2667,2,NA,NA,2,TX,483,0.2402,0.7598,0.0331,0.0104,0.0166,0.1656,0.1615,0,0.0021,0.0186,0.5921,2025-11-17
0.542,19.654223969,8757,Irving,2,64752,92419000,0.5697445972,0.1646586345,23117,0,1,1,University of Dallas,https://udallas.edu/,58285,0,00365100,0.033,0,0.0099,0.2013,0.2636,0.5982,3,30,1284,3,TX,1403,0.4469,0.5531,0.0178,0.0036,0.0727,0.0306,0.2794,7e-4,0.0171,0.0143,0.5638,2025-11-17
NA,24.716933638,7578,Corpus Christi,1,12022,28899613,0.585812357,0.5048859935,5500,0,1,1,Del Mar College,www.delmar.edu/,38656,0,00356300,0.0018,0.0035,0.0035,0.103,0.3323,1,2,NA,NA,2,TX,9038,0.4225,0.5775,0.0071,0.0025,0.0232,0.0191,0.7134,9e-4,0.033,0.0141,0.1867,2025-11-17
0.601,20.826899128,7289,Marshall,2,41833,83880235,0.4719800747,0.3182423435,23250,0,0,1,East Texas Baptist University,https://www.etbu.edu/,52788,0,00356400,0.0871,0,0,0.1856,0.3141,1,3,54,NA,3,TX,1364,0.4736,0.5264,0.0015,0.033,0.011,0.162,0.132,0.0029,0.0117,0.0103,0.6356,2025-11-17
0.8019,27.268406337,8906,Texarkana,1,22143,11565632,0.6505125815,0.4750519751,18953,0,0,1,Texas A&M University-Texarkana,www.tamut.edu/,45515,0,03170300,0.0627,0.0463,0,0.2071,0.5126,0.6405,3,NA,1006,3,TX,1748,0.3913,0.6087,0.0521,0.0029,0.0114,0.1796,0.1934,0.0011,0.0566,0.0132,0.4897,2025-11-17
0.9259,25.237094137,8845,Commerce,1,23663,34196610,0.631394534,0.4202706288,20500,0,1,1,East Texas A&M University,www.tamuc.edu/,50296,0,00356500,0.0481,0.0193,0.0072,0.1255,0.405,0.4592,3,NA,1067,3,TX,8249,0.3976,0.6024,0.0513,0.0035,0.0233,0.193,0.2611,0.0012,0.0127,0.0589,0.395,2025-11-17
NA,26.985881207,8503,Dallas,1,9641,NA,0.7239532619,0.5606060606,9500,0,1,1,Dallas College,www.dallascollege.edu/pages/default.aspx,41714,0,00445300,0.0293,2e-4,0,0.1453,0.2291,0.3785,2,NA,NA,2,TX,41815,0.4094,0.5906,0.0117,0.0037,0.059,0.2033,0.4965,4e-4,0.0497,0.0377,0.1381,2025-11-17
NA,22.886861618,6567,El Paso,1,12741,788404,0.551612097,0.4874906045,6566,0,1,2,El Paso Community College,www.epcc.edu/,35212,0,01038700,0.0344,0.0197,0.0024,0.078,0.3646,0.4871,2,NA,NA,2,TX,22893,0.4314,0.5686,0.0025,0.003,0.0065,0.0164,0.8302,0.0012,0.0113,0.0823,0.0467,2025-11-17
NA,23.829268293,4942,Borger,1,14727,2251796,0.5703564728,0.4885321101,9500,0,1,2,Frank Phillips College,www.fpctx.edu/,37179,0,00356800,0.0045,0,0,0,0.2356,0.4245,2,NA,NA,1,TX,749,0.3765,0.6235,0.0093,0.024,0.0053,0.0227,0.4566,0,0.0401,0.0521,0.3899,2025-11-17
NA,25.87431694,7015,Galveston,1,14555,NA,0.5901639344,0.4829351536,10311,0,1,1,Galveston College,https://www.gc.edu/,37233,0,00497200,0.0096,0,0.0014,0.0342,0.4181,0.5463,1,NA,NA,2,TX,1524,0.3091,0.6909,0.0276,0.0052,0.0171,0.1857,0.4331,0.002,0.0039,0.0269,0.2986,2025-11-17
NA,25.753918495,7249,Denison,1,12290,14599433,0.5971786834,0.5015069319,12250,0,0,1,Grayson College,grayson.edu/,40873,0,00357000,0.0249,0.0044,0,0.0914,0.3136,0.6283,1,NA,NA,2,TX,2890,0.3986,0.6014,0,0.0443,0.0215,0.1215,0.2308,0.0024,0,0,0.5796,2025-11-17
0.9823,28.734082397,5464,San Antonio,2,NA,NA,0.3233458177,0.4601769912,25438,0,1,1,Hallmark University,https://www.hallmarkuniversity.edu/,40183,0,01050900,0,0,0,0.1459,0.4963,0.3717,3,NA,NA,2,TX,781,0.6376,0.3624,0.0679,0.0064,0.0384,0.1255,0.4725,0.0064,0,0.0154,0.2676,2025-11-17
0.9653,21.620253165,7803,Abilene,2,45059,200754526,0.5303797468,0.3147138965,24711,0,1,1,Hardin-Simmons University,https://www.hsutx.edu/,54771,0,00357100,0.0857,0,0,0.225,0.3838,0.6065,3,54,1064,3,TX,1275,0.491,0.509,0.0361,0.0047,0.0125,0.1067,0.2635,0.0016,0.029,0.0031,0.5427,2025-11-17
NA,25.356173677,6602,Athens,1,13707,6835341,0.6272048847,0.4843940008,10426,0,1,1,Trinity Valley Community College,www.tvcc.edu/,38567,0,00357200,0.0227,0,0,0.0283,0.3013,0.7315,2,NA,NA,2,TX,4793,0.3983,0.6017,0.0171,0.0079,0.0086,0.1273,0.2852,0.0015,0.0136,0.0213,0.5176,2025-11-17
NA,25.196213425,6598,Hillsboro,1,13230,10002883,0.6167527252,0.4843228819,10000,0,1,2,Hill College,https://www.hillcollege.edu/,39572,0,00357300,0.037,0,0,0.087,0.2963,0.3111,2,NA,NA,2,TX,2269,0.3852,0.6148,0.019,0.0145,0.0106,0.0688,0.2896,0.0018,0.0185,0.1287,0.4487,2025-11-17
0.8515,22.081967213,7911,Houston,2,47605,131245434,0.6459016393,0.3627546072,22642,0,1,1,Houston Christian University,https://www.hc.edu/,55933,0,00357600,0.038,0.0171,0,0.173,0.5395,0.5038,3,54,1092,3,TX,2777,0.3842,0.6158,0.0353,0.0025,0.063,0.2359,0.3976,0.0029,0.0349,0.0436,0.1844,2025-11-17
0.753,27.575250836,9935,Houston,1,23788,33886456,0.6814381271,0.4821073559,17831,0,1,1,University of Houston-Clear Lake,www.uhcl.edu/,59004,0,01171100,0.0097,0.0465,0.0219,0.2189,0.438,0.5875,3,NA,1105,3,TX,6082,0.3828,0.6172,0.0321,0.0013,0.0755,0.0663,0.4977,3e-4,0.015,0.0127,0.2992,2025-11-17
NA,26.454795533,8557,Houston,1,12065,10814834,0.5942272951,0.499465069,13921,0,1,1,Houston Community College,www.hccs.edu/,39254,0,01063300,0.0231,0.0099,6e-4,0.1958,0.3654,0.3401,2,NA,NA,2,TX,37970,0.4093,0.5907,0.0235,0.0015,0.0968,0.2758,0.3708,7e-4,0.0978,0.0265,0.1066,2025-11-17
0.9064,26.975800447,9327,Houston,1,23017,55453031,0.6537602383,0.5270877691,18750,0,1,1,University of Houston-Downtown,www.uhd.edu/,53551,0,00361200,0.0407,0,0.0078,0.3552,0.5162,0.5218,3,NA,1041,3,TX,12812,0.3821,0.6179,0.0243,9e-4,0.0821,0.1691,0.5856,9e-4,0.019,0.0087,0.1095,2025-11-17
0.7671,26.757462687,9315,Victoria,1,21179,20342429,0.6554726368,0.4573304158,18973,0,1,1,University of Houston-Victoria,uhv.edu/,54467,0,01323100,0.0499,0,0.0067,0.3423,0.4396,0.511,3,NA,1085,3,TX,2630,0.3741,0.6259,0.0335,0.0015,0.0711,0.1316,0.4532,4e-4,0.0297,0.0118,0.2673,2025-11-17
0.6953,22.612481315,13207,Houston,1,25056,1106417765,0.5257100149,0.4049271339,18194,0,1,1,University of Houston,www.uh.edu/,62377,0,00365200,0,0.0703,0.0155,0.2754,0.4089,0.7783,3,NA,1229,3,TX,37175,0.4805,0.5195,0.0317,0.001,0.2381,0.1142,0.3752,8e-4,0.0525,0.0141,0.1724,2025-11-17
NA,24.523954373,5683,Big Spring,1,14227,6693829,0.6570342205,0.5141811528,9500,0,1,2,Howard College,https://www.howardcollege.edu/,38382,0,00357400,0.0417,0.0093,0.0046,0.1127,0.1932,1,2,NA,NA,2,TX,1588,0.2846,0.7154,0.0353,0.0044,0.0088,0.0309,0.5202,6e-4,0.0189,0,0.381,2025-11-17
0.6769,20.827988338,6440,Brownwood,2,44579,64574047,0.3906705539,0.3740095087,26793,0,1,1,Howard Payne University,www.hputx.edu/,48376,0,00357500,0.2458,0.0085,0,0.161,0.4217,1,3,54,1019,3,TX,716,0.5307,0.4693,0.0489,0.0056,0.0084,0.0992,0.2723,0.0028,0.0014,0.0307,0.5307,2025-11-17
NA,25.389908257,5666,Austin,2,25336,11284536,0.5871559633,0.4343971631,30750,1,0,1,Huston-Tillotson University,www.htu.edu/,42937,0,00357700,0.0272,0,0.0163,0.337,0.6236,0.3853,3,78,NA,3,TX,982,0.4695,0.5305,0,0.0041,0.0051,0.7587,0.1629,0.001,0.0041,0.0326,0.0316,2025-11-17
0.9336,26.018378378,8958,San Antonio,2,45850,170836368,0.6407207207,0.4326269492,27000,0,1,1,University of the Incarnate Word,www.uiw.edu/,56733,0,00357800,0.0184,0.0193,0.0046,0.2901,0.4293,0.503,3,30,1042,3,TX,4545,0.3593,0.6407,0.0255,0.0031,0.024,0.0741,0.6596,0.0026,0.0317,0.0273,0.152,2025-11-17
NA,22.169291339,4237,Jacksonville,2,18510,1223849,0.6141732283,0.5327102804,PS,0,1,2,Jacksonville College-Main Campus,jacksonvillecollege.edu/,38885,0,00357900,0,0,0,0,0.2357,0.2381,2,54,NA,2,TX,197,0.5482,0.4518,0.0305,0.0051,0.0051,0.198,0.2792,0.0051,0.0051,0.269,0.203,2025-11-17
NA,22.312790698,6908,Hawkins,2,25054,12073160,0.5162790698,0.4596443228,27000,1,0,1,Jarvis Christian University,www.jarvis.edu/,32992,0,00363700,0.0833,0,0,0.197,0.5226,0.3333,3,61,NA,3,TX,730,0.4726,0.5274,0.0151,0.0205,0.0014,0.6247,0.189,0.0014,0.0384,0.0849,0.0247,2025-11-17
NA,24.594385965,5617,Kilgore,1,14924,21898658,0.5421052632,0.5388450353,14967,0,1,2,Kilgore College,https://www.kilgore.edu/,37975,0,00358000,0.0112,0,0,0.0426,0.3719,0.4042,2,NA,NA,2,TX,3133,0.3741,0.6259,0.0351,0.0045,0.0118,0.2071,0.2343,0.0022,0.0185,0.0207,0.4657,2025-11-17
0.8573,25.370237562,8923,Beaumont,1,21626,147481501,0.653966831,0.4325285896,21250,0,1,1,Lamar University,www.lamar.edu/,49652,0,00358100,0,0.117,0.0084,0.1859,0.438,0.7943,3,NA,1040,3,TX,7945,0.4034,0.5966,0.016,0.0029,0.0512,0.2876,0.2389,8e-4,0.0102,0.0053,0.3872,2025-11-17
NA,25.101293103,6129,Orange,1,7609,5309203,0.724137931,0.521631644,10959,0,0,2,Lamar State College-Orange,https://www.lsco.edu/,36587,0,02358200,0.0259,0,0,0.061,0.2427,0.5481,1,NA,NA,1,TX,1426,0.3177,0.6823,0.0175,0.0042,0.007,0.19,0.1108,0,0,0.0091,0.6613,2025-11-17
NA,26.395592865,5244,Port Arthur,1,11281,NA,0.5949632739,0.5058064516,13250,0,1,2,Lamar State College-Port Arthur,www.lamarpa.edu/,37120,0,02348500,0.0031,0,0,0.0723,0.2869,0.562,2,NA,NA,2,TX,1455,0.3251,0.67490000000000006,0.0144,0.0048,0.0323,0.2921,0.367,0,7e-4,0.0131,0.2756,2025-11-17
NA,21.024931439,7452,Laredo,1,11323,3355185,0.5263026677,0.5432893466,2959,0,1,1,Laredo College,https://www.laredo.edu/index.html,33934,0,00358200,0,0,0,0.0836,0.3847,0.5652,2,NA,NA,2,TX,5086,0.4127,0.5873,0,8e-4,0.0026,0.0016,0.9536,0,0.0012,0.0181,0.0222,2025-11-17
0.4596,21.690728264,8971,Laredo,1,14767,93967070,0.6114854026,0.4917466411,15000,0,1,1,Texas A & M International University,www.tamiu.edu/,48386,0,00965100,0.0031,0.0357,0.0186,0.1708,0.6333,0.5793,3,NA,1008,3,TX,6502,0.3968,0.6032,0.0018,6e-4,0.0032,0.0055,0.9173,0,0.0501,0.0022,0.0192,2025-11-17
NA,28.200271248,7514,Baytown,1,12050,385292,0.4715189873,0.5481049563,7500,0,1,2,Lee College,www.lee.edu/,42178,0,00358300,0.0136,0.003,3e-4,0.4393,0.3157,0.3959,1,NA,NA,1,TX,5118,0.5621,0.4379,0.0254,0.0031,0.0135,0.1706,0.4543,0,0.0055,0.0156,0.312,2025-11-17
0.4068,27.539832285,6436,Longview,2,48206,25621542,0.5167714885,0.3405714286,26000,0,0,1,LeTourneau University,www.letu.edu/,57103,0,00358400,0.1008,0.2267,0.0101,0.1184,0.134,0.3345,3,42,1262,3,TX,1510,0.6325,0.3675,0.0583,0.0126,0.0219,0.0517,0.053,7e-4,0.0497,0.0338,0.7185,2025-11-17
0.7319,24.203143894,7219,Lubbock,2,40493,31658132,0.6372430472,0.359947644,20948,0,1,1,Lubbock Christian University,https://lcu.edu/,53787,0,00358600,0.1212,0,0.0152,0.1364,0.3306,0.512,3,74,1086,3,TX,1210,0.3942,0.6058,0.0149,0.0041,0.0074,0.0512,0.2595,0.0017,0.0421,0.024,0.595,2025-11-17
NA,26.357565511,6969,Texas City,1,8014,2695380,0.6331360947,0.4648760331,5960,0,1,1,College of the Mainland,www.com.edu/,39639,0,00709600,0.0177,0,0.0024,0.066,0.2764,0.9821,2,NA,NA,2,TX,3342,0.3749,0.6251,0.0302,0.0048,0.0221,0.1691,0.4037,9e-4,6e-4,0.0215,0.3471,2025-11-17
0.9512,22.215641173,8445,Belton,2,45235,116690283,0.6331224842,0.3244084682,26000,0,1,1,University of Mary Hardin-Baylor,https://go.umhb.edu/,56132,0,00358800,0.0844,0.0239,0.0048,0.1465,0.3685,0.5412,3,54,1098,3,TX,2959,0.3758,0.6242,0.023,0.003,0.0152,0.1352,0.2761,0.0027,0.0084,0.0314,0.5049,2025-11-17
NA,24.392937641,8599,Waco,1,13382,12579159,0.6548960681,0.4728406055,10500,0,1,2,McLennan Community College,www.mclennan.edu/,39163,0,00359000,0.0257,0.0175,0,0.1173,0.3904,0.5387,2,NA,NA,2,TX,4997,0.301,0.699,0.0334,0.004,0.0162,0.1463,0.3796,0.002,0.0022,0.013,0.4032,2025-11-17
0.5765,21.886363636,7581,Abilene,2,43087,104252941,0.4303977273,0.3742038217,27000,0,1,1,McMurry University,https://mcm.edu/,48779,0,00359100,0.1675,0,0.0148,0.202,0.4492,1,3,71,1072,3,TX,1108,0.5307,0.4693,0.0099,0.0135,0.0126,0.1426,0.3457,0.0018,0.0199,0.0208,0.4332,2025-11-17
NA,27.197718631,NA,Lubbock,2,NA,NA,0.8365019011,0.4188034188,12969,0,0,2,Covenant School of Nursing and Allied Health,https://covenanthealth.org/cson,78724,0,00661200,0,0,0,0,0.4187,NA,1,30,NA,1,TX,333,0.1712,0.8288,0.021,0,0.0541,0.0511,0.3514,0.003,0,0.1111,0.4084,2025-11-17
NA,25.380637402,7448,Midland,1,12519,55502972,0.6422128683,0.5471556886,10670,0,1,1,Midland College,www.midland.edu/,43958,0,00979700,0.0113,0.0017,0,0.0877,0.1919,0.4799,1,NA,NA,2,TX,5020,0.4034,0.5966,0.0179,0.003,0.0177,0.0556,0.5984,4e-4,0.0259,0.0195,0.2616,2025-11-17
0.8738,23.62908778,8145,Wichita Falls,1,22411,93439610,0.5839070568,0.381792183,21030,0,1,1,Midwestern State University,www.msutexas.edu/,55747,0,00359200,0.0609,0.0215,0.0034,0.1279,0.4004,0.702,3,NA,NA,3,TX,4043,0.3656,0.6344,0.0416,0.0111,0.0349,0.1551,0.2582,0.0017,0.0433,0.0225,0.4316,2025-11-17
NA,23.875862069,6682,Corsicana,1,17659,4272901,0.5719381688,0.4848741872,11000,0,0,1,Navarro College,www.navarrocollege.edu/,38716,0,00359300,0.0284,0.0025,0,0.0842,0.3177,0.2482,2,NA,NA,2,TX,3959,0.3685,0.6315,0.0356,0.0043,0.0086,0.2021,0.2316,0.0048,0.0109,0.003,0.4991,2025-11-17
NA,25.320177402,7821,The Woodlands,1,14637,21448811,0.6170810107,0.5052254098,8600,0,1,1,Lone Star College System,www.lonestar.edu/,42466,0,01114500,0.0375,0.0037,0,0.1256,0.2308,1,2,NA,NA,2,TX,47486,0.4081,0.5919,0.0357,0.002,0.0656,0.1431,0.4534,0,0.0434,0.0197,0.237,2025-11-17
0.7246,22.22931591,11054,Denton,1,25470,246827932,0.5485318429,0.347966205,19250,0,1,1,University of North Texas,www.unt.edu/,57010,0,00359400,0.0436,0.0338,0.0072,0.1892,0.3608,0.6363,3,NA,1109,3,TX,33680,0.4577,0.5423,0.0445,0.0031,0.0808,0.1617,0.2988,9e-4,0.0387,0.0125,0.3591,2025-11-17
NA,24.97577389,6587,Mount Pleasant,1,14594,7893516,0.6177658143,0.5360995851,10946,0,1,2,Northeast Texas Community College,www.ntcc.edu/,37870,0,02315400,0.0297,0,0,0.1204,0.4936,1,2,NA,NA,2,TX,1964,0.3289,0.6711,0.0234,0.0061,0.0087,0.1415,0.3422,5e-4,0.0193,0.0041,0.4542,2025-11-17
NA,25.295384615,7087,Odessa,1,12315,22130903,0.6343589744,0.5713346483,7750,0,1,1,Odessa College,www.odessa.edu/,42026,0,00359600,0.0643,0.0153,0.0016,0.1999,0.2553,0.3351,2,NA,NA,2,TX,4176,0.3501,0.6499,0,0.0043,0.0108,0.0601,0.6928,5e-4,0.0012,0.0283,0.2021,2025-11-17
NA,23.593380615,7094,San Antonio,2,42137,38048551,0.6926713948,0.4759284732,24999,0,1,1,Our Lady of the Lake University,https://www.ollusa.edu/,48675,0,00359800,0.0789,0,0.0036,0.1434,0.5749,0.5044,3,30,NA,3,TX,1110,0.3306,0.6694,0,0,0.0045,0.0694,0.7432,0,0.0315,0.0739,0.0775,2025-11-17
0.8482,22.749964311,8791,Edinburg,1,18343,128687783,0.5758743754,0.5259824759,12950,0,1,1,The University of Texas Rio Grande Valley,www.utrgv.edu/,49620,0,00359900,0,0.0674,0.0096,0.1087,0.6376,0.8148,3,NA,1020,3,TX,27026,0.416,0.584,0.0015,4e-4,0.0108,0.005,0.9375,2e-4,0.0167,0.0087,0.0192,2025-11-17
NA,21.861346411,6251,Brownsville,1,11487,169698,0.551047704,0.5624640184,9000,0,1,2,Texas Southmost College,www.tsc.edu/,41900,0,03064600,0.0577,0,0,0.0721,0.3138,0.3468,2,NA,NA,2,TX,3453,0.4425,0.5575,0.0012,6e-4,0.0026,9e-4,0.9354,0,0.0035,0.0316,0.0243,2025-11-17
NA,25.97005571,6453,Carthage,1,12950,12125407,0.7493036212,0.5112359551,10500,0,0,2,Panola College,www.panola.edu/,36072,0,00360000,0.0367,0,0,0.045,0.3198,1,2,NA,NA,1,TX,1378,0.2758,0.7242,0.0261,0.0051,0.0073,0.1945,0.1996,0,0.0239,0,0.5435,2025-11-17
NA,24.585519922,6966,Paris,1,12951,30713875,0.5966958212,0.5541401274,5342,0,0,2,Paris Junior College,www.parisjc.edu/,36515,0,00360100,0.0275,0.0108,6e-4,0.0364,0.2259,0.5385,1,NA,NA,2,TX,2265,0.3801,0.6199,0.0389,0.0146,0.0084,0.1015,0.223,0.0013,0.0093,0.0057,0.5974,2025-11-17
0.3381,22.350951374,6785,Dallas,2,24912,4180517,0.5644820296,0.4846938776,23373,1,0,1,Paul Quinn College,https://paulquinn.edu/,29288,0,00360200,0,0,0.0161,0.4355,0.6976,0.2093,3,51,NA,3,TX,600,0.3667,0.6333,0.0567,0,0.0083,0.6867,0.1583,0.0083,0.0083,0.0117,0.0617,2025-11-17
0.753,20.85173135,8893,Prairie View,1,25958,135757938,0.6100395073,0.3349093775,27000,1,0,1,Prairie View A & M University,www.pvamu.edu/,45411,0,00363000,0.0309,0.087,0.0056,0.1467,0.6244,0.8099,3,NA,949,3,TX,8527,0.3305,0.6695,0.0349,0.0014,0.0081,0.8519,0.0742,7e-4,0.0077,0.0086,0.0124,2025-11-17
NA,23.707537688,4198,Ranger,1,14685,NA,0.591959799,0.4595238095,9500,0,1,2,Ranger College,https://www.rangercollege.edu/#gsc.tab=0,35552,0,00360300,0.0023,0,0,0,0.1766,0.2839,2,NA,NA,2,TX,935,0.4353,0.5647,0.0406,0.0021,0.0032,0.077,0.3658,0,0.0524,0.0021,0.4567,2025-11-17
0.0788,19.568720379,18047,Houston,2,74110,7844941000,0.4518167457,0.1447587354,11000,0,0,1,Rice University,www.rice.edu/,89718,0,00360400,0,0.1683,0.076,0.001,0.1607,0.8372,3,NA,1553,3,TX,4562,0.5088,0.4912,0.052,0.0013,0.295,0.0824,0.1611,9e-4,0.1247,0.0178,0.2648,2025-11-17
0.8369,21.457573853,9434,Austin,2,64975,125862859,0.6216216216,0.3254397835,24803,0,1,1,Saint Edward's University,https://www.stedwards.edu/,58826,0,00362100,0.0177,0,0.0074,0.2065,0.3947,0.5074,3,30,1135,3,TX,2729,0.4016,0.5984,0.0257,0.004,0.0238,0.0322,0.5526,7e-4,0.066,0.011,0.284,2025-11-17
NA,25.645979021,7187,San Antonio,1,11406,NA,0.5737179487,0.5499474238,9500,1,1,2,St Philip's College,www.alamo.edu/spc/,38224,0,00360800,0.0129,0,0,0.0404,0.2137,0.5952,1,NA,NA,2,TX,10772,0.4132,0.5868,0.0335,0.0022,0.0224,0.1002,0.6842,0.0011,0.0014,0.0047,0.1503,2025-11-17
0.9334,23.40625,8135,Houston,2,44151,130278297,0.7171052632,0.3778625954,19928,0,1,1,University of St Thomas,https://www.stthom.edu/,59224,0,00365400,0.0044,0.0147,0.0088,0.1591,0.3792,0.9811,3,30,1204,3,TX,2826,0.4101,0.5899,0.0156,0.0014,0.1001,0.1196,0.5354,0.0014,0.0389,0.0156,0.172,2025-11-17
0.8539,22.117593437,8309,Huntsville,1,24517,149169282,0.6614142466,0.4140865737,21983,0,1,1,Sam Houston State University,www.shsu.edu/,54211,0,00360600,0.0729,0,0.0041,0.1584,0.3985,0.7956,3,NA,1055,3,TX,18138,0.3709,0.6291,0.0342,0.0077,0.0213,0.1743,0.281,0.001,0.0076,0.011,0.4621,2025-11-17
NA,24.792100257,7888,San Antonio,1,11576,NA,0.6006489874,0.5158227848,10500,0,1,1,San Antonio College,www.alamo.edu/sac,39711,0,00916300,0.0303,0,0,0.07,0.3369,0.5265,2,NA,NA,2,TX,16067,0.3917,0.6083,0.0311,0.0022,0.0248,0.074,0.6953,8e-4,0.0049,0.0013,0.1656,2025-11-17
NA,24.166589381,8138,Pasadena,1,14990,25204249,0.5978437283,0.5342917041,9500,0,1,1,San Jacinto Community College,www.sanjac.edu/,43062,0,00360900,0.0331,0.0058,0.0135,0.1341,0.303,0.377,2,NA,NA,2,TX,23071,0.4091,0.5909,0.0199,0.0017,0.0472,0.0869,0.6369,8e-4,0.024,0.0128,0.1698,2025-11-17
0.8797,23.248153619,7575,Kerrville,2,46294,81169308,0.6041358936,0.3729903537,23250,0,1,1,Schreiner University,https://schreiner.edu/,52228,0,00361000,0.0455,0.0682,0.0182,0.1455,0.4381,0.5217,3,66,NA,3,TX,1028,0.463,0.537,0.0311,0.0039,0.0107,0.0564,0.3988,0.0029,0.0088,0,0.4874,2025-11-17
0.8895,20.33366435,10468,San Antonio,2,46368,233509022,0.5690168818,0.3872387239,25563,0,1,1,St. Mary's University,www.stmarytx.edu/,56955,0,00362300,0.0045,0.0568,0.0205,0.25,0.4203,0.6432,3,30,989,3,TX,1911,0.4071,0.5929,0.012,0.0078,0.0167,0.0235,0.5484,0.0026,0.0853,0.1852,0.1183,2025-11-17
NA,22.98873592,6558,Levelland,1,12880,27964295,0.5534000834,0.5399376349,10500,0,1,2,South Plains College,www.southplainscollege.edu/,41276,0,00361100,0.0152,0,6e-4,0.1343,0.4002,0.5139,2,NA,NA,2,TX,6124,0.3893,0.6107,0,0.0134,0.0206,0.0735,0.542,0.0023,0.0026,0.0013,0.3444,2025-11-17
0.6122,20.534968211,14324,Dallas,2,82532,2022673000,0.5095367847,0.1568247822,19500,0,0,1,Southern Methodist University,https://www.smu.edu/,78354,0,00361300,0.0062,0.07,0.0401,0.3217,0.1186,0.6808,3,71,1424,3,TX,7106,0.4894,0.5106,0.0474,0.0037,0.0813,0.0536,0.1637,0.0011,0.0362,0.0296,0.5835,2025-11-17
NA,22.228504122,5715,Uvalde,1,13579,2225540,0.5614448371,0.5658093797,6200,0,1,2,Southwest Texas College,https://www.swtjc.edu/,35563,0,00361400,0,0.0017,0,0.0296,0.3563,0.6932,2,NA,NA,2,TX,3170,0.3782,0.6218,0.0016,0.0073,0.006,0.0038,0.9199,6e-4,0,0.005,0.0558,2025-11-17
0.8423,24.20173913,6304,Waxahachie,2,32765,13573563,0.4973913043,0.3815028902,24725,0,1,1,Nelson University,www.nelson.edu/,46238,0,00361600,0.0528,0,0,0.0996,0.495,0.4841,3,27,1014,3,TX,1366,0.4963,0.5037,0.0461,0.0278,0.011,0.1186,0.2679,0.0037,0.0124,7e-4,0.5117,2025-11-17
0.3907,20.139442231,8855,Georgetown,2,63645,366389813,0.5737051793,0.2033542977,25000,0,1,1,Southwestern University,https://www.southwestern.edu/,56878,0,00362000,0.0553,0,0.0302,0.2136,0.2313,0.7736,3,71,1269,3,TX,1454,0.4505,0.5495,0.0475,0.0021,0.0413,0.0591,0.2834,0.0014,0.0193,0.0055,0.5406,2025-11-17
0.8825,21.432950949,8500,Nacogdoches,1,24231,106949530,0.6564477848,0.353515625,23409,0,1,1,Stephen F Austin State University,https://www.sfasu.edu/,49634,0,00362400,0,0.0104,0.0043,0.1955,0.3679,0.7425,3,NA,1074,3,TX,8746,0.3717,0.6283,0.0418,0.0049,0.0126,0.1199,0.2323,3e-4,0.0072,0.015,0.5659,2025-11-17
0.8948,21.529538504,8917,San Marcos,1,26348,334120596,0.6008479288,0.3582704187,21000,0,1,1,Texas State University,https://www.txst.edu/,56906,0,00361500,0.045,0.0216,0.0077,0.1607,0.3615,0.7667,3,NA,1093,3,TX,34547,0.3997,0.6003,0.0319,0.0027,0.027,0.0942,0.422,9e-4,0.0082,0.0214,0.3917,2025-11-17
0.5552,22.868159204,6382,Keene,2,35804,21692471,0.5696517413,0.3415977961,26998,0,1,1,Southwestern Adventist University,www.swau.edu/,52946,0,00361900,0.0559,0,0.007,0.1049,0.3885,0.9592,3,95,1031,3,TX,574,0.4582,0.5418,0.0418,0.0052,0.054,0.1115,0.5209,0.0105,0.0436,0.0052,0.2073,2025-11-17
NA,20.654135338,2969,Terrell,2,21900,NA,0.5112781955,0.389380531,PS,1,0,1,Southwestern Christian College,www.swcc.edu/,32672,0,00361800,0,0,0,0,0.9057,1,2,74,NA,2,TX,128,0.4219,0.5781,0.0469,0.0078,0,0.9063,0.0313,0.0078,0,0,0,2025-11-17
0.9562,23.242057489,7540,Alpine,1,23759,23837014,0.5453857791,0.4626998224,15900,0,1,1,Sul Ross State University,www.sulross.edu/,41871,0,00362500,0.1519,0,0.0138,0.1796,0.5161,0.5986,3,NA,984,3,TX,1378,0.4412,0.5588,0.0167,0.0051,0.0044,0.066,0.6945,0.0015,0.0022,0.0094,0.2003,2025-11-17
0.942,23.948853016,8176,Stephenville,1,22981,83786985,0.6463891249,0.4210031937,19606,0,0,1,Tarleton State University,www.tarleton.edu/,53040,0,00363100,0.0196,0.0207,0.0057,0.1795,0.3711,0.6,3,NA,1068,3,TX,12263,0.3737,0.6263,0.0323,0.0072,0.0104,0.0616,0.2344,0.0011,0.0066,0.009,0.6374,2025-11-17
NA,25.294767033,8238,Fort Worth,1,11720,NA,0.6030629363,0.4920603414,9104,0,1,2,Tarrant County College District,www.tccd.edu/,42727,0,00362600,0.0136,0.0036,0,0.127,0.2749,0.3994,2,NA,NA,2,TX,40214,0.4229,0.5771,0.037,0.0033,0.0662,0.165,0.3655,0.0014,0.0126,0.0899,0.2591,2025-11-17
NA,25.829362299,6277,Temple,1,11400,7328630,0.6674842327,0.4645346453,12813,0,1,2,Temple College,www.templejc.edu/,38678,0,00362700,0.0178,0,0.0064,0.1456,0.4047,0.6954,2,NA,NA,2,TX,3168,0.3308,0.6692,0.0603,0.0035,0.0199,0.1714,0.3333,0.0051,0,0.0322,0.3744,2025-11-17
NA,26.5,11134,San Antonio,1,NA,773466800,0.7620817844,0.3713692946,15000,0,1,1,The University of Texas Health Science Center at San Antonio,www.uthscsa.edu/,82206,0,00365900,0,0,0,0,0.3516,0.748,3,NA,NA,3,TX,864,0.2847,0.7153,0.0255,0.0035,0.0822,0.0556,0.5984,0.0023,0.0035,0.0058,0.2234,2025-11-17
NA,26.235177866,10914,Galveston,1,NA,779202807,0.8241106719,0.3766233766,13396,0,0,1,The University of Texas Medical Branch at Galveston,https://www.utmb.edu/,92961,0,00495200,0,0,0,0,0.2051,0.9727,3,NA,NA,3,TX,559,0.1807,0.8193,0.0698,0.0018,0.2308,0.1002,0.288,0.0036,0.0089,0.0143,0.2826,2025-11-17
NA,25.850950119,5857,Texarkana,1,13580,14515564,0.6187648456,0.4739336493,10500,0,0,2,Texarkana College,https://www.texarkanacollege.edu/,34647,0,00362800,0.0174,0.0027,0.0013,0.0869,0.2826,0.6269,2,NA,NA,2,TX,1609,0.3288,0.6712,0.0354,0.0044,0.0081,0.3033,0.0932,0.0025,0.0162,0.0068,0.5301,2025-11-17
0.9229,23.544512947,8594,Kingsville,1,22262,125092998,0.5565967941,0.4587833997,22934,0,1,1,Texas A&M University-Kingsville,https://www.tamuk.edu/,51450,0,00363900,0.0536,0.2514,0,0.0831,0.5455,0.8445,3,NA,1030,3,TX,4622,0.4996,0.5004,0.0106,0.0015,0.0058,0.0409,0.7648,0.0013,0.0203,0.0013,0.1534,2025-11-17
0.6325,20.305687957,14313,College Station,1,32085,17219500588,0.5116777884,0.2995074728,17804,0,1,1,Texas A&M University-College Station,https://www.tamu.edu/,72097,0,00363200,0.0216,0.1754,0.0124,0.1475,0.1923,0.8444,3,NA,1272,3,TX,59099,0.5294,0.4706,0.0381,0.0023,0.1259,0.0233,0.2543,3e-4,0.0111,0.0039,0.5408,2025-11-17
0.8129,27.551235839,11093,Arlington,1,25265,203134018,0.6641992791,0.4376915601,17527,0,1,1,The University of Texas at Arlington,https://www.uta.edu/,63199,0,00365600,0.0183,0.0806,0.0051,0.1445,0.3958,0.6347,3,NA,1116,3,TX,30834,0.4077,0.5923,0.0375,0.0015,0.1432,0.1449,0.3945,5e-4,0.0383,0.008,0.2316,2025-11-17
0.2912,20.172572245,15510,Austin,1,29842,5625135885,0.5606045134,0.2751759015,20500,0,0,1,The University of Texas at Austin,https://www.utexas.edu/,75121,0,00365800,3e-4,0.1124,0.0346,0.1097,0.2511,0.8347,3,NA,1380,3,TX,42100,0.4205,0.5795,0.0409,0.0012,0.2537,0.0467,0.2828,7e-4,0.043,0.0154,0.3157,2025-11-17
0.6546,22.721688401,14868,Richardson,1,28210,742548896,0.4620796156,0.313957935,18000,0,0,1,The University of Texas at Dallas,www.utdallas.edu/,68227,0,00974100,8e-4,0.127,0.0122,0.186,0.2973,0.7309,3,NA,1300,3,TX,21317,0.5654,0.4346,0.0397,0.0015,0.422,0.0576,0.1807,4e-4,0.0437,0.0311,0.2234,2025-11-17
0.999,22.667898237,9775,El Paso,1,19327,353327003,0.5511453605,0.4063639794,18000,0,1,1,The University of Texas at El Paso,https://www.utep.edu/,50923,0,00366100,0.0699,0.0985,0.0091,0.1338,0.606,0.6799,3,NA,982,3,TX,20547,0.4556,0.5444,0.0068,0.0016,0.0068,0.0181,0.8774,0.001,0.0373,0.0135,0.0375,2025-11-17
0.9154,24.804545455,19802,Tyler,1,23669,188714671,0.599025974,0.3912268188,17137,0,0,1,The University of Texas at Tyler,https://www.uttyler.edu/,57053,0,01116300,5e-4,0.0761,0.0022,0.1483,0.3796,0.7833,3,NA,1113,3,TX,7009,0.3932,0.6068,0.0387,0.0043,0.0407,0.1131,0.2679,4e-4,0.0198,0.0126,0.5025,2025-11-17
0.426,20.947537473,13511,Fort Worth,2,72778,2440718000,0.6027837259,0.2040586246,21500,0,0,1,Texas Christian University,https://www.tcu.edu/,68424,0,00363600,0.0414,0.0211,0.0054,0.2871,0.1347,0.9986,3,61,1303,3,TX,10919,0.3795,0.6205,0.0436,0.0023,0.0242,0.0408,0.1811,0.0012,0.0452,0.0204,0.6413,2025-11-17
NA,22.733111849,5055,Tyler,2,20832,7430836,0.3277962348,0.4511082138,31000,1,0,1,Texas College,www.texascollege.edu/,33752,0,00363800,0.0291,0,0.0097,0.2427,0.8536,0.8182,3,55,NA,3,TX,644,0.6522,0.3478,0,0.0016,0.0031,0.823,0.1009,0,0.0248,0.0155,0.0311,2025-11-17
0.9479,20.600282486,7713,Seguin,2,47548,102240096,0.4844632768,0.3554216867,25000,0,1,1,Texas Lutheran University,www.tlu.edu/,53863,0,00364100,0.0887,0.0108,0.0296,0.2124,0.3763,0.5896,3,22,1124,3,TX,1260,0.4651,0.5349,0.0405,0.0032,0.019,0.1254,0.4103,8e-4,0.0032,0.0071,0.3905,2025-11-17
0.8446,26.348919055,8924,Odessa,1,21727,63970248,0.607340372,0.4621125144,17750,0,1,1,The University of Texas Permian Basin,https://www.utpb.edu/,56073,0,00993000,0.0745,0.0934,0.0044,0.2325,0.356,0.9623,3,NA,1031,3,TX,4122,0.3857,0.6143,0.0243,0.0032,0.0175,0.0767,0.5378,0.0022,0.0665,0.0141,0.2579,2025-11-17
0.8846,21.65456566,10373,San Antonio,1,21474,264163030,0.5416743841,0.388502455,20500,0,1,1,The University of Texas at San Antonio,www.utsa.edu/,57131,0,01011500,0.0486,0.0739,0.0102,0.1829,0.4225,0.7579,3,NA,1102,3,TX,29675,0.4782,0.5218,0.0345,0.0011,0.0579,0.0801,0.6123,0.0016,0.0125,0.0119,0.1882,2025-11-17
0.9335,22.411233054,8051,Houston,1,24899,75543963,0.5913492576,0.3879505924,29000,1,0,1,Texas Southern University,www.tsu.edu/,38924,0,00364200,0.0011,0.0474,0.0077,0.1696,0.713,0.6116,3,NA,913,3,TX,6619,0.3387,0.6613,0.0338,0.0018,0.0079,0.8583,0.0733,5e-4,0.0118,0.0048,0.0079,2025-11-17
0.7089,21.463346737,11545,Lubbock,1,27472,953209330,0.4967522425,0.3237946777,21500,0,1,1,Texas Tech University,www.ttu.edu/,62454,0,00364400,0.0397,0.0964,0.0073,0.2165,0.2575,0.8372,3,NA,1182,3,TX,32446,0.5038,0.4962,0.0437,0.0035,0.0331,0.0607,0.2965,9e-4,0.0178,0.0116,0.5323,2025-11-17
0.6239,24.261398176,8334,Fort Worth,2,50619,73285787,0.6058763931,0.4829612221,23125,0,1,1,Texas Wesleyan University,www.txwes.edu/,54053,0,00364500,0.0929,0,0,0.2981,0.4114,0.2203,3,71,1051,3,TX,1671,0.4536,0.5464,0.0467,0.015,0.015,0.2256,0.2753,6e-4,0.0802,0.0132,0.3285,2025-11-17
0.9499,24.734297431,9260,Denton,1,20399,100343890,0.9028707101,0.4157868276,19218,0,1,1,Texas Woman's University,www.twu.edu/,56544,0,00364600,0.0817,0,0.0061,0.1102,0.4045,0.9933,3,NA,NA,3,TX,8804,0.0875,0.9125,0.035,0.0032,0.0927,0.1878,0.3827,7e-4,0.0123,0.0139,0.2719,2025-11-17
0.2816,19.515202703,12044,San Antonio,2,65774,1712579517,0.5405405405,0.1736842105,22954,0,0,1,Trinity University,https://new.trinity.edu/,71668,0,00364700,0,0.0597,0.0341,0.2082,0.164,0.7822,3,66,1407,3,TX,2518,0.4635,0.5365,0.052,0.0012,0.077,0.0429,0.247,4e-4,0.0469,0.0087,0.5238,2025-11-17
NA,26.980544747,11760,Houston,1,NA,899272216,0.8463035019,0.4071588367,13063,0,0,1,The University of Texas Health Science Center at Houston,www.uth.edu/,88757,0,00495100,0,0,0,0,0.426,0.6331,3,NA,NA,3,TX,460,0.1413,0.8587,0.037,0,0.2913,0.1239,0.3326,0.0022,0.013,0.013,0.187,2025-11-17
NA,29.236164736,9437,Lubbock,1,NA,260758825,0.87001287,0.4322766571,12268,0,1,1,Texas Tech University Health Sciences Center,https://www.ttuhsc.edu/,92348,0,01067400,0,0,0,0,0.143,0.9526,3,NA,NA,3,TX,1374,0.1325,0.8675,0,0.0116,0.0633,0.0888,0.3319,0,7e-4,0.0051,0.4985,2025-11-17
NA,23.133344057,6045,Tyler,1,15881,85808381,0.5809876146,0.4549507709,11995,0,1,1,Tyler Junior College,www.tjc.edu/,38140,0,00364800,0.0318,0.0044,0.0017,0.1093,0.3562,0.6274,2,NA,NA,2,TX,9065,0.365,0.635,0.0499,0.0038,0.0116,0.1724,0.2757,9e-4,0.0185,0.0189,0.4484,2025-11-17
NA,24.706700379,5702,Vernon,1,13676,5177598,0.6264222503,0.4644412192,11000,0,1,2,Vernon College,www.vernoncollege.edu/,40464,0,01006000,0.019,0,0,0.0086,0.3824,0.5401,1,NA,NA,1,TX,1656,0.3508,0.6492,0.035,0.0079,0.0242,0.0707,0.2935,0.0036,0.0042,0.0308,0.5302,2025-11-17
NA,24.94248366,6909,Victoria,1,11112,20023232,0.6947712418,0.5084067254,10500,0,1,2,Victoria College,www.victoriacollege.edu/,42382,0,00366200,0,0,0,0.0648,0.3342,0.3333,2,NA,NA,2,TX,2385,0.3094,0.6906,0.0159,0.0029,0.0184,0.0616,0.5841,4e-4,0.0055,0.0117,0.2994,2025-11-17
0.5405,29.831532417,6090,Plainview,2,34762,87853223,0.5776031434,0.4545973729,23106,0,1,1,Wayland Baptist University,www.wbu.edu/,51838,0,00366300,0.0613,0,0,0.3587,0.3952,1,3,75,NA,3,TX,2090,0.4914,0.5086,0.0258,0.0115,0.0321,0.1809,0.3215,0.0263,0.0244,0.0694,0.3081,2025-11-17
NA,24.749419954,7490,Weatherford,1,15148,10640373,0.7039443155,0.4874264312,9948,0,0,1,Weatherford College,https://www.wc.edu/,42397,0,00366400,0.0057,0,0,0.0265,0.1943,1,2,NA,NA,2,TX,3961,0.3315,0.6685,0.0321,0.0061,0.0151,0.0318,0.2366,0.002,5e-4,0.0636,0.6122,2025-11-17
0.9735,22.954686181,8505,Canyon,1,23383,111242804,0.6003377428,0.39375,19500,0,1,1,West Texas A & M University,https://www.wtamu.edu/,50741,0,00366500,0,0.0408,0.0062,0.1888,0.3933,0.8167,3,NA,1072,3,TX,6771,0.4146,0.5854,0.0253,0.0062,0.0182,0.0393,0.3438,0.0016,0.0167,0.0359,0.5131,2025-11-17
NA,22.44111349,5810,Snyder,1,12444,NA,0.52248394,0.4800995025,7515,0,0,2,Western Texas College,www.wtc.edu/,42508,0,00954900,0.0175,0.005,0,0.0551,0.0783,0.92,2,NA,NA,2,TX,486,0.5782,0.4218,0.0247,0.0041,0.0062,0.0761,0.4835,0,0.1152,0,0.2901,2025-11-17
NA,22.165180467,6235,Wharton,1,10406,12304435,0.5779193206,0.426873385,7703,0,1,2,Wharton County Junior College,https://www.wcjc.edu/,44960,0,00366800,0,0.0029,0,0.0897,0.2652,0.5921,2,NA,NA,2,TX,4832,0.4282,0.5718,0.013,0.0023,0.1496,0.1269,0.4599,0.0012,0,0.001,0.2461,2025-11-17
NA,25.110985277,5672,Marshall,2,20322,7554612,0.6262740657,0.4155672823,24989,1,0,1,Wiley University,wileyc.edu/,33159,0,00366900,0,0,0.0106,0.3404,0.7708,0.5957,3,71,NA,3,TX,636,0.4701,0.5299,0,0.0079,0.0031,0.8428,0.0377,0.0079,0.022,0.0142,0.0645,2025-11-17
NA,27.553398058,NA,Logan,1,NA,NA,0.4902912621,0.3560209424,PS,0,0,3,Bridgerland Technical College,www.btech.edu/,38347,0,02115400,0,0,0,0.0503,0.1004,NA,1,NA,NA,1,UT,1441,0.6114,0.3886,0.0153,0.0042,0.0076,0.0097,0.1312,0.0035,0,0.0167,0.8119,2025-11-17
0.6919,21.399299152,13861,Provo,2,20879,3123969000,0.4795278495,0.1379568885,11069,0,0,1,Brigham Young University,https://byu.edu/,75790,0,00367000,0.0601,0.0803,0.0328,0.1413,0.3229,0.7152,3,94,1376,3,UT,32221,0.4804,0.5196,0.0435,0.0019,0.0167,0.0039,0.08,0.0061,0.0279,0.0132,0.8068,2025-11-17
0.3787,21.823788546,10464,Laie,2,22970,229633000,0.6020558003,0.191904048,9413,0,0,1,Brigham Young University-Hawaii,www.byuh.edu/,52064,0,00160600,0.1071,0,0.0162,0.3036,0.2969,1,3,94,1104,3,HI,2812,0.42,0.58,0.0935,0.0018,0.0846,0.0032,0.0697,0.058,0.4822,0.0043,0.2027,2025-11-17
NA,29.273489933,NA,Kaysville,1,NA,NA,0.5302013423,0.3582089552,PS,0,0,3,Davis Technical College,https://www.davistech.edu/,41734,0,02156600,0,0,0,0.0208,0.0929,NA,1,NA,NA,1,UT,2617,0.5908,0.4092,0.0287,0.0138,0.0141,0.0153,0.1739,0.0065,0,0.0313,0.7165,2025-11-17
NA,22.224812433,8313,Saint George,1,19660,17505730,0.5605573419,0.3900029061,15000,0,0,1,Utah Tech University,utahtech.edu/,44570,0,00367100,0.016,0.0199,0.0047,0.0836,0.223,0.4194,1,NA,NA,2,UT,8320,0.4071,0.5929,0.0458,0.0073,0.0125,0.0172,0.1371,0.0114,0.0184,0.005,0.7452,2025-11-17
NA,24.166506256,8623,Salt Lake City,2,13892,27952925,0.4254090472,0.2960325534,PS,0,0,1,Ensign College,www.ensign.edu/,50630,0,00367200,0,0,0,0.6204,0.1134,0.0858,1,94,NA,2,UT,5969,0.4999,0.5001,0.0064,5e-4,0.0023,0.0034,0.0163,0.0018,0.1345,0.7224,0.1124,2025-11-17
NA,29.379360465,NA,Ogden,1,NA,NA,0.4622093023,0.4698795181,PS,0,0,3,Ogden-Weber Technical College,www.otech.edu/,35032,0,02346500,0,0,0,0.1253,0.1053,NA,1,NA,NA,1,UT,2053,0.5528,0.4472,0.0253,0.0039,0.0132,0.018,0.2898,0.0029,0,0.0078,0.6391,2025-11-17
NA,21.403439153,7889,Ephraim,1,12190,17574443,0.532627866,0.3255159475,7000,0,0,1,Snow College,https://www.snow.edu/,41022,0,00367900,0.0501,0.0494,0.002,0.0934,0.2088,1,2,NA,NA,2,UT,3552,0.4673,0.5327,0.0282,0.0053,0.0034,0.0296,0.1312,0.0107,0.0777,0.0023,0.7117,2025-11-17
0.8047,22.344486692,8636,Cedar City,1,19512,33517548,0.5524714829,0.3208985158,12500,0,0,1,Southern Utah University,https://www.suu.edu/,50296,0,00367800,0.0325,0.0114,0.0043,0.0594,0.2421,0.706,2,NA,NA,3,UT,9533,0.439,0.561,0.0097,0.0095,0.0138,0.0199,0.0865,0.0086,0.0517,0.0658,0.7344,2025-11-17
NA,32.88,NA,Roosevelt,1,NA,NA,0.68,PS,PS,0,0,3,Uintah Basin Technical College,www.ubtech.edu/,28178,0,01116500,0,0,0,0.0381,0.0101,NA,1,NA,NA,1,UT,324,0.6142,0.3858,0.0031,0.0617,0.0062,0.0093,0.108,0,0,0,0.8117,2025-11-17
0.9362,23.224894619,10824,Logan,1,21050,532367445,0.5495908753,0.2835781742,14340,0,0,1,Utah State University,https://www.usu.edu/,54022,0,00367700,0.0797,0.0475,0.0108,0.0822,0.2569,0.9719,3,NA,1189,3,UT,20342,0.4552,0.5448,0.0272,0.0148,0.0078,0.0068,0.066,0.0032,0.0065,0.0504,0.8172,2025-11-17
NA,23.575480147,9862,Orem,1,15172,84136334,0.47188775,0.2721558768,14750,0,0,1,Utah Valley University,www.uvu.edu/,55486,0,00402700,0.0325,0.0163,0.0041,0.143,0.2337,0.4845,3,NA,NA,3,UT,27481,0.517,0.483,0.0369,0.0042,0.0144,0.0107,0.1334,0.0077,0.0114,0.0113,0.7701,2025-11-17
NA,25.140051791,7775,Salt Lake City,1,12884,9858478,0.5372248597,0.3962683801,8003,0,1,2,Salt Lake Community College,www.slcc.edu/,47867,0,00522000,0.0078,0.0078,6e-4,0.0612,0.162,0.2327,2,NA,NA,2,UT,17247,0.4557,0.5443,0.0409,0.0076,0.0379,0.03,0.2555,0.011,0.0171,0.0135,0.5867,2025-11-17
0.8717,23.500582072,12443,Salt Lake City,1,21799,1360642000,0.5055296857,0.2944091683,19000,0,0,1,University of Utah,www.utah.edu/,67170,0,00367500,0.0117,0.0814,0.0136,0.1301,0.201,0.8866,3,NA,1231,3,UT,26041,0.5165,0.4835,0.0605,0.0036,0.0616,0.0129,0.1409,0.004,0.0588,0.0258,0.6318,2025-11-17
NA,24.794449983,9832,Ogden,1,16172,193290410,0.5842472582,0.3735113677,15113,0,0,1,Weber State University,https://www.weber.edu/,56287,0,00368000,0.0257,0.0195,0.0095,0.0838,0.1642,0.9459,2,NA,NA,3,UT,15619,0.4142,0.5858,0.0389,0.0055,0.0192,0.0209,0.1417,0.006,0.0229,0.0286,0.7163,2025-11-17
0.6883,22.315203956,8537,Salt Lake City,2,56801,80307609,0.609394314,0.2687747036,22250,0,0,1,Westminster University,www.westminstercollege.edu/,66215,0,00368100,0.0306,0,0.0092,0.1988,0.2508,1,3,NA,1249,3,UT,882,0.3991,0.6009,0.0408,0.0023,0.0329,0.0204,0.1406,0.0159,0.0476,0.0272,0.6723,2025-11-17
0.4804,20.0078125,11162,Bennington,2,82968,36022212,0.671875,0.1260162602,26000,0,0,1,Bennington College,https://www.bennington.edu/,38289,0,00368200,0.0125,0,0.0188,0,0.2124,0.4844,3,NA,1358,3,VT,759,0.3175,0.6825,0.0514,0.0026,0.0171,0.0343,0.1054,0,0.1357,0.0224,0.6311,2025-11-17
0.6672,26.700053562,10111,Burlington,2,63000,25253711,0.4702731655,0.3172011662,26814,0,0,1,Champlain College,https://www.champlain.edu/,58386,0,00368400,0.0129,0,0.0011,0.1994,0.2314,1,3,NA,1262,3,VT,2870,0.6167,0.3833,0.0425,0.0038,0.0408,0.0631,0.0965,3e-4,0.0021,0.0564,0.6944,2025-11-17
NA,26.138594425,NA,Montpelier,1,16717,NA,0.6808009423,0.5074090705,10491,0,0,2,Community College of Vermont,www.ccv.edu/,36234,0,01116700,0.1289,0,0,0.1409,0.2818,NA,2,NA,NA,2,VT,3093,0.2645,0.7355,0.0459,0.0045,0.0213,0.0336,0.0404,6e-4,0.0045,0.0213,0.8277,2025-11-17
0.1037,20.790352505,13491,Middlebury,2,82260,1302000380,0.53432282,0.2157258065,13857,0,0,1,Middlebury College,https://www.middlebury.edu/college/,76310,0,00369100,0.0016,0,0.0344,0,0.1673,0.9221,3,NA,1500,3,VT,2785,0.4675,0.5325,0.0747,4e-4,0.0783,0.0564,0.1174,0,0.1095,0.0079,0.5555,2025-11-17
0.7361,21.480932203,8088,Northfield,2,65098,283445000,0.2662429379,0.2363090773,25000,0,0,1,Norwich University,www.norwich.edu/,65575,0,00369200,0.0192,0.0807,0.0041,0.1176,0.2445,0.4759,3,NA,1190,3,VT,2490,0.7189,0.2811,0.0594,0.0044,0.0273,0.045,0.1004,0.0012,0.0574,0.0285,0.6763,2025-11-17
0.9185,19.568181818,8928,Colchester,2,67174,94359408,0.6151515152,0.1171875,26922,0,0,1,Saint Michael's College,www.smcvt.edu/,61317,0,00369400,0.0032,0.0065,0.0291,0.1909,0.177,0.9815,3,30,1241,3,VT,1157,0.4572,0.5428,0.0285,0.0035,0.0138,0.0346,0.0622,0,0.0389,0.0017,0.8168,2025-11-17
0.8323,25.85151856,7768,Randolph,1,30074,NA,0.538807649,0.3808948005,15000,0,0,1,Vermont State University,vermontstate.edu/,50331,0,00369800,0.0309,0.01,0.0117,0.0894,0.3148,1,3,NA,NA,2,VT,3567,0.4357,0.5643,0.0348,0.0042,0.0151,0.0449,0.0479,8e-4,0.0297,0.0429,0.7796,2025-11-17
0.6002,20.07428736,10439,Burlington,1,35116,761013000,0.6014972646,0.1151121606,20951,0,0,1,University of Vermont,www.uvm.edu/,62472,0,00369600,0.0415,0.0791,0.0165,0.0826,0.1283,0.7804,3,NA,1357,3,VT,11614,0.3635,0.6365,0.0401,4e-4,0.0266,0.0081,0.0536,1e-4,0.0094,0.0264,0.8353,2025-11-17
0.478,24.65512979,6509,Danville,2,51456,26654790,0.5265760198,0.3755102041,25000,0,0,1,Averett University,https://www.averett.edu/,51516,0,00370200,0.0602,0,0.0038,0.1842,0.3904,1,3,54,1054,3,VA,1162,0.5,0.5,0.0499,0.006,0.012,0.2728,0.0542,0.0034,0.0904,0.0215,0.4897,2025-11-17
NA,23.997601918,7582,Weyers Cave,1,15437,11190735,0.6043165468,0.4760900141,10409,0,0,2,Blue Ridge Community College,https://www.brcc.edu/,42644,0,00681900,0,0,0,0.0769,0.3346,0.434,1,NA,NA,2,VA,2677,0.4057,0.5943,0.0355,0.0037,0.025,0.0616,0.1547,4e-4,0.0187,0.0527,0.6477,2025-11-17
0.6272,26.166919575,5877,Bluefield,2,41806,6707650,0.5660091047,0.4250411862,21855,0,0,1,Bluefield University,www.bluefield.edu/,48896,0,00370300,0.0966,0,0.0114,0.1705,0.4567,1,3,54,NA,3,VA,683,0.5505,0.4495,0.0176,0.0073,0.0059,0.1977,0.06,0.0015,0.0176,0.0996,0.593,2025-11-17
0.9081,19.532868526,7292,Bridgewater,2,56195,97906051,0.5239043825,0.320212766,26000,0,0,1,Bridgewater College,https://www.bridgewater.edu/,53453,0,00370400,0,0,0.0061,0.2165,0.2939,0.7163,3,58,1225,3,VA,1388,0.5086,0.4914,0.0512,0.0036,0.013,0.116,0.0785,7e-4,0.0331,0.0375,0.6664,2025-11-17
0.3272,19.849040867,13070,Williamsburg,1,41118,1301722385,0.6071726439,0.1316695353,18500,0,0,1,William & Mary,https://www.wm.edu/,73490,0,00370500,0.0056,0,0.0319,0.1202,0.1208,0.7906,3,NA,1458,3,VA,6949,0.4103,0.5897,0.0668,7e-4,0.1163,0.0587,0.0888,4e-4,0.0389,0.022,0.6074,2025-11-17
0.4118,33.822910217,8365,Virginia Beach,2,30550,100448000,0.653869969,0.4198855508,24534,0,0,1,Regent University,https://www.regent.edu/,44498,0,03091300,0.0333,0,0.0015,0.1861,0.48,0.773,3,NA,1169,3,VA,4282,0.3865,0.6135,0.0432,0.0072,0.0161,0.2522,0.1177,0.0054,0.0056,0.1091,0.4435,2025-11-17
NA,24.161825726,7897,Lynchburg,1,11638,1797421,0.5649081209,0.4324142569,8625,0,0,2,Central Virginia Community College,www.centralvirginia.edu/,36627,0,00498800,0,0.0052,0,0.041,0.3312,0.3119,1,NA,NA,1,VA,2144,0.4202,0.5798,0.0714,0.0056,0.0135,0.2402,0.0583,5e-4,0.0075,0.0233,0.5798,2025-11-17
0.8796,19.634920635,10608,Newport News,1,32242,47219889,0.5952380952,0.181010929,25000,0,0,1,Christopher Newport University,https://cnu.edu/,60509,0,00370600,0,0.0361,0.0237,0.1719,0.1457,0.6335,3,NA,1207,3,VA,4402,0.4782,0.5218,0.0545,0.0011,0.0416,0.0852,0.0822,9e-4,0.0025,0.0107,0.7213,2025-11-17
NA,30.370617696,6093,Virginia Beach,2,22769,NA,0.8171590332,0.5378553335,21549,0,0,1,Bryant & Stratton College-Virginia Beach,https://www.bryantstratton.edu/,32568,0,00267811,0.0226,0,0,0.0971,0.6187,0.2209,2,NA,NA,2,VA,1327,0.162,0.838,0.0648,0.0023,0.0188,0.5712,0.0708,0.0038,8e-4,0.0121,0.2555,2025-11-17
NA,23.221982759,6548,Clifton Forge,1,13076,8421678,0.5905172414,0.4938574939,9182,0,0,2,Mountain Gateway Community College,www.mgcc.edu/,34293,0,00499600,0,0,0,0.0456,0.2442,0.2817,1,NA,NA,1,VA,457,0.4026,0.5974,0.0503,0.0153,0.0066,0.0722,0.0569,0,0,0.0241,0.7746,2025-11-17
NA,24.403731343,7461,Danville,1,14060,11813910,0.5626865672,0.4956063269,9000,0,0,2,Danville Community College,https://www.danville.edu/,31664,0,00375800,0,0.0028,0,0.0531,0.3659,0.4414,1,NA,NA,1,VA,1371,0.3735,0.6265,0.0284,7e-4,0.0051,0.3611,0.0686,7e-4,0.0036,0.0168,0.515,2025-11-17
0.963,19.832733813,7571,Emory,2,52311,98986442,0.4874100719,0.2670565302,26332,0,0,1,Emory & Henry University,www.emoryhenry.edu/,47385,0,00370900,0.0718,0.0051,0.0154,0.1846,0.4085,0.9667,3,71,1171,3,VA,1107,0.4607,0.5393,0.0352,0.0045,0.0099,0.121,0.0361,0.0027,0.0343,0.0777,0.6784,2025-11-17
0.9975,22.891071429,6352,Harrisonburg,2,54378,38137881,0.6357142857,0.3190661479,24813,0,0,1,Eastern Mennonite University,https://emu.edu/,54869,0,00370800,0,0.0345,0.0129,0.2069,0.2691,0.9505,3,69,NA,3,VA,800,0.4125,0.5875,0.0388,0.0013,0.0275,0.1325,0.1175,0.0013,0.0538,0.065,0.5625,2025-11-17
NA,23.422924901,7674,Melfa,1,11859,1331733,0.6679841897,0.6287128713,PS,0,0,2,Eastern Shore Community College,www.es.vccs.edu/,32418,0,00374800,0,0,0,0.0412,0.3663,0.4375,1,NA,NA,1,VA,433,0.3557,0.6443,0.037,0.0046,0.0069,0.3233,0.1986,0.0023,0.0277,0.0346,0.3649,2025-11-17
1,19.836225597,5755,Ferrum,2,54506,58232586,0.3958785249,0.3884892086,27000,0,0,1,Ferrum College,www.ferrum.edu/,44296,0,00371100,0.1613,0,0,0.1237,0.4651,1,3,71,990,3,VA,745,0.6201,0.3799,0.0497,0.0013,0.0054,0.2148,0.0698,0,0.0121,0.1678,0.4792,2025-11-17
0.8883,22.57979111,13809,Fairfax,1,26972,142352154,0.557201846,0.2998785917,19500,0,0,1,George Mason University,https://www.gmu.edu/,76343,0,00374900,0.0185,0.0491,0.0088,0.1882,0.2951,0.529,3,NA,1247,3,VA,27083,0.51,0.49,0.0561,0.0011,0.2357,0.1234,0.1744,9e-4,0.0473,0.0316,0.3295,2025-11-17
NA,24.350908285,8204,Locust Grove,1,12278,4323252,0.6220646876,0.4231354642,8400,0,0,2,Germanna Community College,www.germanna.edu/,39644,0,00866000,0,0.022,0,0.0534,0.2512,0.3344,2,NA,NA,1,VA,5469,0.3637,0.6363,0.0653,0.0027,0.043,0.1867,0.1781,0.0015,0.0073,0.0314,0.484,2025-11-17
0.5013,19.510204082,8837,Hampden-Sydney,2,67129,242130846,PS,PS,26000,0,0,1,Hampden-Sydney College,www.hsc.edu/,67640,0,00371300,0,0.02,0.0133,0.22,0.22,0.8774,3,NA,1168,3,VA,876,0.9989,0.0011,0.0491,0.0011,0.008,0.0822,0.0639,0.0011,0.0057,0.0103,0.7785,2025-11-17
0.4827,20.216642755,7970,Hampton,2,45968,350863695,0.6915351506,0.1975116641,25442,1,0,1,Hampton University,www.hamptonu.edu/,59159,0,00371400,0.0262,0.0411,0.0019,0.2056,0.3806,1,3,NA,1062,3,VA,3254,0.323,0.677,0,0.0015,6e-4,0.9757,0.0046,3e-4,0.012,0.0015,0.0037,2025-11-17
0.7086,20.286432161,7218,Roanoke,2,57481,214659371,PS,0.2582417582,27000,0,0,1,Hollins University,www.hollins.edu/,40075,0,00371500,0,0,0.0458,0.0327,0.3314,0.6797,3,NA,1256,3,VA,673,0,1,0.049,0.003,0.0208,0.1486,0.1025,0.0015,0.0624,0.0074,0.6048,2025-11-17
NA,26.353992849,7804,Richmond,1,11919,14332507,0.6150178784,0.4503195816,10500,0,0,2,J Sargeant Reynolds Community College,www.reynolds.edu/,39529,0,00375900,0,0.0133,0,0.1494,0.3004,0.288,2,NA,NA,2,VA,5284,0.3908,0.6092,0.0484,0.0032,0.0659,0.31,0.1026,0.0025,0.0335,0.0238,0.4101,2025-11-17
0.7625,20.158063301,10428,Harrisonburg,1,30213,123393340,0.6132253203,0.2083089526,20093,0,0,1,James Madison University,www.jmu.edu/index.shtml,69954,0,00372100,0.0372,0.0148,0.0094,0.1422,0.1683,0.8047,3,NA,1247,3,VA,20497,0.4307,0.5693,0.0513,0.0012,0.0494,0.0447,0.0787,0.0013,0.0071,0.0208,0.7455,2025-11-17
NA,25.175243394,8006,Chester,1,11686,6873080,0.6336578581,0.4151495449,9500,0,0,2,Brightpoint Community College,https://www.brightpoint.edu/,41223,0,00400400,0.0174,0.0228,0,0.0792,0.2138,0.3162,2,NA,NA,2,VA,5548,0.425,0.575,0.0506,0.0036,0.036,0.2385,0.1518,9e-4,0.0119,0.0296,0.4771,2025-11-17
0.9932,30.939533995,8042,Lynchburg,2,41707,2169446963,0.6439648587,0.4239865593,24500,0,0,1,Liberty University,https://www.liberty.edu/,44813,0,02053000,0.0734,0.0072,0.0051,0.1821,0.3908,0.1555,3,102,NA,3,VA,50059,0.4457,0.5543,0.0414,0.004,0.0173,0.0983,0.0744,0.0023,0.0085,0.1777,0.576,2025-11-17
0.848,20.273056058,8727,Farmville,1,32870,104979588,0.6877637131,0.2788768347,25000,0,0,1,Longwood University,www.longwood.edu/,52347,0,00371900,0.1131,0,0.0112,0.1522,0.26,1,3,NA,1117,3,VA,2957,0.303,0.697,0.0524,0.0017,0.0162,0.1038,0.0727,3e-4,0.0169,0.0189,0.7169,2025-11-17
NA,24.558333333,7758,Middletown,1,11552,8830314,0.6533333333,0.5097545626,9750,0,0,2,Laurel Ridge Community College,https://www.laurelridge.edu/,41000,0,00865900,0,0.0068,0,0.0467,0.1788,0.2472,2,NA,NA,1,VA,3167,0.353,0.647,0.0445,0.0038,0.0221,0.0619,0.1696,3e-4,0.0155,0.0388,0.6435,2025-11-17
0.8219,20.238493724,8232,Lynchburg,2,48300,142176447,0.6171548117,0.3015184382,27000,0,0,1,University of Lynchburg,www.lynchburg.edu/,56380,0,00372000,0.0548,0,0.0288,0.147,0.2731,0.7269,3,61,1100,3,VA,1599,0.3809,0.6191,0.0463,0.0025,0.0163,0.0932,0.0744,0.0019,0.0694,0.1069,0.5891,2025-11-17
1,28.595628415,7662,Lynchburg,2,31771,204534,0.9234972678,0.5602409639,15250,0,0,1,Centra College,https://www.centrahealth.com/college,60122,0,02175800,0,0,0,0,0.4367,0.4815,2,NA,NA,2,VA,212,0.1132,0.8868,0.066,0,0.0142,0.1321,0.0236,0,0,0.0943,0.6698,2025-11-17
NA,25.017218543,7996,Staunton,2,44435,33702836,0.9311258278,0.4,26586,0,0,1,Mary Baldwin University,https://www.marybaldwin.edu/,44427,0,00372300,0.043,0,0.0132,0.1887,0.4833,0.3094,3,66,NA,3,VA,1188,0.2416,0.7584,0.0564,0.0025,0.0168,0.2626,0.0842,8e-4,0.0101,0.0699,0.4966,2025-11-17
0.8626,21.514303878,9548,Fredericksburg,1,29234,60429775,0.6853146853,0.2479892761,20500,0,0,1,University of Mary Washington,https://www.umw.edu/,60613,0,00374600,0.0176,0,0.0165,0.1541,0.2024,0.6957,3,NA,1241,3,VA,3504,0.3716,0.6284,0.0519,0.0017,0.0479,0.0799,0.1333,0,0.0217,0.0659,0.5976,2025-11-17
0.8052,22.386811024,8517,Arlington,2,55748,49328676,0.7027559055,0.2982646421,25000,0,0,1,Marymount University,https://www.marymount.edu/,67516,0,00372400,0.0214,0,0.0043,0.1303,0.2211,0.4098,3,30,NA,3,VA,1795,0.3877,0.6123,0.0479,0,0.0719,0.1471,0.2641,0.0011,0.1192,0.0518,0.2969,2025-11-17
NA,24.097353497,7207,Big Stone Gap,1,14516,33912697,0.5633270321,0.5711206897,PS,0,0,2,Mountain Empire Community College,www.mecc.edu/,32622,0,00962900,0,0.0051,0,0.0408,0.4149,0.3729,1,NA,NA,1,VA,1240,0.3855,0.6145,0.0234,8e-4,0.0032,0.0226,0.0258,0,0,0.0056,0.9185,2025-11-17
NA,24.430582214,8475,Dublin,1,13477,20019766,0.5387076136,0.43281471,9000,0,0,2,New River Community College,www.nr.edu/,40025,0,00522300,0,0,0,0.0777,0.2085,0.3217,2,NA,NA,2,VA,1917,0.5055,0.4945,0.0339,0.0037,0.0115,0.0522,0.0496,0,0.0172,0.0282,0.8039,2025-11-17
NA,31.559566787,8848,Chesapeake,2,NA,NA,0.9133574007,0.368,19450,0,0,1,Sentara College of Health Sciences,www.sentara.edu/,77821,0,03106500,0,0,0,0,0.3449,0.5672,3,NA,NA,3,VA,239,0.0502,0.9498,0.0544,0,0.1088,0.1297,0.0711,0.0042,0,0.0084,0.6234,2025-11-17
0.8746,23.138953942,9520,Norfolk,1,26093,81543353,0.6717408275,0.3735213831,29000,1,0,1,Norfolk State University,www.nsu.edu/,44666,0,00376500,0.0179,0.0192,0.0026,0.1253,0.6219,0.6301,3,NA,980,3,VA,5495,0.3301,0.6699,0.0575,0.0015,0.002,0.8422,0.0508,0,0.0153,0.0109,0.0198,2025-11-17
NA,24.017157007,9529,Annandale,1,15821,10197476,0.5295088733,0.4111453334,11000,0,1,2,Northern Virginia Community College,https://www.nvcc.edu/,53557,0,00372700,0,0.0329,0,0.2181,0.1986,0.3703,2,NA,NA,2,VA,31737,0.4886,0.5114,0.0435,0.002,0.1505,0.1523,0.2947,0.0021,0.0512,0.0408,0.263,2025-11-17
0.9052,23.603998203,10154,Norfolk,1,27180,311896044,0.6019766397,0.3321371117,24000,0,0,1,Old Dominion University,www.odu.edu/,54914,0,00372800,0.0733,0.0593,0.0068,0.1381,0.3694,0.9509,3,NA,1190,3,VA,17521,0.4564,0.5436,0.0697,0.0021,0.0536,0.3225,0.1064,0.0027,0.0118,0.0178,0.4136,2025-11-17
NA,24.12993763,7579,Martinsville,1,11242,9944995,0.5831600832,0.5436081243,PS,0,0,2,Patrick & Henry Community College,www.patrickhenry.edu/,33323,0,00375100,0,0,0,0.04,0.4584,0.3282,2,NA,NA,1,VA,1411,0.4592,0.5408,0.0461,7e-4,0.0064,0.2459,0.1269,7e-4,0.0184,0.0227,0.5322,2025-11-17
NA,27.06466877,6802,Franklin,1,11678,670849,0.7082018927,0.495256167,6880,0,0,2,Paul D Camp Community College,www.pdc.edu/,36031,0,00915900,0,0,0,0.0207,0.2727,0.2143,1,NA,NA,1,VA,605,0.3421,0.6579,0.0248,0.0066,0.0066,0.4744,0.0413,0.0017,0.0033,0.0182,0.4231,2025-11-17
NA,24.932788945,7833,Charlottesville,1,12435,18716750,0.591080402,0.4461538462,8750,0,0,2,Piedmont Virginia Community College,www.pvcc.edu/,40752,0,00992800,0.0139,0.0329,0,0.0822,0.2539,0.348,2,NA,NA,1,VA,3032,0.3971,0.6029,0.0524,0.0033,0.0445,0.16,0.1247,0.0013,0.0122,0.0439,0.5577,2025-11-17
0.9064,20.578478759,9459,Radford,1,26681,64900486,0.5950139914,0.3143638851,24000,0,0,1,Radford University,https://www.radford.edu/,53739,0,00373200,0.0382,0,0.0057,0.1381,0.3537,0.6799,3,NA,1061,3,VA,5609,0.351,0.649,0.0533,0.0023,0.0164,0.1433,0.0838,9e-4,0.0082,0.0276,0.6641,2025-11-17
0.834,19.685575365,8736,Ashland,2,61174,203175738,0.546191248,0.2254237288,27000,0,0,1,Randolph-Macon College,https://www.rmc.edu/,58448,0,00373300,0,0.0243,0.0061,0.2188,0.202,0.6439,3,71,1148,3,VA,1489,0.4627,0.5373,0.0598,0.0013,0.0255,0.0873,0.0551,7e-4,0.0114,0.0141,0.7448,2025-11-17
0.9494,20.177966102,8278,Lynchburg,2,43838,188011000,0.7146892655,0.2626865672,26950,0,0,1,Randolph College,www.randolphcollege.edu/,53409,0,00373400,0.0543,0.0326,0.0109,0.0217,0.4059,1,3,NA,1109,3,VA,520,0.3981,0.6019,0.0346,0.0058,0.0269,0.2115,0.1077,0.0038,0.0385,0,0.5712,2025-11-17
NA,25.672433679,7769,Glenns,1,12149,14773310,0.7128027682,0.5078683834,PS,0,0,2,Rappahannock Community College,www.rappahannock.edu/,36121,0,00916000,0,0,0,0.0238,0.2489,0.2132,1,NA,NA,1,VA,1318,0.327,0.673,0.0615,0.0076,0.0114,0.22,0.0622,8e-4,0.0068,0.0235,0.6062,2025-11-17
0.7189,20.373033708,7694,South Prince George,1,19405,6964073,0.5898876404,0.4516129032,11000,0,0,2,Richard Bland College,www.rbc.edu/,41452,0,00370700,0,0,0,0,0.1437,0.4306,2,NA,NA,2,VA,799,0.4456,0.5544,0.0989,0.01,0.0075,0.3905,0.0613,0,0.035,0.0163,0.3805,2025-11-17
NA,29.302083333,8465,Richmond,2,NA,495506,0.90625,0.3620689655,26500,0,0,1,Bon Secours Memorial College of Nursing,https://www.bsmcon.edu/,77014,0,01004300,0,0,0,0,0.2058,0.7541,3,30,NA,3,VA,527,0.0892,0.9108,0.0361,0.0076,0.0626,0.2543,0.0095,0,0,0,0.63,2025-11-17
0.2331,20.751515152,13886,University of Richmond,2,77290,3153393000,0.5490909091,0.1226295828,21000,0,0,1,University of Richmond,https://www.richmond.edu/,76178,0,00374400,0.0024,0,0.0182,0.4392,0.1755,0.7138,3,NA,1474,3,VA,3002,0.46,0.54,0.0436,0.001,0.0613,0.0626,0.1009,3e-4,0.1066,0.0133,0.6103,2025-11-17
0.1667,28.57037037,8249,Newport News,2,29743,NA,PS,0.344,14787,0,0,1,Riverside College of Health Careers,https://www.riversideonline.com/careers/college-of-health-careers,66072,0,02140000,0,0,0,0,0.4792,0.75,2,NA,NA,1,VA,325,0.0892,0.9108,0.0769,0.0031,0.0338,0.2585,0.0585,0.0031,0,0.0031,0.5631,2025-11-17
0.8007,19.866828087,7553,Salem,2,54059,159678868,0.5968523002,0.206590621,27000,0,0,1,Roanoke College,https://www.roanoke.edu/,58047,0,00373600,0.0673,0,0.0264,0.1731,0.2432,0.8394,3,39,1193,3,VA,1801,0.4564,0.5436,0.0383,0.0033,0.0183,0.0639,0.0655,0.0011,0.0361,0,0.7735,2025-11-17
0.7784,21.783905967,8377,Winchester,2,50500,71885957,0.6084990958,0.2771317829,25000,0,0,1,Shenandoah University,www.su.edu/,58433,0,00373700,0.0385,0,0.0122,0.1217,0.1865,0.58,3,71,NA,3,VA,2127,0.4335,0.5665,0.0324,0.0108,0.0306,0.0874,0.1086,0.0038,0.0028,0.1208,0.6027,2025-11-17
0.9964,20.919661734,6519,Buena Vista,2,33066,1665438,0.511627907,0.1714285714,24224,0,0,1,Southern Virginia University,https://svu.edu/,50002,0,00373800,0,0,0.0196,0.2108,0.4329,1,3,NA,1099,3,VA,967,0.516,0.484,0.0527,0.0052,0.0083,0.0527,0.0693,0.031,0.0196,0.001,0.7601,2025-11-17
NA,24.379826635,7510,Alberta,1,13401,3550220,0.6398739165,0.5234962406,PS,0,0,2,Southside Virginia Community College,https://www.southside.edu/,32371,0,00866100,0,0,0,0.0316,0.3419,0.2981,1,NA,NA,1,VA,1835,0.3341,0.6659,0.036,0.0022,0.0071,0.4158,0.0501,5e-4,0.0054,0.0196,0.4632,2025-11-17
NA,24.431491294,6985,Cedar Bluff,1,15885,3133055,0.5616956851,0.5296198055,PS,0,0,2,Southwest Virginia Community College,sw.edu/,34221,0,00726000,0,0,0,0.0515,0.4508,0.3873,1,NA,NA,2,VA,1600,0.3581,0.6419,0.0231,0.0031,0.0044,0.0313,0.0188,0,0.0094,0.0081,0.9019,2025-11-17
0.7174,20.503546099,7149,Sweet Briar,2,41832,68209620,PS,0.232,27000,0,0,1,Sweet Briar College,www.sbc.edu/,51943,0,00374200,0.0694,0.0833,0.0139,0.1528,0.3129,0.75,3,NA,1227,3,VA,463,0,1,0.0086,0.0108,0.0281,0.0907,0.0475,0.0022,0.095,0.0367,0.6803,2025-11-17
NA,25.891144323,8723,Hampton,1,12945,7404026,0.6165514165,0.3903576983,9500,0,0,2,Virginia Peninsula Community College,https://vpcc.edu/,37996,0,00687100,0,0.0196,0,0.1197,0.2876,0.2642,2,NA,NA,2,VA,3901,0.424,0.576,0.0774,0.0038,0.0349,0.2953,0.1187,0.0031,0.0064,0.0302,0.4301,2025-11-17
NA,26.206298351,7881,Norfolk,1,15291,3279580,0.5993592248,0.415897866,10000,0,0,2,Tidewater Community College,www.tcc.edu/,38349,0,00371200,0.0173,0.0156,0,0.1106,0.2905,0.3294,2,NA,NA,2,VA,11797,0.4136,0.5864,0.0702,0.004,0.0484,0.3107,0.1208,0.0042,0.0092,0.024,0.4085,2025-11-17
0.9392,22.425948592,9140,Wise,1,24315,159077648,0.4957160343,0.3679369251,16750,0,0,1,University of Virginia's College at Wise,https://www.uvawise.edu/,45325,0,00374700,0,0,0.0092,0.1705,0.3298,1,3,NA,1104,3,VA,1214,0.4127,0.5873,0.0107,0.0016,0.0181,0.0931,0.0132,0,0,0.3608,0.5025,2025-11-17
NA,24.798850575,7562,Abingdon,1,11985,2493590,0.6034482759,0.5,PS,0,0,2,Virginia Highlands Community College,www.vhcc.edu/,32681,0,00709900,0,0,0,0.0369,0.4197,0.3016,1,NA,NA,1,VA,1335,0.3573,0.6427,0.0255,0.0022,0.006,0.0315,0.0375,7e-4,7e-4,0.0097,0.8861,2025-11-17
0.5703,19.822727976,13512,Blacksburg,1,32040,1675200000,0.4649326521,0.1776347546,21500,0,0,1,Virginia Polytechnic Institute and State University,www.vt.edu/,81698,0,00375400,0,0.2197,0.0115,0.2175,0.1501,0.98740000000000006,3,NA,1337,3,VA,30435,0.5717,0.4283,0.055,0.001,0.1276,0.0616,0.1031,9e-4,0.0438,0.0252,0.5818,2025-11-17
NA,24.146254459,8005,Roanoke,1,11892,23304485,0.5826397146,0.4424214838,11000,0,0,2,Virginia Western Community College,https://www.virginiawestern.edu/,38787,0,00376000,0,0.0229,0,0.1268,0.2974,0.3053,2,NA,NA,2,VA,3777,0.4125,0.5875,0.0537,0.0029,0.0349,0.1337,0.0781,0.0013,0.0106,0.0212,0.6635,2025-11-17
0.9306,21.298947612,11878,Richmond,1,34346,2408531845,0.6243783971,0.2760338814,21500,0,0,1,Virginia Commonwealth University,https://www.vcu.edu/,58128,0,00373500,0.0782,0.0479,0.0048,0.1219,0.2971,0.6399,3,NA,1168,3,VA,20797,0.3637,0.6363,0.0803,0.0025,0.142,0.2165,0.1166,0.0014,0.0175,0.0174,0.4058,2025-11-17
0.1686,20.344480519,16881,Charlottesville,1,38132,9703267510,0.5454545455,0.1580020387,17500,0,0,1,University of Virginia-Main Campus,https://www.virginia.edu/,86863,0,00374500,0.0075,0.0918,0.0196,0.0848,0.1371,0.9579,3,NA,1488,3,VA,17315,0.4342,0.5658,0.0579,0.0013,0.1912,0.0757,0.0736,5e-4,0.0459,0.0494,0.5045,2025-11-17
0.8173,19.459302326,8676,Lexington,1,33738,661475133,0.1434108527,0.1524752475,22996,0,0,1,Virginia Military Institute,www.vmi.edu/,77369,0,00375300,0,0.2075,0.0173,0,0.1647,1,3,NA,1183,3,VA,1560,0.8692,0.1308,0.0391,0.0038,0.05,0.0712,0.0936,0.0071,0.0154,0.0026,0.7173,2025-11-17
NA,21.720221607,3733,Lynchburg,2,25548,2789133,0.2132963989,0.5202702703,24250,1,0,1,Virginia University of Lynchburg,www.vul.edu/,28396,0,00376200,0,0,0,0.4,0.7853,0.2273,3,54,NA,2,VA,170,0.9,0.1,0,0,0,0.9059,0.0059,0,0,0.0824,0.0059,2025-11-17
0.891,20.702235344,9216,Petersburg,1,24173,78114593,0.5609447491,0.3416387159,26500,1,0,1,Virginia State University,www.vsu.edu/,45543,0,00376400,0.0694,0.0226,0.0226,0.1903,0.71,0.6447,3,NA,917,3,VA,4787,0.4042,0.5958,0,0.0025,0.0031,0.9294,2e-4,0,0.0063,0.0328,0.0257,2025-11-17
0.9773,20.036548223,5649,Richmond,2,34960,28957923,0.5431472081,0.4080882353,29000,1,0,1,Virginia Union University,www.vuu.edu/,38275,0,00376600,0.0781,0,0.0156,0.1953,0.5064,0.9839,3,54,860,3,VA,1153,0.4788,0.5212,0.0338,0.0017,0,0.889,0.0243,0.0052,0.0104,0.0243,0.0113,2025-11-17
0.7129,21.747211896,8431,Virginia Beach,2,51192,115895125,0.6270136307,0.3087248322,27000,0,0,1,Virginia Wesleyan University,https://www.vwu.edu/,50074,0,00376700,0.0356,0,0.0356,0.1621,0.2617,0.7293,3,71,1281,3,VA,1243,0.4377,0.5623,0.0603,0.0177,0.0257,0.2277,0.103,0,0.0314,0.033,0.5012,2025-11-17
0.1736,19.404929577,13879,Lexington,2,82990,1998334000,0.4401408451,PS,19500,0,0,1,Washington and Lee University,www.wlu.edu/,94810,0,00376800,0,0.0353,0.0221,0.2892,0.1109,0.8811,3,NA,1504,3,VA,1884,0.4857,0.5143,0.0451,0.0016,0.043,0.0441,0.0844,0.0016,0.0706,0.009,0.7006,2025-11-17
NA,23.778937381,7566,Wytheville,1,11952,7839407,0.6299810247,0.4707207207,7500,0,0,2,Wytheville Community College,www.wcc.vccs.edu/,34303,0,00376100,0,0,0,0.0343,0.3247,0.3019,2,NA,NA,1,VA,1229,0.3035,0.6965,0.022,0.0024,0.0065,0.0358,0.0618,0,8e-4,0.009,0.8617,2025-11-17
NA,25.995650455,10919,Bellevue,1,19798,13438887,0.5591142744,0.4112149533,12375,0,0,1,Bellevue College,https://bellevuecollege.edu/,56310,0,00376900,0.0238,0.0057,0,0.1313,0.0977,0.29,2,NA,NA,2,WA,6901,0.4446,0.5554,0.0794,0.0014,0.1969,0.053,0.1336,0.0016,0.1069,0.1035,0.3236,2025-11-17
NA,28.854491463,9750,Bellingham,1,14885,3975180,0.4825538233,0.405451448,17459,0,0,1,Bellingham Technical College,https://www.btc.edu/,49748,0,00499900,0,0,0,0.0925,0.3113,0.9859,2,NA,NA,1,WA,1523,0.4734,0.5266,0.0716,0.0085,0.0552,0.0151,0.1733,0.0013,7e-4,0.086,0.5883,2025-11-17
NA,24.594068582,9470,Moses Lake,1,19691,2853143,0.5634847081,0.5256723716,9166,0,1,1,Big Bend Community College,https://www.bigbend.edu/,43814,0,00377000,0.1813,0,0,0.0775,0.2944,0.9821,2,NA,NA,2,WA,1281,0.4239,0.5761,0.0351,0.0023,0.0078,0.0148,0.4926,8e-4,0,0.064,0.3825,2025-11-17
0.9022,23.442911418,9704,Ellensburg,1,25148,47545176,0.5458908218,0.4004042219,19500,0,0,1,Central Washington University,www.cwu.edu/,61580,0,00377100,0.1482,0,0.0048,0.1723,0.3114,0.663,3,NA,NA,3,WA,8081,0.4702,0.5298,0.0797,0.0057,0.0408,0.0501,0.2175,0.0085,0.0243,0.0165,0.5569,2025-11-17
NA,27.534679543,8759,Centralia,1,17550,13143501,0.5987708516,0.4661016949,PS,0,0,1,Centralia College,www.centralia.edu/,43140,0,00377200,0.0548,0,0,0.1272,0.209,1,2,NA,NA,1,WA,1476,0.4275,0.5725,0.0745,0.0102,0.0149,0.0325,0.1944,0.0034,0.0014,0.0745,0.5942,2025-11-17
NA,31.946202532,7809,Seattle,2,35049,594672,0.6012658228,0.409252669,25000,0,0,1,City University of Seattle,www.cityu.edu/,69460,0,01302200,0.101,0,0,0.5962,0.1284,0.0797,3,NA,NA,3,WA,1091,0.44,0.56,0.0266,0,0.0577,0.0651,0.1201,0.0064,0.0229,0.4931,0.2081,2025-11-17
NA,26.160852713,10634,Vancouver,1,17485,74020131,0.5683831672,0.4245954693,10881,0,0,1,Clark College,https://www.clark.edu/,42356,0,00377300,0.0115,0.0115,0,0.1337,0.2211,0.9788,2,NA,NA,2,WA,4699,0.3946,0.6054,0.0745,0.0047,0.0534,0.034,0.1892,0.0045,0.0089,0.0809,0.54990000000000006,2025-11-17
NA,30.253446448,8056,Lakewood,1,13974,1921091,0.6108165429,0.4594771242,12112,0,0,1,Clover Park Technical College,www.cptc.edu/,41787,0,00575200,0.0353,0,0,0.0501,0.1797,0.9829,2,NA,NA,1,WA,2417,0.3724,0.6276,0.103,0.0058,0.0625,0.1365,0.156,0.0108,0.0037,0.1349,0.3868,2025-11-17
NA,24.600965759,8726,Pasco,1,17357,21955172,0.6027216857,0.5005903188,14829,0,0,1,Columbia Basin College,www.columbiabasin.edu/,46680,0,00377400,0.1051,0,0,0.1242,0.2406,0.9735,2,NA,NA,2,WA,4226,0.3855,0.6145,0.0409,0.0028,0.0232,0.0137,0.5166,9e-4,0.0021,0.0599,0.3398,2025-11-17
0.9177,22.911190053,9945,Cheney,1,22772,38392357,0.575044405,0.3623188406,19500,0,0,1,Eastern Washington University,www.ewu.edu/,57897,0,00377500,0.1014,0.0309,0.0035,0.1608,0.3451,0.6429,3,NA,NA,3,WA,6517,0.4382,0.5618,0.0658,0.013,0.0235,0.0443,0.1947,0.0057,0.0049,0.0513,0.5967,2025-11-17
NA,28.837431009,9697,Lynnwood,1,20380,3269110,0.5905669844,0.4378378378,11855,0,0,1,Edmonds College,www.edmonds.edu/,48144,0,00500100,0.0193,0.0037,0,0.2094,0.1457,0.9328,2,NA,NA,1,WA,3354,0.4454,0.5546,0.071,0.0045,0.1437,0.0894,0.1422,0.0021,0.1088,0.1038,0.3345,2025-11-17
NA,28.045538178,8994,Everett,1,19569,4663403,0.6715731371,0.4654703643,10417,0,0,1,Everett Community College,www.everettcc.edu/,45434,0,00377600,0.06,0.0135,0,0.0811,0.1574,0.9926,2,NA,NA,2,WA,4378,0.4246,0.5754,0.0745,0.0046,0.0937,0.0439,0.191,0.0043,0.032,0.1046,0.4516,2025-11-17
0.9723,26.556996218,9136,Olympia,1,25934,21464164,0.6072393301,0.3009009009,20500,0,0,1,The Evergreen State College,https://www.evergreen.edu/,45320,0,00815500,0,0,0,0.0383,0.4108,0.7037,3,NA,1161,3,WA,2042,0.381,0.619,0.0872,0.0333,0.0196,0.0622,0.1518,0.0034,0,0.0695,0.573,2025-11-17
NA,27.203803132,8961,Lakewood,1,17048,4910563,0.648098434,0.4532317394,12000,0,0,1,Pierce College District,www.pierce.ctc.edu/,47532,0,00500000,0.045,0,0,0.1228,0.2019,0.9463,2,NA,NA,2,WA,4487,0.3599,0.6401,0.1128,0.0065,0.0809,0.1043,0.2006,0.0143,0.0294,0.0767,0.3746,2025-11-17
0.7596,19.832310838,10610,Spokane,2,69290,439480000,0.5262440354,0.1331010453,24454,0,0,1,Gonzaga University,https://www.gonzaga.edu/,78892,0,00377800,0.0246,0.0986,0.0144,0.2659,0.1326,0.5576,3,30,1316,3,WA,5098,0.467,0.533,0.0806,0.0047,0.0671,0.0124,0.1326,0.0031,0.0506,0.0151,0.6338,2025-11-17
NA,26.972380952,8612,Aberdeen,1,13677,13001696,0.5552380952,0.5112960761,11075,0,0,1,Grays Harbor College,www.ghc.edu/,40865,0,00377900,0.0738,0,0,0.1193,0.2814,0.9683,2,NA,NA,1,WA,1058,0.4168,0.5832,0.0737,0.0255,0.0236,0.0359,0.2146,0.0019,9e-4,0.0822,0.5416,2025-11-17
NA,26.754176611,9773,Auburn,1,20074,21876480,0.5222752586,0.4482589505,11891,0,0,1,Green River College,https://www.greenriver.edu/,50712,0,00378000,0.0319,0.007,0,0.1289,0.1943,0.9786,2,NA,NA,2,WA,4573,0.4935,0.5065,0.0768,0.0061,0.1327,0.0921,0.1594,0.0061,0.1472,0.1061,0.2736,2025-11-17
NA,24.383073497,8007,Toppenish,2,29632,31167146,0.7416481069,0.6344827586,14573,0,1,1,Heritage University,www.heritage.edu/,49416,1,00377700,0.2067,0,0.0096,0.0673,0.6269,0.29,3,NA,NA,3,WA,782,0.2251,0.7749,0.0153,0.1368,0.0141,0.0064,0.7276,0,0.0038,0.0141,0.0818,2025-11-17
NA,26.563106796,10187,Des Moines,1,19642,NA,0.6058252427,0.4987046632,9500,0,0,1,Highline College,www.highline.edu/,47869,0,00378100,0.1076,0.0027,0,0.1447,0.1712,0.9632,2,NA,NA,2,WA,3487,0.3631,0.6369,0.0705,0.0049,0.1672,0.1919,0.1982,0.0098,0.0714,0.1041,0.1821,2025-11-17
NA,31.674012856,7943,Tacoma,1,15805,3004373,0.3884297521,0.4944196429,PS,0,0,2,Bates Technical College,https://www.batestech.edu/,50051,0,00530600,0.1165,0,0,0.0153,0.089,0.9518,1,NA,NA,1,WA,1613,0.6293,0.3707,0.0918,0.0068,0.0508,0.1141,0.173,0.0099,0.0037,0.1767,0.3732,2025-11-17
NA,29.924130664,9325,Kirkland,1,15351,479871,0.5479452055,0.4133165829,15047,0,0,1,Lake Washington Institute of Technology,https://www.lwtech.edu/,50669,0,00537300,0.2207,0.0058,0,0.1033,0.1197,0.9778,1,NA,NA,1,WA,2179,0.4006,0.5994,0.0679,0.0046,0.1152,0.0574,0.1744,0.0018,0.0776,0.0991,0.402,2025-11-17
NA,28.022792023,9483,Longview,1,16748,16615693,0.6196581197,0.4661525278,10506,0,0,1,Lower Columbia College,https://lowercolumbia.edu/,40691,0,00378200,0.1045,0.0034,0,0.0771,0.3113,0.9359,2,NA,NA,2,WA,1743,0.2811,0.7189,0.078,0.0103,0.0184,0.0258,0.1423,0.0046,0.0126,0.0505,0.6575,2025-11-17
NA,29.903202329,10108,Seattle,1,16377,6057578,0.5414847162,0.3994732221,15458,0,0,1,North Seattle College,www.northseattle.edu/,47728,0,00970400,0.4292,0,0,0.1295,0.1365,1,1,NA,NA,1,WA,2792,0.3994,0.6006,0.0824,0.0032,0.1035,0.1261,0.1999,0.0032,0.0398,0.1157,0.3263,2025-11-17
0.8805,25.218220339,7786,Kirkland,2,48442,11177000,0.6165254237,0.3636363636,20891,0,0,1,Northwest University,www.northwestu.edu/,54914,0,00378300,0.0777,0,0,0.1451,0.2306,0.3161,3,27,1204,3,WA,642,0.3832,0.6168,0.081,0,0.0467,0.0639,0.1324,0.0016,0.0374,0.0202,0.6168,2025-11-17
NA,28.367901235,9454,Bremerton,1,15380,18906415,0.6009876543,0.4201973302,12000,0,0,1,Olympic College,www.olympic.edu/,43169,0,00378400,0.0566,0.0067,0,0.0841,0.1645,0.9722,2,NA,NA,2,WA,3263,0.422,0.578,0.1125,0.0101,0.0693,0.0359,0.1321,0.0104,0.0132,0.1569,0.4597,2025-11-17
NA,24.814946619,6658,Yakima,2,NA,6996882,0.206405694,0.5605815832,14139,0,1,2,Perry Technical Institute,www.perrytech.edu/,57764,0,00938700,0,0,0,0.0495,0.4931,0.9104,1,NA,NA,1,WA,973,0.816,0.184,0.0216,0.0195,0.0082,0.0082,0.5961,0.0062,0.0206,0.0103,0.3094,2025-11-17
0.8053,21.398954704,8856,Tacoma,2,62921,123140000,0.6463414634,0.2958139535,22578,0,0,1,Pacific Lutheran University,www.plu.edu/,66990,0,00378500,0.0375,0,0.0163,0.1142,0.3277,0.6495,3,39,1152,3,WA,2350,0.3621,0.6379,0.1128,0.0085,0.1136,0.0489,0.1877,0.0243,0.0362,0.0089,0.4591,2025-11-17
NA,28.724489796,7510,Port Angeles,1,13974,4884241,0.5459183673,0.443597561,15786,0,0,1,Peninsula College,www.pencol.edu/,37078,0,00378600,0.0448,0,0,0.1151,0.3076,0.3618,2,NA,NA,1,WA,1139,0.3828,0.6172,0.1071,0.043,0.0158,0.0378,0.1361,0.0018,0.0334,0.101,0.5241,2025-11-17
0.7628,20.360613811,11473,Tacoma,2,75509,427977000,0.6393861893,0.1231788079,25000,0,0,1,University of Puget Sound,https://www.pugetsound.edu/,69594,0,00379700,0,0,0.0148,0.1335,0.1671,0.7519,3,NA,1332,3,WA,1631,0.4335,0.5665,0.0895,0.0055,0.0644,0.0319,0.1036,0.0031,0.0055,0.0221,0.6744,2025-11-17
NA,29.260904685,9727,Renton,1,15067,1950987,0.5815831987,0.52,7920,0,0,1,Renton Technical College,www.rtc.edu/,49782,0,01043400,0.1778,0,0,0.0736,0.18,0.9634,1,NA,NA,1,WA,1539,0.4997,0.5003,0.0741,0.0026,0.193,0.1793,0.2001,0.0078,0.0052,0.1202,0.2177,2025-11-17
0.7593,23.835355286,7572,Lacey,2,56353,35994329,0.5875216638,0.340952381,22500,0,1,1,Saint Martin's University,https://www.stmartin.edu/,62092,0,00379400,0.0648,0.0648,0.0065,0.1015,0.3978,0.4977,3,30,1057,3,WA,1254,0.4131,0.5869,0.1204,0.0088,0.1021,0.075,0.244,0.0502,0.0159,0.0064,0.3772,2025-11-17
NA,26.590113285,8059,Seattle,1,15497,7106044,0.4665293512,0.4848066298,PS,0,0,1,South Seattle College,southseattle.edu/,44486,0,00970600,0,0,0,0.1203,0.0981,0.973,2,NA,NA,2,WA,1495,0.5712,0.4288,0.0676,0.0067,0.1666,0.1813,0.1839,0.0067,0.0408,0.0943,0.2522,2025-11-17
NA,28.040018832,10512,Seattle,1,15104,7980908,0.5536723164,0.4375757576,12000,0,0,1,Seattle Central College,seattlecentral.edu/,43307,0,00378700,0.0088,0,0,0.0588,0.2147,0.993,2,NA,NA,2,WA,3879,0.438,0.562,0.0742,0.0028,0.1549,0.1694,0.1356,0.0034,0.1026,0.0995,0.2575,2025-11-17
0.9109,20.802005013,9324,Seattle,2,53986,157684000,0.6959064327,0.2286995516,24000,0,0,1,Seattle Pacific University,https://spu.edu/,64506,0,00378800,0.0633,0.0543,0.0166,0.1207,0.3318,0.5094,3,64,1191,3,WA,2073,0.3314,0.6686,0.0984,0.0024,0.1616,0.0815,0.1852,0.0068,0.0603,0.0265,0.3772,2025-11-17
0.7605,21.606892523,10543,Seattle,2,68633,284644864,0.6507009346,0.1940298507,19883,0,0,1,Seattle University,www.seattleu.edu/,75272,0,00379000,0,0.0601,0.0113,0.1733,0.2161,0.6726,3,30,1266,3,WA,4117,0.393,0.607,0.102,0.0019,0.2684,0.0651,0.1535,0.0097,0.077,0.0092,0.3131,2025-11-17
NA,27.626233314,7974,Shoreline,1,18499,3702617,0.5542658154,0.4009530293,12021,0,0,2,Shoreline Community College,www.shoreline.edu/,52009,0,00379100,0.0018,0.0027,0,0.1081,0.1256,0.9756,2,NA,NA,1,WA,3109,0.4226,0.5774,0.0737,0.0064,0.1328,0.0801,0.1293,0.0019,0.1373,0.1039,0.3345,2025-11-17
NA,27.676293622,9481,Mount Vernon,1,14326,15677348,0.6227436823,0.4403470716,13805,0,1,1,Skagit Valley College,www.skagit.edu/,43505,0,00379200,0.1049,0,0,0.0614,0.2819,1,2,NA,NA,2,WA,2581,0.4262,0.5738,0.0682,0.0093,0.0391,0.0213,0.2859,0.0019,0.0093,0.1085,0.4564,2025-11-17
NA,27.74047619,8242,Olympia,1,17864,11356330,0.5980952381,0.4268774704,11000,0,0,2,South Puget Sound Community College,www.spscc.edu/,45039,0,00537200,0.0733,0,0,0.1008,0.2291,0.9423,2,NA,NA,2,WA,2692,0.4153,0.5847,0.0958,0.0067,0.0676,0.0423,0.1768,0.0074,0.0234,0.0999,0.4799,2025-11-17
NA,27.866393443,9377,Spokane,1,14083,9564738,0.5628415301,0.4042553191,13501,0,0,1,Spokane Community College,https://scc.spokane.edu/,41984,0,00379300,0,5e-4,0,0.0817,0.2775,1,2,NA,NA,2,WA,4114,0.3911,0.6089,0.0717,0.0151,0.0255,0.0365,0.123,0.0041,0.0114,0.0865,0.6262,2025-11-17
NA,25.658544109,9242,Spokane,1,14536,3770759,0.5684762492,0.361754386,12000,0,0,1,Spokane Falls Community College,https://sfcc.spokane.edu/,38955,0,00954400,0.2254,0.0079,0,0.0711,0.2909,1,2,NA,NA,2,WA,2881,0.4141,0.5859,0.083,0.0139,0.0219,0.0351,0.1191,0.0052,0.0142,0.0809,0.6269,2025-11-17
NA,27.709903917,9446,Tacoma,1,16197,5550247,0.6433850702,0.450525394,13000,0,0,1,Tacoma Community College,https://www.tacomacc.edu/,47168,0,00379600,0.0409,0.0158,0,0.2209,0.2432,0.9603,2,NA,NA,2,WA,4248,0.3416,0.6584,0.1304,0.0075,0.0855,0.1012,0.1817,0.012,0.0374,0.1052,0.339,2025-11-17
NA,25.865892972,8887,Walla Walla,1,17580,547419,0.55448098,0.4568181818,14000,0,1,1,Walla Walla Community College,https://www.wwcc.edu/,43526,0,00500600,0.0809,0,0,0.1594,0.2896,1,2,NA,NA,1,WA,2372,0.5185,0.4815,0.0485,0.0122,0.0152,0.0607,0.301,0.003,0.0038,0.0675,0.4882,2025-11-17
NA,20.876119403,5879,College Place,2,44075,36736853,0.5194029851,0.1661442006,26842,0,1,1,Walla Walla University,https://www.wallawalla.edu/,61885,0,00379900,0.0465,0.1111,0.0078,0.1964,0.2515,1,3,95,NA,3,WA,1214,0.5181,0.4819,0.0947,0.0016,0.0552,0.0346,0.2339,0.0099,0.0807,0.0099,0.4794,2025-11-17
0.8536,22.69739777,10999,Pullman,1,27176,1196529000,0.5742963356,0.3408797654,19500,0,0,1,Washington State University,https://wsu.edu/,68905,0,00380000,0.0386,0.08,0.009,0.1846,0.2559,0.8449,3,NA,NA,3,WA,21583,0.4703,0.5297,0.0778,0.0057,0.0688,0.0291,0.1748,0.0064,0.0279,0.0202,0.5893,2025-11-17
0.4253,22.528038637,14660,Seattle,1,30282,4503322446,0.5746355424,0.3272745332,14615,0,0,1,University of Washington-Seattle Campus,https://www.washington.edu/,78466,0,00379800,0.028,0.1014,0.0435,0.0866,0.1546,0.7991,3,NA,NA,3,WA,31588,0.4323,0.5677,0.0793,0.0029,0.2725,0.0393,0.0974,0.0031,0.127,0.0396,0.3389,2025-11-17
NA,24.89326268,10324,Wenatchee,1,20346,9922641,0.5768357305,0.5275275275,10332,0,1,1,Wenatchee Valley College,www.wvc.edu/,41127,0,00380100,0.1194,0,0,0.0459,0.2705,1,2,NA,NA,2,WA,1762,0.3757,0.6243,0.0409,0.0204,0.0131,0.0108,0.4926,0,6e-4,0.0624,0.3593,2025-11-17
0.9131,21.651877883,11372,Bellingham,1,28305,95459335,0.6000439271,0.2668539326,18500,0,0,1,Western Washington University,wwu.edu/,62569,0,00380200,0.065,0.026,0.0118,0.1209,0.2076,0.691,3,NA,1235,3,WA,13574,0.4244,0.5756,0.0911,0.0036,0.058,0.0198,0.1098,0.0021,0.008,0.0136,0.6939,2025-11-17
NA,25.85690699,10165,Bellingham,1,18173,8658076,0.5811777655,0.4124365482,10643,0,0,1,Whatcom Community College,whatcom.edu/,44092,0,01036400,0.0719,0.0202,0,0.1953,0.1859,0.9783,2,NA,NA,2,WA,2280,0.4557,0.5443,0.0667,0.0101,0.0654,0.0171,0.1491,0.0018,0.0241,0.1311,0.5346,2025-11-17
0.4999,19.432343234,10562,Walla Walla,2,75042,683569141,0.6171617162,0.116838488,18437,0,0,1,Whitman College,www.whitman.edu/,67589,0,00380300,0,0.0141,0.0479,0,0.1467,0.913,3,NA,1365,3,WA,1523,0.4314,0.5686,0.0624,0.002,0.0545,0.0289,0.1169,0,0.1399,0.0158,0.5798,2025-11-17
0.8677,22.461398728,7998,Spokane,2,65711,183144050,0.646684832,0.242248062,25000,0,0,1,Whitworth University,www.whitworth.edu/,58561,0,00380400,0.0788,0,0.0473,0.1086,0.2799,1,3,103,1212,3,WA,1927,0.4458,0.5542,0.0996,0.0042,0.0379,0.0254,0.1235,0.0192,0.0493,0.0052,0.6357,2025-11-17
NA,24.460837887,8826,Yakima,1,19374,10750828,0.6475409836,0.555849306,13966,0,1,1,Yakima Valley College,https://www.yvcc.edu/,43499,0,00380500,0.1996,0,0,0.1115,0.3794,0.9851,2,NA,NA,2,WA,2539,0.3029,0.6971,0.0311,0.0114,0.0118,0.0067,0.6164,8e-4,0.0028,0.0579,0.2611,2025-11-17
0.9857,20.941860465,3349,Mount Hope,2,29451,1961665,0.5697674419,PS,11000,0,0,1,Appalachian Bible College,https://abc.edu/,37467,0,00754400,0,0,0,0,0.4091,0.6053,3,54,1068,3,WV,168,0.5774,0.4226,0,0,0,0.0298,0.006,0,0.0357,0.0119,0.9167,2025-11-17
0.6049,19.881612091,6307,Bethany,2,49137,50379522,0.2921914358,0.3387978142,27000,0,0,1,Bethany College,www.bethanywv.edu/,44512,0,00380800,0.1667,0,0.0196,0.10780000000000001,0.4097,1,3,61,NA,3,WV,642,0.595,0.405,0.0421,0.0016,0.0062,0.1807,0.0436,0.0016,0.0732,0.176,0.4751,2025-11-17
0.8722,24.338582677,7396,Bluefield,1,20747,4099523,0.6272965879,0.4924924925,18250,1,0,1,Bluefield State University,https://bluefieldstate.edu/,38217,0,00380900,0.047,0,0,0.0769,0.4075,0.6075,3,NA,998,3,WV,1231,0.3972,0.6028,0.0512,0,0.0024,0.1714,0.0406,0,0.0041,0.0081,0.7222,2025-11-17
0.6453,24.657772622,7016,Charleston,2,44031,55592721,0.5870069606,0.4312736444,19500,0,0,1,University of Charleston,www.ucwv.edu/,55774,0,00381800,0.0152,0,0,0.5125,0.2863,0.5261,3,NA,NA,3,WV,2083,0.6135,0.3865,0.0461,0.0014,0.012,0.0864,0.0807,0.0024,0.0739,0.0336,0.6635,2025-11-17
0.8965,21.981481481,7461,Athens,1,18969,38203436,0.5857699805,0.4765380605,18900,0,0,1,Concord University,https://www.concord.edu/,42703,0,00381000,0.1077,0,0.0034,0.1347,0.4682,0.8092,3,NA,980,3,WV,1394,0.411,0.589,0.0473,0.0043,0.0065,0.0803,0.0072,0,0.0366,0.0165,0.8013,2025-11-17
0.5823,21.716775599,5589,Elkins,2,44322,61636967,0.6949891068,0.4784688995,27000,0,0,1,Davis & Elkins College,www.dewv.edu/,43411,0,00381100,0.0774,0,0.0194,0.2129,0.4031,0.6282,3,66,985,3,WV,681,0.442,0.558,0.0044,0.0117,0.0044,0.0602,0.0441,0.0088,0.1336,0.1909,0.5419,2025-11-17
0.9924,22.00556962,7049,Fairmont,1,18091,28443847,0.5655696203,0.4139814309,21000,0,0,1,Fairmont State University,https://www.fairmontstate.edu/,46857,0,00381200,0.0578,0.0059,0.003,0.0889,0.3304,0.9286,3,NA,993,3,WV,2690,0.4394,0.5606,0.0461,0.0037,0.0033,0.0502,0.0074,0,0.0126,0.0052,0.8714,2025-11-17
NA,22.550884956,6539,Glenville,1,22974,14720530,0.4413716814,0.4847715736,25000,0,0,1,Glenville State University,www.glenville.edu/,39315,0,00381300,0.0594,0,0,0.1783,0.4204,0.5652,3,NA,NA,3,WV,1177,0.5794,0.4206,0.0246,0.0102,0.0068,0.1266,0.0212,0,0.0391,0.0051,0.7664,2025-11-17
NA,30.056640625,3341,Huntington,2,16788,NA,0.66015625,0.6175771971,21604,0,0,2,Huntington Junior College,www.hjc.edu/,21783,0,00904700,0,0,0,0.2581,0.8707,0.3571,2,NA,NA,2,WV,209,0.2249,0.7751,0.0191,0,0,0.1292,0,0,0,0.0096,0.8421,2025-11-17
NA,30.868613139,NA,Martinsburg,1,NA,NA,0.4379562044,0.5966386555,PS,0,0,3,James Rumsey Technical Institute,www.jamesrumsey.com/,45133,0,00835500,0,0,0,0,0.3,NA,1,NA,NA,1,WV,137,0.7007,0.2993,0.0073,0,0.0073,0.0876,0.0219,0,0,0,0.8759,2025-11-17
0.9646,21.542237727,8317,Huntington,1,21299,200692752,0.586842761,0.3740231743,23250,0,0,1,Marshall University,https://www.marshall.edu/,46354,0,00381500,0.0678,0.0332,6e-4,0.1573,0.3784,0.7677,3,NA,1051,3,WV,7149,0.4294,0.5706,0.038,0.0032,0.0155,0.0561,0.0277,4e-4,0.0108,0.0678,0.7804,2025-11-17
NA,25.451612903,NA,Princeton,1,NA,NA,0.7096774194,0.6216216216,PS,0,0,2,Mercer County Technical Education Center,https://mercercountyschools.sites.thrillshare.com/o/mctec,33511,0,02535500,0,0,0,0,0.4683,NA,1,NA,NA,1,WV,102,0.3333,0.6667,0,0,0,0.1275,0.0196,0,0,0,0.8529,2025-11-17
NA,25.214831804,6127,Parkersburg,1,10643,11086272,0.6146788991,0.449031171,12570,0,0,1,West Virginia University at Parkersburg,www.wvup.edu/,35171,0,00382800,0.036,0,0,0.1342,0.2972,0.2698,2,NA,NA,2,WV,1692,0.3682,0.6318,0.0219,0,0.0018,0.0136,0.0165,0.0012,0.0059,0.0018,0.9374,2025-11-17
NA,20.54234904,7151,Keyser,1,15593,8470817,0.5012559027,0.3039163376,22500,0,0,1,Potomac State College of West Virginia University,www.potomacstatecollege.edu/,55939,0,00382711,0.1004,0.0077,0,0.1815,0.3943,0.7846,2,NA,NA,3,WV,952,0.4296,0.5704,0.0578,0.0011,0.0042,0.0515,0.0284,0,0.0116,0.0179,0.8277,2025-11-17
NA,25.464788732,NA,Beckley,1,NA,NA,0.6971830986,0.552,PS,0,0,3,Academy of Careers and Technology,www.wvact.net/,32756,0,01290500,0,0,0,0,0.3915,NA,1,NA,NA,1,WV,147,0.3333,0.6667,0.0068,0,0,0.0884,0,0,0,0,0.9048,2025-11-17
0.9565,22.608160622,7679,Shepherdstown,1,19863,27298195,0.600388601,0.4086097389,21600,0,0,1,Shepherd University,www.shepherd.edu/,49358,0,00382200,0.0784,0.0176,0.0078,0.1314,0.2694,0.5378,3,NA,1022,3,WV,2375,0.3928,0.6072,0.0644,0.0021,0.0164,0.0804,0.0838,0.0013,0.0114,0.0215,0.7187,2025-11-17
NA,24.619730185,5522,Logan,1,15702,4790124,0.5978077572,0.6130604288,9190,0,0,2,Southern West Virginia Community and Technical College,https://www.southernwv.edu/,32153,0,00381600,0.0185,0,0,0.0617,0.5198,0.6706,2,NA,NA,2,WV,1146,0.2766,0.7234,0.0105,0.0026,0,0.0166,0.0148,0,0,0,0.9555,2025-11-17
NA,26.411764706,NA,Buckhannon,1,NA,NA,0.4621848739,0.6481481481,PS,0,0,2,Fred W Eberle Technical Center,fetc.edu/,43364,0,02534800,0,0,0,0,0.963,NA,1,NA,NA,1,WV,119,0.5714,0.4286,0,0,0,0.0084,0.0084,0,0,0,0.9832,2025-11-17
0.9637,22.754585153,7092,Institute,1,19906,11265296,0.5362445415,0.4338725024,23338,1,0,1,West Virginia State University,www.wvstateu.edu/,40492,0,00382600,0.0899,0,0.0036,0.2662,0.1758,0.6474,3,NA,979,3,WV,1328,0.4375,0.5625,0.052,8e-4,0.0053,0.1318,0.0301,0,0.0392,0.1837,0.5572,2025-11-17
0.7212,21.164670659,6843,West Liberty,1,23526,18103323,0.6127744511,0.3562970936,23250,0,0,1,West Liberty University,www.westliberty.edu/,43296,0,00382300,0.0925,0,0,0.1925,0.3194,0.6504,3,NA,1041,3,WV,1578,0.3916,0.6084,0.0558,0,0.0032,0.0463,0.0038,0.0032,0.0317,0.0304,0.8257,2025-11-17
0.61,20.54234904,8189,Beckley,1,18343,16941635,0.5012559027,0.3039163376,22500,0,0,1,West Virginia University Institute of Technology,www.wvutech.edu/,55939,0,00382701,0,0.1867,0.012,0.1386,0.2429,0.7411,3,NA,1044,3,WV,1009,0.6016,0.3984,0.0396,0.003,0.0119,0.0307,0.0317,0.003,0.0951,0.0129,0.7721,2025-11-17
0.9505,19.872472784,6109,Buckhannon,2,47374,70553094,0.5723172628,0.295379538,27000,0,0,1,West Virginia Wesleyan College,www.wvwc.edu/,51593,0,00383000,0.0923,0,0.0051,0.1538,0.3735,0.65,3,71,1045,3,WV,909,0.5017,0.4983,0.0363,0.0066,0.011,0.1221,0.0594,0.0011,0.0814,0.0099,0.6722,2025-11-17
NA,25,5927,Wheeling,1,11196,2060666,0.6504468719,0.4854910714,10245,0,0,2,West Virginia Northern Community College,www.wvncc.edu/,30162,0,00905400,0.0478,0,0,0.0341,0.4247,0.4472,2,NA,NA,2,WV,785,0.3732,0.6268,0.0369,0.0025,0.0102,0.0331,0.0255,0.0013,0.0038,0,0.8866,2025-11-17
0.8626,20.54234904,11524,Morgantown,1,23678,821669324,0.5012559027,0.3039163376,22500,0,0,1,West Virginia University,www.wvu.edu/,55939,0,00382700,0.0183,0.1388,0.0048,0.1724,0.2041,0.767,3,NA,1129,3,WV,17705,0.4844,0.5156,0.0579,0.0012,0.0167,0.0288,0.0439,6e-4,0.0162,0.013,0.8218,2025-11-17
0.7518,22.741452991,4198,Wheeling,2,41265,11907750,0.5320512821,0.3673469388,25125,0,0,1,Wheeling University,www.wheeling.edu/,57949,0,00383100,0.0519,0,0,0.3506,0.2524,1,3,30,NA,3,WV,567,0.6631,0.3369,0.0035,0.0018,0.0194,0.2751,0.0653,0,0.0265,0.1693,0.4392,2025-11-17
0.931,24.360552764,6253,Milwaukee,2,44163,35474095,PS,0.4426470588,27000,0,1,1,Alverno College,https://www.alverno.edu/,53145,0,00383200,0.1727,0,0.0091,0.0455,0.4911,0.4251,3,30,NA,3,WI,724,0.011,0.989,0.0497,0.0028,0.0442,0.163,0.4116,0.0014,0.0055,0.011,0.3108,2025-11-17
NA,25.153428514,11078,Madison,1,17215,NA,0.5684697366,0.404903758,14060,0,0,1,Madison Area Technical College,madisoncollege.edu/,45413,0,00400700,0.0243,0,0,0.1262,0.1906,0.3998,1,NA,NA,1,WI,9273,0.4329,0.5671,0.0718,0.0049,0.051,0.0829,0.1515,6e-4,0.0188,0.0238,0.5946,2025-11-17
1,25.154205607,7875,Green Bay,2,32000,13958982,0.8878504673,0.3103448276,18000,0,0,1,Bellin College,https://www.bellincollege.edu/,76222,0,00663900,0,0,0,0,0.1332,0.8727,3,NA,NA,3,WI,338,0.068,0.932,0.0325,0.0089,0.0207,0.0089,0.0207,0.003,0,0.0178,0.8876,2025-11-17
0.5736,19.727810651,7473,Beloit,2,68653,83541468,0.5325443787,0.1930184805,25738,0,0,1,Beloit College,www.beloit.edu/,53260,0,00383500,0.0427,0.0047,0.0095,0.0521,0.2946,0.781,3,NA,1318,3,WI,898,0.4855,0.5145,0.0445,0,0.0245,0.0846,0.1771,0,0.1425,0.0234,0.5033,2025-11-17
NA,26.588929889,7776,Janesville,1,15114,NA,0.5778597786,0.5080988917,9550,0,0,2,Blackhawk Technical College,www.blackhawk.edu/,41620,0,00539000,0.0247,0,0,0.0843,0.3647,1,1,NA,NA,1,WI,2457,0.3394,0.6606,0.0326,0.0028,0.0151,0.0659,0.16,4e-4,0.0069,0.0183,0.698,2025-11-17
0.5841,20.308801214,8526,Waukesha,2,49935,81033098,0.6638846737,0.2715654952,27000,0,0,1,Carroll University,https://www.carrollu.edu/,58009,0,00383800,0.0667,0.0089,0.0059,0.1333,0.2165,0.4101,3,66,1209,3,WI,2525,0.3402,0.6598,0.0321,0.0016,0.0289,0.0313,0.1212,8e-4,0.0321,0.0392,0.7129,2025-11-17
0.8415,20.151291513,8523,Kenosha,2,47980,136204897,0.5505535055,0.2623839009,26000,0,0,1,Carthage College,www.carthage.edu/,56950,0,00383900,0.0735,0.0018,0.0179,0.2079,0.2577,0.4965,3,39,1113,3,WI,2628,0.4441,0.5559,0.0419,0.0038,0.0217,0.0654,0.161,0.0015,0.0133,0.0194,0.672,2025-11-17
0.6753,24.278212805,7655,Mequon,2,51718,92707403,0.6421004146,0.3183879093,25750,0,0,1,Concordia University-Wisconsin,https://www.cuw.edu/,56075,0,00384200,0.0694,0.0355,0,0.2068,0.2247,1,3,68,1250,3,WI,2310,0.3909,0.6091,0.0238,0.0035,0.0273,0.0961,0.0736,0.0013,0.0229,0.0515,0.7,2025-11-17
0.9452,22.684350133,6990,Madison,2,48450,65977917,0.7546419098,0.2810271041,24424,0,0,1,Edgewood College,www.edgewood.edu/,59728,0,00384800,0.0885,0,0,0.1443,0.2344,0.4147,3,30,NA,3,WI,1104,0.3188,0.6812,0.0335,0.0027,0.0236,0.0408,0.1014,0.0018,0.01,0.019,0.7672,2025-11-17
NA,25.827164366,9754,Appleton,1,15647,NA,0.4858845671,0.4499284692,10402,0,0,2,Fox Valley Technical College,https://www.fvtc.edu/,45684,0,00974400,0.0494,0,0,0.1466,0.1183,1,1,NA,NA,1,WI,6004,0.5503,0.4497,0.0082,0.011,0.0451,0.0285,0.0633,0.001,0.0092,0.1011,0.7327,2025-11-17
NA,26.97279363,10072,Kenosha,1,14604,9800361,0.5859323159,0.4859405941,12165,0,1,2,Gateway Technical College,https://www.gtc.edu/,40264,0,00538900,0.0795,0,0,0.1737,0.2224,0.6288,1,NA,NA,1,WI,4657,0.4065,0.5935,0.0515,0.0026,0.0137,0.1256,0.2641,9e-4,0.0011,0.0092,0.5312,2025-11-17
0.9109,27.183783784,7642,Plymouth,2,45751,18777358,0.5765765766,0.4363636364,25000,0,0,1,Lakeland University,www.lakeland.edu/,55961,0,00385400,0.0295,0,0,0.6032,0.2898,0.1561,3,76,NA,3,WI,1230,0.4374,0.5626,0.0293,0.0065,0.0358,0.1041,0.0813,0,0.0057,0.1016,0.6358,2025-11-17
NA,27.700823422,8586,Cleveland,1,14163,1058208,0.5901189387,0.4901531729,7000,0,0,2,Lakeshore Technical College,gotoltc.edu/,47113,0,00919400,0.0145,0,0,0.1544,0.1829,0.6619,1,NA,NA,1,WI,1838,0.5098,0.4902,0.0245,0.0092,0.093,0.0294,0.1208,0.0022,5e-4,0.0136,0.7067,2025-11-17
0.6303,19.598698482,8762,Appleton,2,67824,440838808,0.5249457701,0.1739130435,26000,0,0,1,Lawrence University,https://www.lawrence.edu/,55789,0,00385600,0.0403,0,0.0259,0,0.2076,0.8243,3,NA,1349,3,WI,1394,0.4648,0.5352,0.0545,0.0029,0.0481,0.0366,0.1112,7e-4,0.1155,0.0215,0.609,2025-11-17
0.7087,21.024657534,3822,Watertown,2,33496,277946,0.5561643836,0.1915492958,14143,0,0,1,Maranatha Baptist University,www.mbu.edu/,45593,0,02317200,0.1613,0,0,0.1532,0.3397,0.6186,3,54,1141,3,WI,566,0.3993,0.6007,0.0265,0.0053,0.0707,0.0159,0.0583,0,0.0088,0.023,0.7915,2025-11-17
0.6685,23.182147165,8098,Fond Du Lac,2,40733,9628441,0.6948130277,0.3896961691,25000,0,0,1,Marian University,https://www.marianuniversity.edu/,53501,0,00386100,0.0871,0,0.0035,0.1498,0.3174,0.9362,3,30,NA,3,WI,1050,0.36,0.64,0.0324,0.0114,0.019,0.0686,0.099,0.001,0.0543,0.0371,0.6771,2025-11-17
0.8744,19.584563475,10830,Milwaukee,2,63233,865300000,0.5854070013,0.1934628975,23940,0,0,1,Marquette University,www.marquette.edu/,78257,0,00386300,0.0353,0.1241,0.0027,0.2086,0.1876,0.5724,3,30,1306,3,WI,7238,0.4422,0.5578,0.0316,0.0011,0.0627,0.053900000000000003,0.1581,8e-4,0.0145,0.0101,0.6672,2025-11-17
NA,26.121443442,8582,Wisconsin Rapids,1,15448,2425632,0.6099930604,0.4535519126,8000,0,0,2,Mid-State Technical College,https://www.mstc.edu/,42253,0,00538000,0.008,0,0,0.2387,0.2364,0.4751,1,NA,NA,1,WI,2031,0.4318,0.5682,0.0212,0.0079,0.032,0.0162,0.0591,0.001,0,0.0374,0.8252,2025-11-17
NA,25.744857649,11378,Milwaukee,1,17209,NA,0.5828906144,0.4900673691,14955,0,0,2,Milwaukee Area Technical College,https://www.matc.edu/,41113,0,00386600,0.0311,0,0,0.1861,0.4135,0.4814,1,NA,NA,2,WI,11362,0.3982,0.6018,0.05,0.0052,0.0552,0.3168,0.1973,6e-4,0.0084,0.0438,0.3226,2025-11-17
0.628,20.547619048,6561,Milwaukee,2,52646,3690014,0.6534391534,0.3005780347,27000,0,0,1,Milwaukee Institute of Art & Design,www.miad.edu/,41174,0,02077100,0,0,0,0,0.3638,0.4191,3,NA,1155,3,WI,883,0.2084,0.7916,0.0691,0.0045,0.043,0.0566,0.1687,0.0034,0.0011,0.0023,0.6512,2025-11-17
0.6039,21.184284378,10016,Milwaukee,2,60439,75683084,0.2927970065,0.2359882006,27000,0,0,1,Milwaukee School of Engineering,www.msoe.edu/,89070,0,00386800,0,0.6933,0,0.0926,0.2268,0.5884,3,NA,NA,3,WI,2607,0.7219,0.2781,0.0326,8e-4,0.0506,0.0249,0.107,4e-4,0.0437,0.0487,0.6912,2025-11-17
NA,27.658151766,8700,Fond du Lac,1,14095,NA,0.6957175056,0.5306291391,8225,0,0,2,Moraine Park Technical College,www.morainepark.edu/,44371,0,00925600,0.0047,0,0,0.2056,0.1965,0.615,1,NA,NA,1,WI,2230,0.4054,0.5946,0.0188,0.0103,0.0152,0.0274,0.0812,0,0.0058,0.0157,0.8256,2025-11-17
0.9335,22.853006682,6605,Milwaukee,2,47328,25553567,PS,0.3933161954,25288,0,1,1,Mount Mary University,www.mtmary.edu/,48745,0,00386900,0.09,0,0,0.12,0.5768,0.3568,3,30,1050,3,WI,703,0,1,0.0185,0.0057,0.064,0.2233,0.34,0.0043,0.0114,0.0199,0.3129,2025-11-17
NA,25.681208054,6423,Rhinelander,1,14084,NA,0.5805369128,0.4680451128,7837,0,0,2,Nicolet Area Technical College,https://www.nicoletcollege.edu/,38643,0,00538400,0.0153,0,0,0.15310000000000001,0.2513,0.4359,1,NA,NA,1,WI,706,0.3428,0.6572,0.0312,0.102,0.0085,0.017,0.0567,0.0028,0,0.0085,0.7734,2025-11-17
NA,26.34627126,8850,Wausau,1,15897,NA,0.6075010903,0.4785894207,7500,0,0,2,Northcentral Technical College,www.ntc.edu/,44925,0,00538700,0.0358,0.0118,0.0042,0.173,0.1667,1,1,NA,NA,1,WI,3479,0.3869,0.6131,0.027,0.0101,0.0609,0.0161,0.0529,9e-4,0,0.0365,0.7956,2025-11-17
NA,25.50178117,7352,Green Bay,1,15603,NA,0.5972010178,0.4675858023,11719,0,0,2,Northeast Wisconsin Technical College,https://www.nwtc.edu/,44553,0,00530100,0.0969,0,0,0.1551,0.1657,0.9883,1,NA,NA,1,WI,5853,0.3942,0.6058,0.0304,0.0304,0.046,0.0427,0.1276,7e-4,0,0.0034,0.7188,2025-11-17
0.8392,19.535620053,7904,Ripon,2,61495,110826272,0.4960422164,0.2808022923,27000,0,0,1,Ripon College,www.ripon.edu/,54902,0,00388400,0.1506,0,0.0241,0.0542,0.3329,0.9804,3,NA,1143,3,WI,720,0.5472,0.4528,0.025,0,0.0125,0.0458,0.1139,0,0.0111,0.0069,0.7847,2025-11-17
0.9215,19.572668113,9064,De Pere,2,56194,173050862,0.5704989154,0.2054176072,26731,0,0,1,Saint Norbert College,www.snc.edu/,58363,0,00389200,0.103,0,0.0234,0.2998,0.1358,0.8086,3,30,1233,3,WI,1749,0.4517,0.5483,0.024,0.004,0.016,0.0149,0.0617,6e-4,0.0177,0.0103,0.8508,2025-11-17
NA,25.415478615,8439,Fennimore,1,15282,4856496,0.5926680244,0.4950055494,7500,0,0,2,Southwest Wisconsin Technical College,https://www.swtc.edu/,43470,0,00766900,0.0366,0,0,0.084,0.1975,0.4771,1,NA,NA,1,WI,1277,0.3688,0.6312,0.0352,0.0023,0.007,0.0486,0.0321,0,0,0.0039,0.8708,2025-11-17
0.7327,23.662528217,6855,La Crosse,2,44123,60778544,0.7528216704,0.2816229117,25000,0,0,1,Viterbo University,https://www.viterbo.edu/,55660,0,00391100,0.2488,0.0096,0,0.134,0.2249,0.4,3,30,1184,3,WI,1392,0.273,0.727,0.0309,0.0029,0.0172,0.0309,0.0682,0,0.0172,0.0172,0.8154,2025-11-17
NA,24.947422328,8333,Eau Claire,1,16283,NA,0.54796859,0.3916981132,11432,0,0,2,Chippewa Valley Technical College,www.cvtc.edu/,46297,0,00530400,0.0137,0,0,0.1979,0.1736,0.4715,1,NA,NA,1,WI,4127,0.3901,0.6099,0.0342,0.0044,0.0439,0.0204,0.0361,5e-4,0.0015,0.0196,0.8396,2025-11-17
NA,27.536092882,9592,Pewaukee,1,14281,NA,0.576476527,0.4341801386,12000,0,0,2,Waukesha County Technical College,https://www.wctc.edu/,46894,0,00529400,0.0329,0,0,0.1297,0.1084,0.2923,1,NA,NA,1,WI,4497,0.5833,0.4167,0.0213,0.0044,0.0302,0.0571,0.1172,0.0013,0.0022,0.1341,0.632,2025-11-17
NA,24.387682765,8368,La Crosse,1,15548,6786392,0.5356668144,0.389468455,11500,0,0,2,Western Technical College,https://www.westerntc.edu/,45303,0,00384000,0.016,0,0,0.2257,0.3151,0.4582,1,NA,NA,1,WI,3434,0.4604,0.5396,0.0393,0.0119,0.0489,0.028,0.0661,3e-4,0,0.0315,0.774,2025-11-17
0.8276,21.069948764,8817,Whitewater,1,18661,34259959,0.5143684562,0.2996237065,23188,0,0,1,University of Wisconsin-Whitewater,www.uww.edu/,55356,0,00392600,0.1325,0,0.0085,0.3309,0.2503,0.8368,3,NA,1090,3,WI,9180,0.5087,0.4913,0.0266,0.0026,0.0194,0.0478,0.0929,9e-4,0.0032,0.0107,0.796,2025-11-17
NA,26.685079365,8605,Rice Lake,1,14116,4833255,0.5987301587,0.4204308548,8250,0,0,2,Northwood Technical College,https://www.northwoodtech.edu/,43406,0,01182400,0.0429,0,0,0.1223,0.3004,0.2496,1,NA,NA,1,WI,2026,0.3786,0.6214,0.0153,0.0405,0.0138,0.0257,0.0365,0.001,0.001,0.0104,0.8559,2025-11-17
0.7608,20.367547952,8974,Eau Claire,1,21014,64838453,0.644375324,0.2198406156,20909,0,0,1,University of Wisconsin-Eau Claire,www.uwec.edu/,58561,0,00391700,0.089,0.0064,0.0136,0.225,0.1867,0.778,3,NA,1190,3,WI,8995,0.394,0.606,0.0325,0.0029,0.0289,0.0102,0.0385,4e-4,0.0203,0.0057,0.8606,2025-11-17
0.8784,24.113653699,7851,Green Bay,1,18161,54492077,0.6803966438,0.3631100083,18500,0,0,1,University of Wisconsin-Green Bay,www.uwgb.edu/,52528,0,00389900,0.0662,0.0229,0.0057,0.1841,0.2257,0.6992,3,NA,1090,3,WI,6230,0.3756,0.6244,0.0446,0.0135,0.044,0.03,0.0909,5e-4,0.0114,0.009,0.7562,2025-11-17
0.7325,20.227668213,8149,La Crosse,1,18115,41701196,0.5774361949,0.2138098122,22500,0,0,1,University of Wisconsin-La Crosse,www.uwlax.edu/,60378,0,00391900,0.0746,0,0.016,0.2492,0.1423,0.8394,3,NA,1190,3,WI,9194,0.4314,0.5686,0.0309,0.0014,0.0202,0.0066,0.0396,8e-4,0.0058,0.0061,0.8886,2025-11-17
0.7905,22.521891419,7193,Milwaukee,2,47026,43865288,0.5499124343,0.2936802974,26000,0,0,1,Wisconsin Lutheran College,www.wlc.edu/,54664,0,02136600,0.0968,0,0.0161,0.2097,0.2542,0.961,3,33,1214,3,WI,1009,0.4727,0.5273,0.0278,0.004,0.0168,0.0624,0.113,0.001,0.0069,0.0456,0.7225,2025-11-17
0.8668,21.692412664,8686,Oshkosh,1,19063,32767890,0.6097161572,0.3102329696,21500,0,0,1,University of Wisconsin-Oshkosh,https://www.uwosh.edu/,55548,0,00392000,0.0871,0,0.0097,0.1753,0.158,0.6814,3,NA,1090,3,WI,7613,0.435,0.565,0.0353,0.0043,0.0415,0.0275,0.0695,0.0013,0.0238,0.0133,0.7835,2025-11-17
0.7262,22.520970187,8236,Kenosha,1,16768,16130111,0.5664477009,0.4094707521,20492,0,0,1,University of Wisconsin-Parkside,https://www.uwp.edu/,51129,0,00501500,0.0278,0,0.0145,0.2031,0.3421,0.6955,3,NA,1090,3,WI,2951,0.447,0.553,0.0542,0.001,0.0329,0.0837,0.2091,7e-4,0.0247,0.0091,0.5845,2025-11-17
0.9415,31.289940828,6776,Madison,2,26687,NA,0.8135465189,0.5209032652,21500,0,0,1,Herzing University-Madison,https://www.herzing.edu/,36909,0,00962100,0,0,0,0.109,0.6683,0.1381,1,NA,NA,2,WI,2105,0.1425,0.8575,0.0333,0.0057,0.039,0.3648,0.1297,0.0038,0,0.0418,0.3819,2025-11-17
0.8474,21.885772123,8131,Menomonie,1,21618,72176144,0.475708502,0.2783985102,23000,0,0,1,University of Wisconsin-Stout,www.uwstout.edu/,58084,0,00391500,0.1257,0.0971,0.0182,0.2186,0.2274,0.6983,3,NA,1150,3,WI,5900,0.5727,0.4273,0.0329,0.0037,0.032,0.0127,0.0432,7e-4,0.0207,0.0149,0.8392,2025-11-17
0.9364,24.372177055,7090,Superior,1,18415,21615266,0.6422764228,0.2959285005,22500,0,0,1,University of Wisconsin-Superior,https://www.uwsuper.edu/,49606,0,00392500,0.2716,0,0.0168,0.1635,0.296,0.8414,3,NA,1050,3,WI,1899,0.3691,0.6309,0.0074,0.0348,0.0126,0.0221,0.04,0.0026,0.0964,0.0026,0.7815,2025-11-17
0.4335,20.109977494,15075,Madison,1,27770,4995679379,0.5311327832,0.1680527224,20484,0,0,1,University of Wisconsin-Madison,www.wisc.edu/,73792,0,00389500,0.0227,0.0821,0.0261,0.1504,0.1532,0.838,3,NA,1402,3,WI,35665,0.4698,0.5302,0.0477,0.0024,0.1051,0.025,0.0831,6e-4,0.1001,0.0324,0.6035,2025-11-17
0.8844,22.251829826,9711,Milwaukee,1,22174,220503966,0.56415828,0.3304775104,23000,0,0,1,University of Wisconsin-Milwaukee,uwm.edu/,54990,0,00389600,0.0548,0.0617,0.0046,0.1934,0.3019,0.633,3,NA,1090,3,WI,16762,0.4529,0.5471,0.0468,0.0042,0.0718,0.0814,0.1529,0.001,0.0223,0.0153,0.6043,2025-11-17
0.8726,20.79348199,7789,Platteville,1,20049,51934302,0.3766723842,0.2873563218,21977,0,0,1,University of Wisconsin-Platteville,https://www.uwplatt.edu/,61760,0,00392100,0.0727,0.3032,0.0046,0.1462,0.2104,0.8256,3,NA,1190,3,WI,5928,0.6351,0.3649,0.0187,0.0015,0.0118,0.013,0.0488,7e-4,0.0066,0.0121,0.8868,2025-11-17
0.8162,21.150219736,8576,River Falls,1,19576,29228586,0.6388333999,0.2645299145,20500,0,0,1,University of Wisconsin-River Falls,https://www.uwrf.edu/,54458,0,00392300,0.1617,0.0019,0.0122,0.1363,0.2048,0.6078,3,NA,1120,3,WI,4152,0.3596,0.6404,0.0219,0.0029,0.027,0.0185,0.0373,7e-4,0.0096,0.0125,0.8695,2025-11-17
0.9014,20.990082645,7815,Stevens Point,1,18804,66152803,0.5432506887,0.3057193396,21503,0,0,1,University of Wisconsin-Stevens Point,https://www.uwsp.edu/,52021,0,00392400,0.1458,0.0116,0.0068,0.1076,0.2777,0.7476,3,NA,1120,3,WI,7104,0.4393,0.5607,0.03,0.0044,0.0283,0.0125,0.0442,7e-4,0.0038,0.013,0.8632,2025-11-17
NA,25.479856759,7148,Casper,1,13593,38348747,0.5863921218,0.3712820513,9534,0,0,2,Casper College,https://www.caspercollege.edu/,40935,0,00392800,0.0304,0.0111,0.0055,0.0622,0.2335,1,2,NA,NA,2,WY,2239,0.3662,0.6338,0.0406,0.0138,0.0089,0.0179,0.1054,9e-4,0.0246,0.0295,0.7584,2025-11-17
NA,25.522330097,6846,Riverton,1,17894,22386782,0.5747572816,0.4462242563,8361,0,0,1,Central Wyoming College,https://www.cwc.edu/,34402,1,00728900,0.0322,0.0032,0.0032,0.119,0.1768,1,2,NA,NA,2,WY,981,0.4179,0.5821,0.051,0.1325,0.0061,0.0041,0.1448,0.002,0.0255,0.1845,0.4495,2025-11-17
NA,23.481927711,6177,Torrington,1,14943,6221501,0.6295180723,0.4379084967,7000,0,0,2,Eastern Wyoming College,https://ewc.wy.edu/,37121,0,00392900,0.0806,0,0,0.0521,0.1337,1,2,NA,NA,2,WY,489,0.3497,0.6503,0.0389,0.0245,0,0.0143,0.0941,0,0.0368,0.0041,0.7873,2025-11-17
NA,25.258207071,8045,Cheyenne,1,12722,37887852,0.6098484848,0.3827851645,11000,0,0,1,Laramie County Community College,https://www.lccc.wy.edu/,44783,0,00925900,0.0574,0.0026,0,0.0982,0.2361,1,2,NA,NA,2,WY,2563,0.3293,0.6707,0.0492,0.009,0.0121,0.0242,0.197,0.0023,0.0098,0.0765,0.62,2025-11-17
NA,23.089030207,7379,Powell,1,15710,36044722,0.5564387917,0.3625,10000,0,0,1,Northwest College,www.nwc.edu/,36950,0,00393100,0.0476,0.0147,0.0037,0.0879,0.1848,0.9455,2,NA,NA,2,WY,826,0.3886,0.6114,0.0303,0.0157,0.0036,0.0048,0.0944,0.0024,0.1199,0.0278,0.701,2025-11-17
NA,25.588183422,6623,Sheridan,1,15914,18653310,0.5917107584,0.4549950544,8622,0,0,2,Northern Wyoming Community College District,https://www.sheridan.edu/,40477,0,00393000,0.0343,0.01,0.0057,0.0443,0.1746,1,2,NA,NA,2,WY,1607,0.4001,0.5999,0.0442,0.0112,0.0068,0.01,0.1108,0.0012,0.0168,0.01,0.789,2025-11-17
NA,25.053927315,7089,Rock Springs,1,15333,15153514,0.5896834701,0.4742698192,9000,0,0,1,Western Wyoming Community College,https://www.westernwyoming.edu/,40939,0,00393300,0.0481,0.0177,0.0025,0.2076,0.1752,1,2,NA,NA,2,WY,1289,0.4096,0.5904,0.0419,0.0078,0.0054,0.007,0.1753,0.0039,0.0163,0,0.7424,2025-11-17
0.9741,22.668979875,10701,Laramie,1,22371,715309048,0.5437196391,0.277271069,18000,0,0,1,University of Wyoming,https://www.uwyo.edu/,56880,0,00393200,0.0833,0.0915,0.0059,0.1658,0.2218,0.9906,3,NA,NA,3,WY,8047,0.4625,0.5375,0.0382,0.0065,0.0112,0.0102,0.0941,0.0011,0.0149,0.042,0.7819,2025-11-17
NA,19.699228792,5100,Pago Pago,1,10560,3121995,0.6439588689,0.5780346821,PS,0,0,1,American Samoa Community College,www.amsamoa.edu/,30087,0,01001000,0.0708,0.0425,0,0.1557,0.6717,1,2,NA,NA,2,AS,884,0.3054,0.6946,0,0,0.0181,0,0,0.8778,0.1007,0.0034,0,2025-11-17
NA,22.835543767,7140,Mangilao,1,10615,15337495,0.6091954023,0.5677352637,PS,0,0,1,Guam Community College,www.guamcc.edu/,27820,0,01536100,0.1162,0,0,0.1831,0.5229,0.6584,2,NA,NA,2,GU,1263,0.4054,0.5946,0.0087,0.0024,0.4608,0.0071,0.0024,0.4838,0,0.0158,0.019,2025-11-17
NA,21.790844515,10096,Mangilao,1,15155,25978718,0.5951065509,0.4598792062,16786,0,0,1,University of Guam,https://www.uog.edu/,35946,0,00393500,0.1532,0.0203,0.0113,0.2072,0.311,0.602,3,NA,NA,3,GU,2573,0.4205,0.5795,0.0155,8e-4,0.4792,0.0035,0.0066,0.4458,0.007,0.0241,0.0175,2025-11-17
NA,21.080669711,5000,Saipan,1,9939,8780786,0.5616438356,0.4982394366,PS,0,0,1,Northern Marianas College,www.marianas.edu/,27836,0,03033000,0.0988,0,0,0.2754,0.7371,0.5147,2,NA,NA,2,MP,1236,0.373,0.627,0.0939,0,0.4385,8e-4,0.0129,0.3641,0.0809,0,0.0089,2025-11-17
1,21.517611026,3119,Mayaguez,2,14855,134104,0.6401225115,0.3829431438,15750,0,1,1,Universidad Adventista de las Antillas,https://www.uaa.edu/,28465,0,00501900,0.0657,0,0,0.0876,0.804,0.4487,3,95,NA,3,PR,769,0.4109,0.5891,0,0.0078,0,0.0104,0.935,0,0.0364,0,0.0104,2025-11-17
NA,20.993362832,2721,Guaynabo,2,12363,NA,0.2654867257,0.1530120482,5457,0,1,1,Atlantic University,www.atlanticu.edu/,25272,0,02505400,0,0,0,0,0.8351,0.8796,3,NA,NA,3,PR,1517,0.6065,0.3935,0,0,0,0,1,0,0,0,0,2025-11-17
0.8636,22.357561547,2838,Bayamón,2,11164,1313656,0.6189917937,0.3075862069,9393,0,1,1,Universidad Central de Bayamon,ucb.edu.pr/,25021,0,00502200,0.1134,0,0,0.1546,0.8331,1,3,30,NA,3,PR,594,0.3468,0.6532,0,0,0,0,0.9949,0,0.0051,0,0,2025-11-17
1,26.48,4198,San Juan,2,19676,1152626,0.8042105263,0.2505800464,5500,0,1,1,Albizu University-San Juan,https://www.albizu.edu/,41544,0,01072400,0,0,0,0,0.6913,0.2363,3,NA,NA,3,PR,758,0.1728,0.8272,0,0,0,0,0.9908,0,0,0.0053,0.004,2025-11-17
NA,22.494714588,2398,Bayamon,2,9748,30244,0.5554968288,0.4988095238,10500,0,1,1,Caribbean University-Bayamon,www.caribbean.edu/,22842,0,01252500,0.053,0.0379,0,0.0833,0.7546,0.1183,1,NA,NA,3,PR,623,0.4029,0.5971,0,0,0,0,1,0,0,0,0,2025-11-17
NA,22.494714588,2100,Carolina,2,10784,1975,0.5554968288,0.4988095238,10500,0,1,1,Caribbean University-Carolina,www.caribbean.edu/,22842,0,01252503,0.0435,0,0,0.3478,0.7176,NA,3,NA,NA,3,PR,113,0.2389,0.7611,0,0,0,0,1,0,0,0,0,2025-11-17
0.8538,21.188372093,4240,Arecibo,2,16058,2881637,0.5843023256,0.3084022915,15500,0,1,1,Pontifical Catholic University of Puerto Rico-Arecibo,www.pucpr.edu/arecibo,24908,0,00393601,0.0794,0,0,0.0952,0.7597,0.4915,3,30,NA,3,PR,273,0.326,0.674,0,0,0,0,1,0,0,0,0,2025-11-17
0.9033,21.188372093,4506,Ponce,2,17106,9445370,0.5843023256,0.3084022915,15500,0,1,1,Pontifical Catholic University of Puerto Rico-Ponce,https://www.pucpr.edu/,24908,0,00393600,0.0204,0,0,0.0884,0.8137,0.6659,3,30,1285,3,PR,3827,0.358,0.642,0,0,3e-4,0,0.9961,0,0.0021,0.0013,3e-4,2025-11-17
NA,39.893401015,1026,Trujillo Alto,2,14285,NA,0.4365482234,0.5487804878,12050,0,1,1,Universidad Teologica del Caribe,utcpr.edu/,23536,0,02335500,0,0,0,0,0.5836,0.2787,3,57,NA,3,PR,192,0.5833,0.4167,0,0,0,0,1,0,0,0,0,2025-11-17
0.8088,23.995503597,3145,San Juan,1,6362,NA,0.5611510791,0.4522502744,PS,0,1,1,Colegio Universitario de San Juan,www.cunisanjuan.edu/,26510,0,01056700,0,0,0,0.0941,0.7768,1,3,NA,NA,3,PR,542,0.3948,0.6052,0,0,0,0,1,0,0,0,0,2025-11-17
NA,23.699172414,4172,San Juan,2,14154,27761938,0.6213793103,0.4282491758,14250,0,1,1,Universidad Ana G. Mendez-Cupey Campus,uagm.edu/,24490,0,02587500,0.0573,0,0,0.1637,0.6885,1,3,NA,NA,3,PR,4579,0.3311,0.6689,0,0,0,0,1,0,0,0,0,2025-11-17
0.8101,20.388489209,3701,San Juan,1,7920,1718767,0.3165467626,0.0952380952,8875,0,0,1,Puerto Rico Conservatory of Music,cmpr.edu/,19474,0,01081900,0.2292,0,0,0,0.6598,0.4568,3,NA,NA,3,PR,295,0.7051,0.2949,0,0,0,0,0.9729,0,0.0271,0,0,2025-11-17
0.9615,28.823505155,2727,San Sebastian,2,13701,517391,0.664742268,0.44092827,14000,0,1,1,EDP University of Puerto Rico Inc-San Sebastian,www.edpuniversity.edu/,22844,0,02165101,0,0,0,0,0.6342,0.95,2,NA,NA,2,PR,968,0.2862,0.7138,0,0,0,0,1,0,0,0,0,2025-11-17
1,20.441489362,2842,San Juan,1,8277,2653205,0.6595744681,0.1734104046,PS,0,1,1,Escuela de Artes Plasticas y Diseno de Puerto Rico,www.eap.edu/,21790,0,02569400,0.0755,0,0,0,0.7689,1,3,NA,985,3,PR,497,0.2294,0.7706,0,0,0,0.002,0.994,0,0,0,0.004,2025-11-17
1,21.829135181,3415,Manati,1,5684,NA,0.3929471033,0.4220532319,PS,0,1,2,Instituto Tecnologico de Puerto Rico-Recinto de Manati,itec.pr/ITPR-Joomla/,26293,0,02241910,0,0,0,0.2069,0.906,1,2,NA,NA,2,PR,297,0.633,0.367,0,0,0,0,1,0,0,0,0,2025-11-17
NA,24.531120332,2735,Humacao,2,9849,1307375,0.6846473029,0.5220588235,PS,0,1,1,Humacao Community College,www.hccpr.edu/,20064,0,02340600,0,0,0,0.1,0.9673,NA,2,NA,NA,2,PR,207,0.3865,0.6135,0,0,0,0,1,0,0,0,0,2025-11-17
0.8471,21.829135181,6361,Guayama,1,9568,NA,0.3929471033,0.4220532319,PS,0,1,2,Instituto Tecnologico de Puerto Rico-Recinto de Guayama,www.de.gov/itec-2/,26293,0,02241904,0,0,0,0.1111,0.9256,1,2,NA,NA,2,PR,262,0.6641,0.3359,0,0,0,0,1,0,0,0,0,2025-11-17
0.76,21.829135181,3294,San Juan,1,4274,NA,0.3929471033,0.4220532319,PS,0,1,2,Instituto Tecnologico de Puerto Rico-Recinto de San Juan,https://instituto-tecnologico-de-puerto-rico-1.jimdosite.com/,26293,0,02241907,0,0,0,0.0714,0.7212,1,2,NA,NA,2,PR,190,0.7474,0.2526,0,0,0,0,1,0,0,0,0,2025-11-17
0.5067,21.450378469,5800,San German,2,15442,NA,0.5214465938,0.3579571363,8500,0,1,1,Inter American University of Puerto Rico-San German,www.sg.inter.edu/,25416,0,04254200,0.0667,0,0,0.1289,0.8245,1,3,NA,NA,3,PR,2641,0.4752,0.5248,0,8e-4,8e-4,4e-4,0.9981,0,0,0,0,2025-11-17
0.4674,22.174746336,5030,Aguadilla,2,14449,NA,0.5400225479,0.4288086343,6250,0,1,1,Inter American University of Puerto Rico-Aguadilla,aguadilla.inter.edu/,24776,0,00393900,0.0111,0,0,0.0938,0.8396,1,3,NA,NA,3,PR,3002,0.4097,0.5903,0,0.001,0,3e-4,0.9973,0,0,0,0.0013,2025-11-17
0.3778,22.646230008,5516,Arecibo,2,14628,NA,0.5963442498,0.3528673085,9000,0,1,1,Inter American University of Puerto Rico-Arecibo,www.arecibo.inter.edu/,24539,0,00502600,0.1492,0,0,0.1109,0.8139,1,3,NA,NA,3,PR,2275,0.3648,0.6352,0,0,0,0,0.9996,4e-4,0,0,0,2025-11-17
0.6583,21.374806801,5016,Barranquitas,2,14358,NA,0.5618238022,0.5058139535,5200,0,1,1,Inter American University of Puerto Rico-Barranquitas,www.br.inter.edu/,23204,0,00502700,0.0306,0,0,0.179,0.889,1,3,NA,NA,3,PR,919,0.3526,0.6474,0,0,0,0.0011,0.9967,0.0011,0,0,0.0011,2025-11-17
0.6644,24.593727469,5891,San Juan,2,15252,NA,0.574260995,0.2553742038,10975,0,1,1,Inter American University of Puerto Rico-Metro,metro.inter.edu/,30821,0,00394000,0.0415,0,0.0066,0.1877,0.6592,1,3,NA,NA,3,PR,2692,0.4272,0.5728,0,0.0026,0.0022,0.0082,0.9807,7e-4,0,0,0.0056,2025-11-17
0.7029,23.137027108,5563,Mercedita,2,14845,NA,0.582067322,0.3379380054,6375,0,1,1,Inter American University of Puerto Rico-Ponce,www.ponce.inter.edu/,26721,0,00502900,0.0242,0,0,0.2677,0.8194,1,3,NA,NA,3,PR,2602,0.3747,0.6253,0,4e-4,0,4e-4,0.9965,4e-4,0,0,0.0023,2025-11-17
0.3556,22.049320944,5182,Fajardo,2,14991,NA,0.5718370264,0.3214574899,5750,0,1,1,Inter American University of Puerto Rico-Fajardo,www.fajardo.inter.edu/,23132,0,02282800,0.0373,0,0,0.1452,0.8348,1,3,NA,NA,3,PR,1149,0.3899,0.6101,0,0.0017,0,0.0026,0.9904,9e-4,0,0,0.0044,2025-11-17
0.485,23.373660031,4726,Guayama,2,15791,NA,0.6653905054,0.3826311264,9500,0,1,1,Inter American University of Puerto Rico-Guayama,www.guayama.inter.edu/,25827,0,02282700,0.0322,0,0,0.135,0.752,1,3,NA,NA,3,PR,1661,0.3082,0.6918,0,0,0,0.0024,0.9928,0,0,0,0.0048,2025-11-17
0.3642,21.418181818,5500,Bayamon,2,14935,NA,0.4349914237,0.2726588943,8250,0,1,1,Inter American University of Puerto Rico-Bayamon,bayamon.inter.edu/,29936,0,00502800,0,0.1041,0,0.1405,0.8089,1,3,NA,NA,3,PR,3453,0.572,0.428,0,0.0014,0,6e-4,0.9951,6e-4,0,0,0.0023,2025-11-17
0.8174,19.692844677,5976,Aguadilla,1,14727,NA,0.5503199535,0.2815472416,5500,0,1,1,University of Puerto Rico-Aguadilla,https://www.uprag.edu/,27997,0,01212300,0.1022,0,0,0.3729,0.8196,0.7887,3,NA,921,3,PR,1847,0.4727,0.5273,0.0076,0,0,0.0022,0.9762,0,0,0,0.0141,2025-11-17
0.6226,19.645095018,8055,Arecibo,1,18320,NA,0.5957883924,0.2242355606,4500,0,1,1,University of Puerto Rico-Arecibo,www.upra.edu/,30512,0,00722800,0.0325,0,0,0.1447,0.8571,0.8341,3,NA,NA,3,PR,2788,0.3935,0.6065,0,0,0,0,1,0,0,0,0,2025-11-17
0.9245,19.587659158,5674,Bayamon,1,12527,NA,0.5019588639,0.1820608649,5500,0,1,1,University of Puerto Rico-Bayamon,www.uprb.edu/,34409,0,01097500,0.1753,0,0,0.3534,0.7793,0.8304,3,NA,NA,3,PR,2967,0.4958,0.5042,0,0,0,0,1,0,0,0,0,2025-11-17
0.5273,20.066231811,7457,Carolina,1,21072,NA,0.6201705971,0.1844011142,5500,0,1,1,University of Puerto Rico-Carolina,www.uprc.edu/,30626,0,03016000,0.0237,0,0,0.3018,0.7419,0.6237,3,NA,904,3,PR,2367,0.3507,0.6493,0,0.0097,0,0.0376,0.921,0,0,0.0308,8e-4,2025-11-17
0.9584,19.376344086,5705,Cayey,1,15746,4663,0.664516129,0.1912908243,5000,0,1,1,University of Puerto Rico at Cayey,www.cayey.upr.edu/,30958,0,00720600,0.0636,0,0,0.1965,0.7568,0.9103,3,NA,978,3,PR,2201,0.3194,0.6806,0,0,0,0,1,0,0,0,0,2025-11-17
0.5849,19.495633188,5794,Humacao,1,19404,24601,0.6555676856,0.2226967663,5500,0,1,1,University of Puerto Rico-Humacao,www.upr.edu/humacao/,29521,0,00394300,0.034,0,0,0.2257,0.7935,0.7927,3,NA,NA,3,PR,2555,0.3354,0.6646,0,0.0063,0,0.0387,0.8736,0,0,0.0814,0,2025-11-17
0.6411,19.46361186,8231,Utuado,1,18868,NA,0.5121293801,0.2723658052,3500,0,1,1,University of Puerto Rico-Utuado,www.uprutuado.edu/,23906,0,01092200,0.027,0,0,0.1622,0.815,0.78,2,NA,NA,3,PR,310,0.4935,0.5065,0,0,0,0.029,0.4742,0,0,0.4968,0,2025-11-17
0.5217,19.547921334,8597,Mayaguez,1,19190,380505,0.4739855614,0.1701680672,8250,0,1,1,University of Puerto Rico-Mayaguez,https://www.uprm.edu/,48992,0,00394400,0.0178,0.353,0.0029,0.0951,0.6456,0.9472,3,NA,NA,3,PR,9564,0.5589,0.4411,0,0,0,0,0.9354,0,3e-4,0.0643,0,2025-11-17
NA,22.760517799,7145,San Juan,1,NA,4041266,0.7346278317,0.1689655172,PS,0,1,1,University of Puerto Rico-Medical Sciences,www.rcm.upr.edu/,45953,0,02460000,0,0,0,0,0.6629,0.6674,3,NA,NA,3,PR,224,0.1741,0.8259,0,0,0,0,1,0,0,0,0,2025-11-17
0.5614,19.474878444,5768,Ponce,1,14399,NA,0.565099946,0.2142857143,5500,0,1,1,University of Puerto Rico at Ponce,www.uprp.edu/,31394,0,00965200,0.0344,0,0,0.2405,0.8113,0.5856,3,NA,NA,3,PR,2276,0.4605,0.5395,0,0,0,0,1,0,0,0,0,2025-11-17
0.532,19.864989518,6119,San Juan,1,13337,998598,0.6184486373,0.1558323896,5500,0,1,1,University of Puerto Rico-Rio Piedras,https://www.uprrp.edu/,35723,0,00710800,0.0935,0,0.0028,0.1982,0.6475,0.7308,3,NA,NA,3,PR,8748,0.3673,0.6327,2e-4,0.0123,2e-4,0.0527,0.845,0,0,0.0888,7e-4,2025-11-17
NA,24.002753623,3971,Carolina,2,13837,24860588,0.5856521739,0.4060663507,14500,0,1,1,Universidad Ana G. Mendez-Carolina Campus,uagm.edu/,24328,0,00394100,0.0344,0,0,0.2073,0.699,1,3,NA,NA,3,PR,4383,0.3986,0.6014,0,0,0,0,1,0,0,0,0,2025-11-17
0.5341,24.80457934,4089,Santurce,2,19550,21613015,0.6112886049,0.2772397094,16250,0,1,1,Universidad del Sagrado Corazon,www.sagrado.edu/,31754,0,00393700,0.0055,0,0,0.138,0.7081,0.2177,3,30,NA,3,PR,4042,0.3501,0.6499,0,2e-4,5e-4,0.0015,0.9973,0,0,0,5e-4,2025-11-17
NA,23.012345679,4952,Hato Rey,2,21894,23421518,0.2235217674,0.2195994278,22564,0,1,1,Universidad Politecnica de Puerto Rico,www.pupr.edu/,47540,0,02100000,0,0.7818,0,0.0364,0.6232,0.629,3,NA,NA,3,PR,3791,0.7114,0.2886,0,0,5e-4,0.0011,0.9947,0,0,0.0016,0.0021,2025-11-17
0.973,21.188372093,4018,Mayaguez,2,15334,3682092,0.5843023256,0.3084022915,15500,0,1,1,Pontifical Catholic University of Puerto Rico-Mayaguez,https://mayaguez.pucpr.edu/,24908,0,00393603,0.0336,0,0,0.2353,0.8346,0.6875,3,30,NA,3,PR,597,0.3551,0.6449,0,0,0,0,0.995,0,0,0.005,0,2025-11-17
NA,23.820619059,4369,Gurabo,2,14081,28647784,0.579454058,0.3655705996,13448,0,1,1,Universidad Ana G. Mendez-Gurabo Campus,uagm.edu/,26223,0,01171900,0.0482,0.0742,0,0.1568,0.8266,1,3,NA,NA,3,PR,7666,0.4005,0.5995,0,0,0,0,1,0,0,0,0,2025-11-17
0.8091,20.243144424,3167,Pohnpei,1,10519,8554945,0.5843997562,0.4718361375,PS,0,0,1,College of Micronesia-FSM,www.comfsm.fm/,24651,0,01034300,0.2298,0,0,0.1125,0.6348,1,2,NA,NA,2,FM,1740,0.3937,0.6063,0,0,0.0017,0,0,0.9983,0,0,0,2025-11-17
NA,22.436241611,2146,Koror,1,9408,7557306,0.5592841163,0.4262295082,PS,0,0,2,Palau Community College,palau.edu/,29898,0,01100900,0.0123,0,0,0.1605,0.7203,0.7609,2,NA,NA,2,PW,386,0.4352,0.5648,0,0,0.0363,0,0,0.9611,0,0,0.0026,2025-11-17
0.9744,21.588585018,7040,Charlotte Amalie,1,16582,53390418,0.6825208086,0.4661764706,16800,1,0,1,University of the Virgin Islands,www.uvi.edu/,38681,0,00394600,0.0628,0,0.0262,0.3037,0.4623,1,3,NA,915,3,VI,1431,0.3138,0.6862,0.0294,7e-4,0.0056,0.6883,0.1516,0.0035,0.0615,0.0056,0.0538,2025-11-17
0.0391,19.709330144,24226,Stanford,2,82162,36338794000,0.4940191388,0.3033854167,12000,0,0,1,Stanford University,www.stanford.edu/,124080,0,00130500,0,0.164,0.0559,0,0.1923,0.99,3,NA,1553,3,CA,7841,0.4832,0.5168,0.0958,0.0079,0.2747,0.0791,0.1766,0.0024,0.1178,0.0041,0.2416,2025-11-17
0.503,19.969792488,14107,West Lafayette,1,22567,3547305269,0.4732072498,0.1853810686,19500,0,0,1,Purdue University-Main Campus,https://www.purdue.edu/,72424,0,00182500,0.0287,0.2354,0.0301,0.1527,0.1298,0.9669,3,NA,1342,3,IN,39637,0.5754,0.4246,0.0517,9e-4,0.1396,0.0259,0.0731,4e-4,0.1015,0.016,0.591,2025-11-17
NA,30.115942029,6768,Dallas,2,35819,35508000,0.7336956522,0.3894736842,12288,0,0,1,Parker University,www.parker.edu/,42091,0,02305300,0,0,0,0.0164,0.4795,0.5762,2,NA,NA,3,TX,494,0.2976,0.7024,0.0283,0.0162,0.0506,0.3138,0.0992,0.004,0.0061,0.1356,0.3462,2025-11-17
0.7714,28.823505155,2686,San Juan,2,12983,624442,0.664742268,0.44092827,14000,0,1,1,EDP University of Puerto Rico Inc-San Juan,https://edpuniversity.edu/,22844,0,02165100,0,0,0,0.0477,0.5775,0.94,2,NA,NA,2,PR,1258,0.2631,0.7369,0,0,0,0,1,0,0,0,0,2025-11-17
0.9959,23.290572339,5960,Atlanta,1,16117,2331992,0.6300794494,0.3232381391,20903,0,0,2,Georgia State University-Perimeter College,perimeter.gsu.edu/,47384,0,00157406,0,0,0,0.002,0.4317,0.7022,2,NA,963,3,GA,12871,0.3841,0.6159,0.0496,0.001,0.0939,0.484,0.1649,5e-4,0.0562,0.0054,0.1446,2025-11-17
NA,29.538999264,5125,Clarkston,1,15977,NA,0.642384106,0.463255814,12666,0,0,2,Georgia Piedmont Technical College,www.gptc.edu/,34619,0,00562200,0.0241,0,0,0.1301,0.421,0.3645,1,NA,NA,1,GA,2069,0.3997,0.6003,0.0387,0.0014,0.0367,0.7559,0.0691,5e-4,0.013,0.0024,0.0822,2025-11-17
NA,24.038461538,7445,Washington,1,10510,268892,0.6153846154,0.4978632479,9300,0,0,2,Warren County Community College,www.warren.edu/,43359,0,02503900,0.0063,0,0,0.2313,0.1099,1,2,NA,NA,2,NJ,867,0.4002,0.5998,0.0242,0.0058,0.0323,0.1003,0.2065,0.0012,0.0069,0.015,0.6078,2025-11-17
0.4946,21.145833333,9334,Santa Fe,2,53018,97641539,0.3819444444,PS,PS,0,0,1,St. John's College,www.sjc.edu/,44985,0,00209300,0,0,0,0,0.2418,0.7213,3,NA,1367,3,NM,369,0.5203,0.4797,0.0569,0.0027,0.0163,0.0108,0.1247,0.0027,0.1301,0.0108,0.645,2025-11-17
NA,35.235294118,6577,Yellow Springs,2,NA,686875,0.7478991597,0.3682539683,23501,0,0,1,Antioch University,www.antioch.edu/,51541,0,00301000,0,0,0,0.06,0.4286,NA,3,NA,NA,3,OH,107,0.215,0.785,0.0561,0.0093,0.0374,0.1308,0.1589,0,0.0093,0.1308,0.4673,2025-11-17
NA,33.947972456,5653,Oklahoma City,2,30612,3544543,0.662586075,0.497824195,26394,0,0,1,Mid-America Christian University,https://www.macu.edu/,46116,0,00694200,0.0256,0,0.0032,0.3866,0.3974,1,3,57,NA,3,OK,1532,0.3388,0.6612,0.0672,0.0587,0.0078,0.1299,0.1527,0.0052,0.0561,0.0222,0.5,2025-11-17
NA,29.171270718,NA,Oklahoma City,1,NA,NA,0.620626151,0.5056689342,PS,0,0,3,Francis Tuttle Technology Center,www.francistuttle.edu/,32996,0,02222700,0.0124,0,0,0.0411,0.087,NA,1,NA,NA,1,OK,825,0.5164,0.4836,0.0739,0.023,0.0218,0.143,0.2776,0.0012,0,0.0109,0.4485,2025-11-17
NA,26.459627329,NA,Drumright,1,NA,NA,0.6832298137,0.5251798561,PS,0,0,3,Central Technology Center,www.centraltech.edu/,36351,0,00996400,0,0.0145,0,0.0205,0.0709,NA,1,NA,NA,1,OK,564,0.6117,0.3883,0.0762,0.0887,0.0018,0.0301,0.055,0,0,0.0567,0.6915,2025-11-17
NA,22.793917921,7658,San Antonio,1,10911,NA,0.602893416,0.6378702398,13393,0,1,2,Palo Alto College,alamo.edu/pac/,37448,0,02341300,0.0496,0,0,0.12,0.2527,0.5343,2,NA,NA,2,TX,7723,0.3901,0.6099,0.0268,0.0012,0.0135,0.0531,0.7769,0.0012,1e-4,0.0041,0.1231,2025-11-17
NA,25.242230347,5647,Athens,1,13425,NA,0.6581352834,0.4912758997,PS,0,0,2,Athens Technical College,www.athenstech.edu/,35951,0,00560000,0.014,0,0,0.0608,0.3462,1,1,NA,NA,1,GA,3153,0.3552,0.6448,0.0266,0.0013,0.0219,0.1805,0.1624,6e-4,0.0073,0.0057,0.5937,2025-11-17
NA,27.913286713,NA,Phoenix,1,NA,NA,0.6181818182,0.5662280702,6750,0,0,3,GateWay Community College-Central City,www.gatewaycc.edu/about-gateway/central-city-campus,46147,0,00830302,0,0,0,0,0.236,NA,1,NA,NA,1,AZ,477,0.413,0.587,0.0273,0.0294,0.0419,0.0461,0.5618,0,0,0.0168,0.2767,2025-11-17
NA,23.198805461,7785,Newton,1,14375,3064750,0.5375426621,0.4326375712,11000,0,0,2,Sussex County Community College,www.sussex.edu/,44664,0,02568800,0.0123,0,0,0.2069,0.3452,1,2,NA,NA,2,NJ,2055,0.5703,0.4297,0.0477,0.0015,0.019,0.0968,0.1883,5e-4,0.0058,0.0073,0.6331,2025-11-17
0.4365,21.187165775,7020,Putney,2,81895,24424859,0.2994652406,PS,17500,0,0,1,Landmark College,www.landmark.edu/,29813,0,02532600,0,0,0,0.028,0.1436,1,2,NA,NA,2,VT,480,0.6396,0.3604,0.0604,0.0042,0.0188,0.0479,0.0625,0,0.0188,0.0646,0.7229,2025-11-17
NA,25.050658425,8210,McKinney,1,14409,14444522,0.5997043805,0.4099119963,7500,0,0,1,Collin County Community College District,https://www.collin.edu/,48701,0,02361400,0.015,0.0018,0,0.1109,0.1622,0.2696,2,NA,NA,2,TX,25857,0.4777,0.5223,0.051,0.0037,0.1302,0.1443,0.2519,0.001,0.0152,0.0213,0.3815,2025-11-17
NA,23.998180716,5392,Owensboro,1,12483,NA,0.5609460279,0.4952316076,7933,0,0,2,Owensboro Community and Technical College,https://owensboro.kctcs.edu/,35798,0,03034500,0,0,0,0.0534,0.2965,0.9444,1,NA,NA,1,KY,2579,0.406,0.594,0.0403,0.0012,0.0186,0.0527,0.053900000000000003,4e-4,4e-4,0.0035,0.829,2025-11-17
NA,28.451612903,NA,Norman,1,NA,NA,0.5806451613,0.4449760766,PS,0,0,2,Moore Norman Technology Center,https://www.mntc.edu/,34000,0,01227200,0,0.0958,0,0.0128,0.0542,NA,1,NA,NA,1,OK,363,0.6061,0.3939,0.1047,0.0634,0.022,0.0193,0.2121,0.0028,0,0.0358,0.5399,2025-11-17
NA,27.530778165,NA,Nashville,1,NA,NA,0.5005807201,0.5077574048,PS,0,0,2,Tennessee College of Applied Technology Nashville,www.tcatnashville.edu/,38955,0,00535900,0,0,0,0.0098,0.3966,NA,1,NA,NA,1,TN,730,0.6096,0.3904,0.0548,0.0014,0.0288,0.2438,0.1288,0.0014,0.0151,0.0178,0.5082,2025-11-17
NA,32.544827586,NA,Duncan,1,NA,NA,0.4896551724,0.7192982456,PS,0,0,3,Red River Technology Center,https://www.rrtc.edu/,31415,0,00531200,0,0.0481,0,0.0214,0.0911,NA,1,NA,NA,1,OK,518,0.5232,0.4768,0.2317,0.0502,0.0019,0.0039,0.0753,0.0019,0,0.0097,0.6255,2025-11-17
NA,22.494235775,7336,Wadley,1,15417,NA,0.5953886203,0.4423157018,11000,0,0,2,Southern Union State Community College,www.suscc.edu/,36597,0,00104000,0,0,0,0.0124,0.3484,0.3923,1,NA,NA,1,AL,3888,0.4414,0.5586,0.0394,0.0021,0.0139,0.2014,0.0463,5e-4,0.0059,0.0123,0.6782,2025-11-17
NA,29.865168539,6993,Hayward,1,16228,4214332,0.5,0.5079365079,PS,0,0,1,Lac Courte Oreilles Ojibwe University,www.lco.edu/,24302,0,02532200,0.0851,0,0,0.2766,0.7396,0.6957,2,NA,NA,2,WI,205,0.2244,0.7756,0,0.8049,0.0049,0.039,0,0,0,0,0.1512,2025-11-17
NA,23.19342723,8498,Cottleville,1,13249,97328,0.6117370892,0.4204965663,6187,0,0,2,St Charles Community College,www.stchas.edu/,42422,0,02530600,0.0313,0.0186,0,0.0566,0.2484,0.2479,2,NA,NA,2,MO,5008,0.4111,0.5889,0.0557,0.0026,0.0238,0.0919,0.0673,0.0016,0.026,0.0549,0.6763,2025-11-17
NA,32.534366309,9609,Aliso Viejo,1,33365,NA,0.7008343266,0.499765808,24276,0,0,1,University of Massachusetts Global,https://www.umassglobal.edu/,65703,0,04161800,0.043,0,0,0.3151,0.2292,0.1068,3,NA,NA,3,CA,4902,0.3201,0.6799,0.0563,0.012,0.0412,0.1251,0.049,0.0049,0.001,0.083,0.6275,2025-11-17
0.74,20.115254237,9439,Sarasota,1,20732,45480122,0.6745762712,0.2093862816,17375,0,0,1,New College of Florida,www.ncf.edu/,48082,0,03957400,0,0,0,0,0.3034,0.845,3,NA,1137,3,FL,707,0.4229,0.5771,0.0467,0.0028,0.0396,0.0552,0.2291,0.0014,0.0438,0.0085,0.5728,2025-11-17
NA,30.238396624,NA,Oklahoma City,1,NA,NA,0.5063291139,0.5147453083,9500,0,0,2,Metro Technology Centers,https://www.metrotech.edu/,38830,0,00533900,0.0161,0.0161,0,0.0305,0.1518,NA,1,NA,NA,1,OK,1337,0.5445,0.4555,0,0.0426,0.0359,0.2251,0.4862,0.0127,0,0.0307,0.1668,2025-11-17
NA,23.574683544,5365,Las Vegas,1,11547,942673,0.4886075949,0.476744186,PS,0,1,2,Luna Community College,www.luna.edu/,32461,0,00996200,0.0336,0.0134,0,0.0604,0.2497,0.4,2,NA,NA,1,NM,459,0.3878,0.6122,0.0044,0.0283,0.0131,0.0174,0.7821,0.0022,0,0.0131,0.1394,2025-11-17
NA,22.494714588,2281,Ponce,2,10042,4132,0.5554968288,0.4988095238,10500,0,1,1,Caribbean University-Ponce,www.caribbean.edu/,22842,0,01252502,0.0484,0.5323,0,0.0806,0.7457,0.2581,3,NA,NA,3,PR,419,0.6468,0.3532,0,0,0,0,1,0,0,0,0,2025-11-17
NA,22.494714588,2185,Vega Baja,2,9920,2156,0.5554968288,0.4988095238,10500,0,1,1,Caribbean University-Vega Baja,www.caribbean.edu/,22842,0,01252501,0.0667,0,0,0.4,0.7943,NA,3,NA,NA,3,PR,176,0.2955,0.7045,0,0,0,0,1,0,0,0,0,2025-11-17
NA,25.553899083,10266,Phoenix,1,19032,NA,0.5948012232,0.4671434958,6995,0,0,1,Paradise Valley Community College,https://www.paradisevalley.edu/,47196,0,02623600,0.0241,0.0031,0.001,0.1941,0.1874,1,2,NA,NA,1,AZ,4076,0.4384,0.5616,0.0488,0.015,0.0334,0.041,0.3194,0.002,0.013,0.0285,0.499,2025-11-17
NA,24.673280783,10079,Chandler,1,17377,NA,0.5379179125,0.4304960196,7000,0,1,2,Chandler-Gilbert Community College,www.cgc.maricopa.edu/,51111,0,03072200,0.0206,0.013,0.0014,0.2313,0.1087,1,1,NA,NA,1,AZ,7626,0.5064,0.4936,0.0573,0.0208,0.0497,0.053,0.3106,0.0035,0.0108,0.0181,0.4761,2025-11-17
NA,27.994382022,NA,Lawton,1,NA,NA,0.606741573,0.5466666667,PS,0,0,3,Great Plains Technology Center,www.greatplains.edu/,42376,0,01071700,0,0,0,0,0.2287,NA,1,NA,NA,1,OK,152,0.3355,0.6645,0,0.0395,0.0197,0.2697,0.1382,0.0066,0,0.0724,0.4539,2025-11-17
NA,28.575471698,NA,Ponca City,1,NA,NA,0.7735849057,0.4819277108,PS,0,0,3,Pioneer Technology Center,pioneertech.edu/,29841,0,01120600,0,0,0,0.0057,0.1413,NA,1,NA,NA,1,OK,125,0.368,0.632,0.104,0.104,0.008,0.04,0.176,0,0,0,0.568,2025-11-17
NA,29.35,NA,Uniontown,1,NA,NA,0.5666666667,0.6944444444,8444,0,0,3,Portage Lakes Career Center,www.plcc.edu/,38316,0,00888600,0,0,0,0,0.3878,NA,1,NA,NA,1,OH,217,0.1935,0.8065,0.0599,0.0046,0.0046,0.2857,0.0323,0.0046,0,0,0.6083,2025-11-17
NA,26.435483871,NA,Fort Cobb,1,NA,NA,0.6693548387,0.6421052632,PS,0,0,3,Caddo Kiowa Technology Center,cktc.edu/,21576,0,00996300,0.0513,0.0769,0,0.0385,0.1494,NA,1,NA,NA,1,OK,108,0.3519,0.6481,0.1481,0.1574,0,0.0648,0.1481,0,0,0.0093,0.4722,2025-11-17
NA,27.945054945,NA,Ardmore,1,NA,NA,0.5934065934,0.6329113924,PS,0,0,3,Southern Oklahoma Technology Center,https://www.sotech.edu/,29012,0,01034200,0,0,0,0,0.1389,NA,1,NA,NA,1,OK,180,0.45,0.55,0.2222,0.1,0,0.0667,0.1056,0,0,0.0222,0.4833,2025-11-17
0.8417,26.248275862,NA,Enid,1,NA,NA,0.7379310345,0.5565217391,PS,0,0,2,Autry Technology Center,autrytech.edu/,40389,0,00834300,0.0308,0,0,0.0274,0.1626,NA,1,NA,NA,1,OK,432,0.5139,0.4861,0.0486,0.0231,0.0046,0.0255,0.2338,0.0255,0,0.088,0.5509,2025-11-17
NA,27.983870968,NA,El Reno,1,NA,NA,0.7043010753,0.5844155844,PS,0,0,2,Canadian Valley Technology Center,www.cvtech.edu/,31355,0,00996500,0.0348,0.0522,0,0.047,0.0924,NA,1,NA,NA,1,OK,624,0.5481,0.4519,0.0016,0.125,0.0224,0.0785,0.149,0.0048,0,0.0016,0.617,2025-11-17
0.5579,28.593886463,NA,Wilkes Barre,1,NA,NA,0.8995633188,0.6060606061,17678,0,0,3,Wilkes-Barre Area Career and Technical Center Practical Nursing,https://www.wbpracnsg.com/,48705,0,02529800,0,0,0,0,0.5969,NA,1,NA,NA,1,PA,102,0.0784,0.9216,0.0098,0.0196,0.0196,0.3137,0.1176,0,0,0.0098,0.5098,2025-11-17
NA,27.3046875,NA,Stillwater,1,NA,NA,0.5390625,0.5045045045,PS,0,0,2,Meridian Technology Center,https://www.meridiantech.edu/,34451,0,02060800,0,0.0431,0,0.0249,0.1075,NA,1,NA,NA,1,OK,309,0.5437,0.4563,0.068,0.0453,0.0194,0.0324,0.0841,0.0032,0,0.0939,0.6537,2025-11-17
NA,37.6,3899,Deerfield Beach,2,NA,NA,0.5142857143,PS,PS,0,0,1,South Florida Bible College and Theological Seminary,https://www.sfbc.edu/,45354,0,03264300,0,0,0,0.3958,0.2143,0.7,2,42,NA,2,FL,271,0.4244,0.5756,0.0185,0.0037,0,0.1292,0.2177,0,0.3395,0.0627,0.2288,2025-11-17
NA,22.10330993,9876,Williamsport,1,32595,26134155,0.396522902,0.3634732687,23961,0,0,1,Pennsylvania College of Technology,https://www.pct.edu/,52567,0,00339500,0,0.0264,0,0.0922,0.3187,0.5784,2,NA,NA,2,PA,4254,0.6598,0.3402,0.0256,0.0019,0.0134,0.0369,0.052,0.0016,0,0.0068,0.8618,2025-11-17
NA,31.431506849,5104,Houston,2,43890,NA,0.6917808219,0.4573643411,9500,0,0,2,Commonwealth Institute of Funeral Service,https://www.commonwealth.edu/,37786,0,00355600,0,0,0,0,0.3564,NA,2,NA,NA,2,TX,382,0.2225,0.7775,0,0,0.0131,0.3063,0.288,0.0026,0,0,0.3901,2025-11-17
NA,24.435897436,5940,Box Elder,1,13607,5372761,0.5128205128,0.2680412371,PS,0,0,1,Stone Child College,www.stonechild.edu/,24555,0,02610900,0.1563,0,0,0.3438,0.4164,0.5909,2,NA,NA,2,MT,187,0.2941,0.7059,0,0.9412,0,0,0,0,0,0,0.0588,2025-11-17
NA,21.888389591,11827,Selden,1,11626,10546907,0.5318215069,0.4596203945,8250,0,1,2,Suffolk County Community College,https://www.sunysuffolk.edu/,49907,0,00287800,0.0104,0.0076,0,0.1248,0.2263,0.2449,2,NA,NA,2,NY,14134,0.46,0.54,0.0289,0.0025,0.0476,0.0899,0.4012,0.0012,0.004,0.0154,0.4094,2025-11-17
NA,24.372121212,12838,Livermore,1,14810,NA,0.5442424242,0.4820895522,PS,0,0,2,Las Positas College,www.laspositascollege.edu/,51088,0,03035700,0.0073,0.0058,0.016,0.1415,0.1419,0.3947,2,NA,NA,2,CA,6766,0.4849,0.5151,0.0786,0.0022,0.2421,0.0421,0.3028,0.0046,0.0142,0.0118,0.3015,2025-11-17
NA,25.165354331,5358,Statesboro,1,15527,NA,0.719160105,0.459937565,9500,0,0,2,Ogeechee Technical College,www.ogeecheetech.edu/,31248,0,03030000,0.0195,0,0,0.1047,0.4235,NA,1,NA,NA,1,GA,1781,0.3217,0.6783,0.0387,0.0034,0.0062,0.3335,0.0752,0,0.0022,6e-4,0.5401,2025-11-17
NA,27.401734739,4074,Mobile,2,32615,NA,0.7714097497,0.5946662943,13271,0,0,2,Remington College-Mobile Campus,https://www.remingtoncollege.edu/locations/mobile/,31349,0,03026516,0,0,0,0,0.9294,NA,1,NA,NA,1,AL,244,0.1066,0.8934,0.0205,0.0082,0,0.7008,0.0082,0,0,0.0041,0.2582,2025-11-17
0.957,23.506063947,10830,San Marcos,1,21144,31187653,0.6596839397,0.4825760918,17350,0,1,1,California State University-San Marcos,www.csusm.edu/,62908,0,03011300,0.033,0.0146,0.0088,0.1371,0.436,0.4793,3,NA,NA,3,CA,14174,0.4165,0.5835,0.06,0.0032,0.096,0.0382,0.5125,0.0032,0.0082,0.0294,0.2493,2025-11-17
NA,24.089115017,6335,Bentonville,1,10593,8759589,0.5969781067,0.5244428469,9506,0,0,2,NorthWest Arkansas Community College,www.nwacc.edu/,43505,0,03063300,0.0116,0,0,0.0701,0.1974,0.2723,2,NA,NA,2,AR,4632,0.4156,0.5844,0.0473,0.0117,0.0361,0.0307,0.2824,0.0097,0.003,0.0209,0.5583,2025-11-17
NA,29.635555556,NA,Tampa,1,NA,NA,0.6977777778,0.55,PS,0,0,2,H W Brewster Technical College,www.hillsboroughschools.org/Brewster,27053,0,02601600,0,0,0,0.0234,0.0534,NA,1,NA,NA,1,FL,1502,0.4794,0.5206,0.0413,0.0053,0.1039,0.2796,0.1678,0.0027,0.0013,0,0.3981,2025-11-17
1,28.717391304,NA,Springfield,1,NA,NA,PS,0.5384615385,9500,0,0,3,Capital Area Career Center,https://caccspringfield.org/,55357,0,01071000,0,0,0,0,0.6132,NA,1,NA,NA,1,IL,115,0.0609,0.9391,0.0174,0,0.0087,0.4174,0.0435,0,0,0,0.513,2025-11-17
NA,28.163461538,NA,Altus,1,NA,NA,0.6057692308,0.523255814,PS,0,0,3,Southwest Technology Center,www.swtech.edu/,48966,0,03008700,0.0353,0,0,0.0412,0.2082,NA,1,NA,NA,1,OK,309,0.5469,0.4531,0.1068,0.0194,0.0065,0.0485,0.3042,0.0032,0,0,0.5113,2025-11-17
NA,24.938107869,5120,Vidalia,1,15292,NA,0.7462422635,0.4972737186,5750,0,0,2,Southeastern Technical College,www.southeasterntech.edu/,30329,0,03066500,0.0041,0,0,0.0743,0.3887,0.4809,1,NA,NA,1,GA,1091,0.2667,0.7333,0.0192,9e-4,0.0018,0.2768,0.1192,0,0.0073,0.0037,0.571,2025-11-17
NA,27.190821256,NA,Tampa,1,NA,NA,0.5410628019,0.4858934169,PS,0,0,2,Erwin Technical College,www.hillsboroughschools.org/erwin,37966,0,00559400,0,0,0,0.0373,0.3282,NA,1,NA,NA,1,FL,556,0.5737,0.4263,0.0378,0.0018,0.0198,0.3507,0.4065,0.0018,0,0.0126,0.1691,2025-11-17
0.9489,27.443502825,6267,Pleasant Gap,1,NA,NA,0.4943502825,0.5465838509,9454,0,0,2,Central Pennsylvania Institute of Science and Technology,www.cpi.edu/,41677,0,00533500,0,0,0,0,0.6051,1,1,NA,NA,1,PA,126,0.4048,0.5952,0,0,0.0159,0.0079,0.0159,0,0.0159,0,0.9444,2025-11-17
NA,27.607520564,NA,Downey,1,NA,NA,0.8813160987,0.6773648649,PS,0,0,2,Downey Adult School,www.das.edu/,46851,0,00563800,0,0,0,0,0.5952,NA,1,NA,NA,1,CA,844,0.2405,0.7595,0.0237,0.0059,0.045,0.0521,0.7666,0.0012,0,0.0059,0.0995,2025-11-17
NA,21.015384615,5622,Brooklyn,2,18269,NA,PS,PS,PS,0,0,1,Yeshiva Gedolah Imrei Yosef D'spinka,spinka58st.com/,36545,0,03000100,0,0,0,0,0.9133,NA,3,80,NA,3,NY,232,1,0,0,0,0,0,0,0,0,0,1,2025-11-17
NA,29.775956284,NA,Mount Vernon,1,NA,NA,0.7540983607,0.6060606061,9500,0,0,3,Knox County Career Center,https://www.knoxtechnicalcenter.com/,38212,0,02336300,0,0,0,0,0.3113,NA,1,NA,NA,1,OH,110,0.3909,0.6091,0.0091,0,0,0.0364,0.0273,0,0,0.0364,0.8909,2025-11-17
NA,27.401734739,4415,Cleveland,2,27834,NA,0.7714097497,0.5946662943,13271,0,0,2,Remington College-Cleveland Campus,https://www.remingtoncollege.edu/locations/cleveland/,31349,0,03026511,0,0,0,0,0.9839,NA,1,NA,NA,1,OH,133,0.3534,0.6466,0.0301,0,0,0.8421,0.0451,0,0,0.0075,0.0752,2025-11-17
NA,27.328063241,NA,Shawnee,1,NA,NA,0.4584980237,0.5409090909,PS,0,0,2,Gordon Cooper Technology Center,www.gctech.edu/,42021,0,00996800,0.0221,0.0639,0,0.0319,0.1189,NA,1,NA,NA,1,OK,208,0.6827,0.3173,0.1394,0.0721,0,0.0096,0.101,0,0,0,0.6779,2025-11-17
NA,26.693721286,NA,McAlester,1,NA,NA,0.6202143951,0.6063432836,PS,0,0,3,Kiamichi Technology Center-McAlester,www.ktc.edu/,31625,0,00920400,0.0073,0.0098,0,0.0134,0.1076,NA,1,NA,NA,1,OK,575,0.5722,0.4278,0.0696,0.2487,0.0017,0.0383,0.0609,0.0017,0,0.0278,0.5513,2025-11-17
1,33.84516129,NA,Willow Grove,1,NA,NA,0.8709677419,0.5714285714,11200,0,0,3,Eastern Center for Arts and Technology,www.eastech.org/,56446,0,02492600,0,0,0,0,0.269,NA,1,NA,NA,1,PA,181,0.0331,0.9669,0.0221,0,0.0608,0.7735,0.0221,0,0,0,0.1215,2025-11-17
NA,25.811239193,1804,Aguadilla,2,NA,NA,0.5806916427,0.6040609137,PS,0,1,1,Universal Technology College of Puerto Rico,www.unitecpr.edu/,19878,0,03029700,0,0,0,0,0.6023,0.3621,1,NA,NA,1,PR,149,0.2685,0.7315,0,0,0,0,1,0,0,0,0,2025-11-17
NA,21.218295218,2383,Majuro,1,17852,1940624,0.5093555094,0.5945611867,PS,0,0,1,College of the Marshall Islands,https://www.cmi.edu/,NA,0,03022400,0.325,0,0,0.2583,0.9552,0.5679,2,NA,NA,2,MH,1216,0.4449,0.5551,0,0,0.0041,0,8e-4,0.9951,0,0,0,2025-11-17
NA,27.401734739,4449,North Richland Hills,2,31426,NA,0.7714097497,0.5946662943,13271,0,0,2,Remington College-Fort Worth Campus,https://www.remingtoncollege.edu/locations/fort-worth/,31349,0,03026506,0,0,0,0,0.8453,NA,1,NA,NA,1,TX,164,0.4573,0.5427,0.0549,0,0.0244,0.4939,0.2256,0.0061,0,0,0.1951,2025-11-17
0.9177,22.528038637,12836,Bothell,1,24462,93819217,0.5746355424,0.3272745332,14615,0,0,1,University of Washington-Bothell Campus,https://www.uwb.edu/,78466,0,00379802,0.04,0.0715,0.0164,0.2362,0.2843,0.6358,3,NA,1376,3,WA,5228,0.5564,0.4436,0.0691,0.0017,0.3531,0.101,0.1056,0.0025,0.0298,0.0604,0.2768,2025-11-17
0.8295,22.528038637,11832,Tacoma,1,24528,93819217,0.5746355424,0.3272745332,14615,0,0,1,University of Washington-Tacoma Campus,https://www.tacoma.uw.edu/,78466,0,00379801,0,0.0428,0.0159,0.1818,0.4019,0.8087,3,NA,NA,3,WA,3989,0.5217,0.4783,0.0885,0.0055,0.2349,0.1131,0.1589,0.0105,0.018,0.0291,0.3414,2025-11-17
NA,27.51010101,6028,Brimley,1,11801,11985586,0.702020202,0.5614035088,PS,0,0,1,Bay Mills Community College,bmcc.edu/,30048,0,03066600,0.531,0,0,0.1062,0.4209,0.2025,1,NA,NA,1,MI,531,0.2015,0.7985,0,0.6742,0,0.0188,0.0113,0,0,0,0.2957,2025-11-17
NA,26.672205438,8283,Cloquet,1,18557,NA,0.5,0.3989169675,14181,0,0,1,Fond du Lac Tribal and Community College,www.fdltcc.edu/,45665,0,03129100,0.0332,0,0,0.0142,0.1905,0.3108,2,NA,NA,2,MN,457,0.3567,0.6433,0.1094,0.2757,0.0044,0.0219,0.0481,0.0022,0,0.0088,0.5295,2025-11-17
NA,28.487272727,5593,Bellingham,1,14696,NA,0.6545454545,0.4666666667,PS,0,0,1,Northwest Indian College,www.nwic.edu/,35447,0,02180000,0.0333,0,0,0.1467,0.4946,0.3176,2,NA,NA,2,WA,677,0.257,0.743,0.0945,0.774,0,0.0015,0.1049,0.0074,0,0,0.0177,2025-11-17
NA,29.452200303,NA,Santa Maria,2,NA,NA,0.3389984825,0.6925388082,7041,0,0,3,CET-Santa Maria,https://www.cetweb.edu/,32986,0,02332803,0,0,0,0.1154,0.305,NA,1,NA,NA,1,CA,125,0.288,0.712,0.008,0,0,0.008,0.96,0.008,0,0,0.016,2025-11-17
NA,26.564356436,NA,Concord,1,NA,NA,PS,0.6,PS,0,0,3,Mt. Diablo Adult Education-Mt. Diablo USD,https://mdae.mdusd.org/,40175,0,03062400,0,0,0,0.0318,0.2076,NA,1,NA,NA,1,CA,153,0.1569,0.8431,0.0131,0.0065,0.098,0.1503,0.4837,0.0392,0,0,0.2092,2025-11-17
0.8352,28.717741935,NA,La Puente,1,NA,NA,0.7231182796,0.6640625,PS,0,0,3,Hacienda La Puente Adult Education,www.hlpae.com/,39271,0,00565500,0,0,0,0.0425,0.267,NA,1,NA,NA,1,CA,496,0.4415,0.5585,0.002,0,0.1169,0.0242,0.7923,0.004,0,0.0121,0.0484,2025-11-17
NA,25.809432146,9425,Hilo,1,15161,NA,0.572666025,0.4839424142,10500,0,0,2,Hawaii Community College,www.hawaii.hawaii.edu/,34891,0,00525800,0.0165,0,0,0.0686,0.3089,0.5096,2,NA,NA,2,HI,1470,0.417,0.583,0.3762,0.0075,0.1422,0.0116,0.1973,0.0891,0.015,0.0095,0.1517,2025-11-17
NA,27.014925373,NA,Altoona,1,NA,NA,0.6604477612,0.5702479339,9500,0,0,3,Greater Altoona Career & Technology Center,www.gactc.edu/,38008,0,01086000,0,0,0,0,0.4783,NA,1,NA,NA,1,PA,174,0.2931,0.7069,0.0115,0,0,0.0575,0.046,0.0057,0,0.0172,0.8621,2025-11-17
NA,24.292035398,6507,Ruidoso,1,11194,749236,0.5820595334,0.4558617468,16500,0,0,2,Eastern New Mexico University Ruidoso Branch Community College,www.ruidoso.enmu.edu/,38550,1,00265102,0.0109,0,0,0.0652,0.1245,0.1778,2,NA,NA,3,NM,409,0.3276,0.6724,0.0318,0.1467,0.0196,0.022,0.379,0,0.044,0.022,0.335,2025-11-17
0.6037,22.205479452,6728,Leesburg,2,68815,1682950,0.4657534247,0.1911764706,25000,0,0,1,Beacon College,https://www.beaconcollege.edu/,29420,0,03373300,0,0,0,0.181,0.2601,1,3,NA,NA,3,FL,497,0.6217,0.3783,0.0503,0.002,0.0382,0.1167,0.0905,0.004,0.0121,0.004,0.6821,2025-11-17
NA,24.54295302,9982,Avondale,1,17366,NA,0.6261744966,0.5426128774,7500,0,1,2,Estrella Mountain Community College,www.estrellamountain.edu/,44356,0,03156300,0.0196,0.005,0.0023,0.1196,0.2316,1,1,NA,NA,2,AZ,6424,0.3839,0.6161,0.0433,0.0128,0.0291,0.073,0.5875,0.0037,0.0022,0.0107,0.2377,2025-11-17
NA,23.269507187,8161,Normal,1,15314,9633629,0.5657084189,0.3966512702,7826,0,0,2,Heartland Community College,https://www.heartland.edu/,40768,0,03083800,0,0.0013,0,0.0388,0.2061,0.2828,1,NA,NA,2,IL,2991,0.4353,0.5647,0.0625,0.0013,0.0197,0.1297,0.1174,3e-4,0.0157,0.0124,0.6409,2025-11-17
0.8644,33.50527325,5176,Boca Raton,2,36311,NA,0.552253116,0.4180238871,38996,0,0,1,Everglades University,https://www.evergladesuniversity.edu/,47597,0,03108500,0,0,0,0.3818,0.5147,0.2155,3,NA,NA,3,FL,2369,0.4829,0.5171,0.0169,0.0156,0.0148,0.1916,0.1233,0.0034,0,0.1769,0.4576,2025-11-17
0.879,19.059952038,NA,Brooklyn,2,23916,NA,PS,PS,PS,0,0,2,Seminar L'moros Bais Yaakov,seminarlmorosbaisyaakov.com/,24366,0,02556700,1,0,0,0,0.7624,0.2712,1,NA,NA,1,NY,371,0,1,0,0,0,0,0,0,0,0,1,2025-11-17
0.8993,31.289940828,7263,Winter Park,2,26011,NA,0.8135465189,0.5209032652,21500,0,1,1,Herzing University-Orlando,https://www.herzing.edu/,36909,0,00962111,0,0,0,0.0492,0.5986,0.1905,2,NA,NA,2,FL,700,0.1657,0.8343,0.0257,0.0057,0.0471,0.3814,0.2914,0.0043,0,0.0457,0.1986,2025-11-17
NA,40.558558559,5464,Houston,2,20532,582820,0.5495495495,0.5088757396,25570,0,0,1,College of Biblical Studies-Houston,https://cbshouston.edu/,39260,0,03422400,0,0,0,0.1143,0.7854,0.5435,3,88,NA,3,TX,482,0.5996,0.4004,0.0083,0.0041,0.056,0.3838,0.2676,0.0041,0.0913,0.0083,0.1763,2025-11-17
NA,27.078167116,NA,Zanesville,1,NA,NA,0.5013477089,0.5753846154,7600,0,0,3,Mid-EastCTC-Adult Education,https://adulted.mideastctc.org/,40416,0,02189000,0,0,0,0,0.2131,NA,1,NA,NA,1,OH,268,0.5261,0.4739,0.0485,0.0112,0.0075,0.0634,0.0075,0,0,0.0672,0.7948,2025-11-17
NA,30.567944251,NA,Middleburg Heights,1,NA,NA,0.4320557491,0.5826086957,6365,0,0,3,Polaris Career Center,https://www.polaris.edu/,38718,0,02352800,0,0,0,0,0.4486,NA,1,NA,NA,1,OH,230,0.5609,0.4391,0.0522,0.0043,0.0348,0.1522,0.1348,0,0,0.0739,0.5478,2025-11-17
NA,26.124242424,9641,Joshua Tree,1,16105,NA,0.6292929293,0.5295597484,PS,0,1,2,Copper Mountain Community College,www.cmccd.edu/,33281,0,03542400,0,0,0.0154,0.0923,0.4432,0.2486,2,NA,NA,2,CA,1090,0.3193,0.6807,0.067,0.0055,0.0569,0.078,0.4202,0.0046,0,0.0101,0.3578,2025-11-17
NA,21.811955168,13371,Orange,1,12617,2031763,0.5479452055,0.5377207063,5125,0,1,2,Santiago Canyon College,www.sccollege.edu/SitePages/Home.aspx,44956,0,03695700,0.0066,0,0.0108,0.1725,0.1155,0.2873,1,NA,NA,2,CA,10613,0.6448,0.3552,0.0404,0.0031,0.0667,0.0238,0.5797,0.0031,0.0096,0.0201,0.2535,2025-11-17
0.6952,19.258064516,13188,Aliso Viejo,2,52758,1400587000,0.7419354839,PS,15650,0,0,1,Soka University of America,www.soka.edu/,55017,0,03814400,0,0,0,0,0.1685,0.7292,3,NA,1360,3,CA,464,0.3922,0.6078,0.053900000000000003,0,0.1013,0.0216,0.1315,0.0022,0.5409,0.0086,0.1401,2025-11-17
NA,51.6,5776,Los Angeles,2,22556,NA,PS,PS,PS,0,1,1,World Mission University,www.wmu.edu/,NA,0,03868300,0,0,0,0,0.4688,0.6364,3,99,NA,3,CA,180,0.2722,0.7278,0,0,0.4056,0,0.2222,0,0.3722,0,0,2025-11-17
NA,24.692748092,6478,Fairfield,1,16961,NA,0.6145038168,0.4083333333,6500,0,0,2,Frontier Community College,https://www.iecc.edu/fcc,37533,0,00174225,0,0,0,0.0913,0.0759,0.2188,1,NA,NA,NA,IL,292,0.4007,0.5993,0.0205,0.0034,0.0137,0.0274,0.0411,0.0034,0,0.0034,0.887,2025-11-17
NA,24.692748092,6858,Robinson,1,17091,NA,0.6145038168,0.4083333333,6500,0,0,2,Lincoln Trail College,https://www.iecc.edu/ltc,37533,0,00174224,0,0,0,0.0573,0.3129,0.2727,1,NA,NA,NA,IL,360,0.3861,0.6139,0.0139,0.0056,0.0083,0.05,0.0944,0.0028,0,0.0361,0.7889,2025-11-17
NA,24.692748092,7199,Mount Carmel,1,16639,NA,0.6145038168,0.4083333333,6500,0,0,2,Wabash Valley College,https://www.iecc.edu/wvc,37533,0,00174226,0,0,0,0.0603,0.2354,0.3433,2,NA,NA,NA,IL,526,0.4316,0.5684,0.0171,0.0057,0.0247,0.0494,0.0399,0,0,0.019,0.8441,2025-11-17
NA,24.008756567,8679,Flagstaff,1,18426,844464,0.5350262697,0.4093161546,10250,0,1,2,Coconino Community College,https://www.coconino.edu/,40420,1,03100400,0.012,0,0,0.0401,0.2063,0.3782,1,NA,NA,2,AZ,2575,0.4497,0.5503,0.0365,0.2171,0.0128,0.019,0.2027,0.0027,0,0.0676,0.4416,2025-11-17
NA,25.472222222,NA,Cleveland,2,NA,NA,PS,0.3770491803,7479,0,0,3,Brillare Beauty Institute,www.brillarebeautyinstitute.edu/,24728,0,03008800,0,0,0,0,0.6814,NA,1,NA,NA,1,TN,259,0.027,0.973,0.0425,0.0039,0.0039,0.1197,0.0656,0,0,0.0386,0.7259,2025-11-17
0.902,19.088235294,5963,Brooklyn,2,19500,NA,PS,PS,PS,0,0,1,Yeshivas Novominsk,https://yeshivasnovominsk.com/,NA,0,03127100,0,0,0,0,0.349,1,2,NA,NA,2,NY,163,1,0,0,0,0,0,0,0,0.0123,0,0.9877,2025-11-17
NA,19.823529412,2931,Brooklyn,2,27700,NA,PS,PS,PS,0,0,1,Rabbinical College of Ohr Shimon Yisroel,https://ohr-sy.com/,NA,0,03129200,0,0,0,0,0.8017,NA,3,80,NA,3,NY,233,1,0,0,0,0,0,0,0,0,0,1,2025-11-17
NA,23.945220193,7507,Westminster,1,8611,10471317,0.6219119227,0.4131736527,11750,0,0,2,Carroll Community College,https://www.carrollcc.edu/,44349,0,03100700,0.0351,0.0273,0,0.1072,0.1553,0.4041,2,NA,NA,2,MD,2006,0.4292,0.5708,0.0573,0.0015,0.0369,0.0578,0.0783,5e-4,0.007,0.0085,0.7522,2025-11-17
NA,28.870192308,NA,Elmira,1,NA,NA,PS,0.5489130435,9500,0,0,3,Schuyler Steuben Chemung Tioga Allegany BOCES,https://www.gstboces.org/page/adult-education,43956,0,01240700,0,0,0,0,0.6723,NA,1,NA,NA,1,NY,170,0.1059,0.8941,0.0765,0,0.0059,0.1059,0.0412,0,0,0,0.7706,2025-11-17
NA,28.971698113,NA,Chillicothe,1,NA,NA,0.5188679245,0.6340206186,5500,0,0,3,Pickaway Ross Joint Vocational School District,www.pickawayross.com/,46485,0,02560700,0,0,0,0,0.2815,NA,1,NA,NA,1,OH,237,0.3333,0.6667,0.0338,0,0,0.0211,0.0084,0,0,0,0.9367,2025-11-17
NA,25.992565056,NA,Lucasville,1,NA,NA,0.5724907063,0.6130434783,5500,0,0,3,Scioto County Career Technical Center,www.sciototech.org/,40584,0,02354200,0,0,0,0,0.6814,NA,1,NA,NA,1,OH,125,0.376,0.624,0,0,0,0.016,0,0,0,0,0.984,2025-11-17
NA,27.678899083,NA,Lebanon,1,NA,NA,0.2889908257,0.57,5500,0,0,3,Warren County Career Center,www.mywccc.org/,49016,0,02245600,0,0,0,0,0.1976,NA,1,NA,NA,1,OH,206,0.5874,0.4126,0.0388,0.0049,0.0146,0.034,0.0146,0,0,0.1262,0.767,2025-11-17
NA,22.154980572,7026,McAllen,1,7505,339528,0.5448604733,0.6088904204,PS,0,1,1,South Texas College,https://www.southtexascollege.edu/,36788,0,03103400,0.0459,0.0107,0.0024,0.1204,0.3593,0.5701,2,NA,NA,2,TX,16131,0.43,0.57,0.0016,9e-4,0.0058,0.0056,0.9485,2e-4,7e-4,0.0124,0.0242,2025-11-17
NA,30.833333333,NA,Oberlin,1,NA,NA,0.4803921569,0.6071428571,PS,0,0,3,Lorain County Joint Vocational School District,https://www.lcjvs.com/AboutACC,35776,0,02603800,0,0,0,0,0.2282,NA,1,NA,NA,1,OH,108,0.1574,0.8426,0.0648,0,0,0.2037,0.1574,0,0,0.0093,0.5648,2025-11-17
0.9483,23.837155201,11013,Seaside,1,26017,32209059,0.6709870389,0.5177157149,12750,0,1,1,California State University-Monterey Bay,https://csumb.edu/,59247,0,03260300,0,0,0.0168,0.1281,0.4299,0.472,3,NA,NA,3,CA,5811,0.4053,0.5947,0.0546,0.0015,0.0614,0.0265,0.5386,0.0029,0.0198,0.0268,0.2678,2025-11-17
NA,31.230769231,7978,West Palm Beach,2,NA,NA,0.9038461538,0.5297297297,20293,0,0,2,Academy for Nursing and Health Occupations,www.anho.edu/,47039,0,03346300,0,0,0,0,0.5303,0.6786,2,NA,NA,1,FL,559,0.0948,0.9052,0.0072,0.0018,0.0107,0.8229,0.0751,0,0,0.0054,0.0769,2025-11-17
NA,27.401734739,4709,Memphis,2,31495,NA,0.7714097497,0.5946662943,13271,0,0,2,Remington College-Memphis Campus,https://www.remingtoncollege.edu/locations/memphis/,31349,0,03026517,0,0,0,0,0.9128,NA,1,NA,NA,1,TN,391,0.3453,0.6547,0.0051,0,0,0.954,0.0051,0,0,0.0051,0.0307,2025-11-17
NA,29.84,6483,Keshena,2,16327,4813924,0.6571428571,0.55,PS,0,0,1,College of Menominee Nation,https://www.menominee.edu/,25853,0,03125100,0.4516,0,0,0.1935,0.5089,0.4,2,NA,NA,2,WI,199,0.2965,0.7035,0,0.9146,0,0.005,0.0201,0,0,0,0.0603,2025-11-17
NA,27.355731225,4883,Cass Lake,1,18199,6249374,0.604743083,0.4611398964,PS,0,0,2,Leech Lake Tribal College,www.lltc.edu/,NA,0,03096400,0.0476,0,0,0.119,0.7047,1,2,NA,NA,2,MN,243,0.3786,0.6214,0.0165,0.9053,0,0.0082,0.0041,0,0,0,0.0658,2025-11-17
0.2162,23.029746282,8377,Angola,2,21976,17737698,0.3919510061,0.3215613383,25000,0,0,1,Trine University-Regional/Non-Traditional Campuses,trine.edu/online/index.aspx,57165,0,00183901,0,0,0,0.6289,0.1298,0.2355,3,NA,NA,3,IN,273,0.4066,0.5934,0.0293,0,0.0183,0.044,0.0696,0,0.1026,0.1062,0.63,2025-11-17
NA,23.889110889,5745,Johnstown,1,12623,368697,0.5694305694,0.4697469747,11000,0,0,2,Pennsylvania Highlands Community College,www.pennhighlands.edu/,38752,0,03180400,0.0511,0,0,0.2044,0.1885,0.377,2,NA,NA,2,PA,719,0.3825,0.6175,0.025,0,0.007,0.0487,0.0362,0,0,0.0264,0.8567,2025-11-17
NA,27.603448276,13561,Houston,1,NA,5253885,0.7068965517,0.4557823129,12500,0,0,1,The University of Texas MD Anderson Cancer Center,www.mdanderson.org/,90232,0,02555400,0,0,0,0,0.3205,1,3,NA,NA,3,TX,322,0.2112,0.7888,0.0373,0,0.2578,0.0683,0.3758,0,0.028,0.0155,0.2174,2025-11-17
NA,25.41005291,NA,Baldwin Park,1,NA,NA,0.4576719577,0.6788321168,PS,0,0,3,Baldwin Park Adult & Community Education,https://bpace.bpusd.net/,32069,0,03067400,0,0,0,0.0217,0.431,NA,1,NA,NA,1,CA,435,0.754,0.246,0.0092,0.0046,0.0897,0.0092,0.846,0.0023,0,0.0023,0.0368,2025-11-17
0.3636,29.885321101,NA,Sunset Hills,1,NA,NA,0.9495412844,0.5769230769,14750,0,0,3,Applied Tech,www.appliedtech.edu/,56508,0,03068600,0,0,0,0,0.744,NA,1,NA,NA,1,MO,152,0.0724,0.9276,0.0197,0.0066,0.0066,0.8421,0.0066,0,0,0,0.1184,2025-11-17
1,29.099337748,6194,Cape Girardeau,2,27592,NA,0.8476821192,0.4785714286,11500,0,0,1,Southeast Missouri Hospital College of Nursing and Health Sciences,www.sehcollege.edu/,60918,0,03070900,0,0,0,0,0.4627,1,2,NA,1020,2,MO,146,0.1233,0.8767,0.0274,0,0,0.0479,0.0342,0,0,0,0.8904,2025-11-17
NA,30.252427184,NA,Hicksville,1,46071,NA,0.8673139159,0.4769874477,9500,0,0,3,Veeb Nassau County School of Practical Nursing,www.veebpnprogram.org/,62185,0,01229300,0,0,0,0,0.9602,NA,1,NA,NA,1,NY,388,0.1598,0.8402,0.0902,0.0026,0.0515,0.6985,0.1005,0.0052,0,0,0.0515,2025-11-17
NA,28.82278481,NA,Albany,1,NA,NA,0.9071729958,0.515625,9500,0,0,3,Albany BOCES-Adult Practical Nursing Program,https://www.capitalregionboces.org/adult-education/classes-programs/,47733,0,02170200,0,0,0,0,0.7216,NA,1,NA,NA,1,NY,161,0.0621,0.9379,0.1242,0,0.0124,0.6335,0.0497,0,0,0.0311,0.1491,2025-11-17
0.9626,27.755223881,NA,Sayville,1,NA,NA,0.8537313433,0.4942528736,9500,0,0,3,Eastern Suffolk BOCES,https://adulteducation.esboces.org/programs-services/eastern-suffolk-school-of-practical-nursing/nursing,63394,0,02179400,0,0,0,0,0.4792,NA,1,NA,NA,1,NY,275,0.1455,0.8545,0.0145,0.0073,0.0218,0.4836,0.24,0,0,0.0436,0.1891,2025-11-17
NA,29.963800905,NA,Newark,1,NA,NA,0.3212669683,0.5154639175,6500,0,0,3,Career and Technology Education Centers of Licking County,c-tec.edu/o/ctec/page/ps,38002,0,02220800,0,0,0,0,0.1587,NA,1,NA,NA,1,OH,220,0.5682,0.4318,0.0682,0,0.0364,0.0682,0.0273,0,0,0.0136,0.7864,2025-11-17
NA,29.635514019,NA,Eastlake,1,21888,NA,0.9252336449,0.5428571429,9500,0,0,3,Northern Career Institute,ncioh.edu/,49073,0,02351500,0,0,0,0,0.7391,NA,1,NA,NA,1,OH,140,0.0571,0.9429,0.0214,0.0071,0.0143,0.7714,0.0571,0.0071,0,0.0143,0.1071,2025-11-17
NA,31.813186813,NA,Marietta,1,NA,NA,0.5549450549,0.5947712418,PS,0,0,3,Washington County Career Center-Adult Technical Training,https://www.thecareercenter.net/,43749,0,03034200,0,0,0,0,0.1984,NA,1,NA,NA,1,OH,189,0.6561,0.3439,0.0106,0,0.0053,0.0106,0.0053,0,0,0.0265,0.9418,2025-11-17
NA,27.902439024,NA,Van Wert,1,NA,NA,0.5853658537,PS,11978,0,0,3,Vantage Career Center,www.vantagecareercenter.com/,33875,0,03095600,0,0,0,0,0.19,NA,1,NA,NA,1,OH,158,0.5127,0.4873,0.0063,0.0063,0,0.0823,0.0253,0,0,0,0.8797,2025-11-17
NA,26.904967603,NA,Muskogee,1,NA,NA,0.494600432,0.5798969072,PS,0,0,2,Indian Capital Technology Center-Muskogee,www.ictech.edu/,33208,0,01005300,0,0,0,0.0454,0.089,NA,1,NA,NA,1,OK,1535,0.5485,0.4515,0,0.4261,0.0072,0.0612,0.1042,0.0013,0.0013,0.0215,0.3772,2025-11-17
NA,25.166666667,NA,Burns Flat,1,NA,NA,0.7368421053,0.6451612903,PS,0,0,3,Western Technology Center,https://www.westtech.edu/,29728,0,01076200,0.057,0.0104,0,0.0829,0.1386,NA,1,NA,NA,1,OK,141,0.4043,0.5957,0.1348,0.0426,0.0071,0.0142,0.2199,0,0,0,0.5816,2025-11-17
NA,26.53968254,NA,Wayne,1,NA,NA,0.4920634921,PS,PS,0,0,3,Mid-America Technology Center,www.matech.edu/,38465,0,01153700,0,0,0,0,0.0405,NA,1,NA,NA,1,OK,147,0.5034,0.4966,0,0.1429,0.0068,0.034,0.1361,0,0,0,0.6803,2025-11-17
NA,26.872340426,NA,Choctaw,1,NA,NA,PS,PS,PS,0,0,3,Eastern Oklahoma County Technology Center,www.eoctech.edu/,49311,0,02250900,0.0172,0.0402,0,0.0201,0.0481,NA,1,NA,NA,1,OK,110,0.7727,0.2273,0,0.1364,0.0182,0.0545,0.0818,0.0182,0,0.0273,0.6636,2025-11-17
NA,26.739726027,NA,Wetumka,1,NA,NA,0.7397260274,0.5172413793,PS,0,0,3,Wes Watkins Technology Center,www.wwtech.org/,32209,0,02600500,0,0,0,0.0109,0.2821,NA,1,NA,NA,1,OK,205,0.4488,0.5512,0.1659,0.0976,0.0195,0.078,0.0146,0,0,0,0.6244,2025-11-17
NA,28.495833333,NA,York,1,NA,NA,0.6041666667,0.5721153846,9500,0,0,3,York County School of Technology-Adult & Continuing Education,www.educationthatpays.com/,54322,0,00536500,0,0,0,0,0.1395,NA,1,NA,NA,1,PA,288,0.4757,0.5243,0.0208,0.0035,0.0313,0.3299,0.0451,0.0035,0,0,0.566,2025-11-17
NA,28.053639847,NA,Johnstown,1,NA,NA,0.5593869732,0.5132743363,8455,0,0,3,Greater Johnstown Career and Technology Center,www.gjctc.org/,48881,0,01000600,0,0,0,0,0.4135,NA,1,NA,NA,1,PA,102,0.4118,0.5882,0.0098,0.0196,0.0294,0.2059,0.049,0,0,0,0.6863,2025-11-17
NA,28.411552347,6195,Willow Street,1,NA,NA,0.7960288809,0.5153508772,15250,0,0,2,Lancaster County Career and Technology Center,www.lancasterctc.edu/,44566,0,02310800,0,0,0,0,0.4957,NA,1,NA,NA,1,PA,250,0.168,0.832,0.088,0,0.024,0.188,0.132,0,0,0.1,0.468,2025-11-17
NA,28.625298329,NA,Ocala,1,NA,NA,0.692124105,0.5163204748,PS,0,0,2,Marion Technical College,www.mariontc.edu/,36095,0,03103900,0,0,0,0.0207,0.2747,NA,1,NA,NA,1,FL,436,0.5642,0.4358,0.0344,0.0069,0.0115,0.1995,0.2179,0,0.0023,0,0.5275,2025-11-17
NA,23.021927588,7707,San Antonio,1,10864,NA,0.561618222,0.4606675776,9400,0,1,2,Northwest Vista College,alamo.edu/nvc/,42490,0,03372300,0.0514,0,0,8e-4,0.2127,0.4615,2,NA,NA,2,TX,13872,0.4423,0.5577,0.036,0.0018,0.0278,0.0674,0.6919,0.0015,0.0019,0.0048,0.167,2025-11-17
NA,26.884538153,5078,Sandersville,1,12105,NA,0.6997991968,0.5374841169,6514,0,0,2,Oconee Fall Line Technical College,www.oftc.edu/,30899,0,03155500,0.0105,0,0,0.096,0.5206,NA,1,NA,NA,1,GA,1580,0.3285,0.6715,0.0259,6e-4,0.0013,0.5076,0.0285,0,6e-4,0.0152,0.4203,2025-11-17
NA,26.009887006,7009,Wells,1,14164,1303699,0.6892655367,0.4810725552,8861,0,0,2,York County Community College,https://www.yccc.edu/,44873,0,03122900,0.0521,0,0,0.1354,0.2123,0.1304,2,NA,NA,2,ME,1055,0.3592,0.6408,0.0303,0.0028,0.018,0.0303,0.036,0,0.0085,0.0294,0.8445,2025-11-17
NA,27.53909465,NA,Northport,1,NA,NA,0.7119341564,0.3951219512,11339,0,0,2,Western Suffolk BOCES,www.wilsontech.org/,49667,0,01014700,0,0,0,0,0.4112,NA,1,NA,NA,1,NY,274,0.3723,0.6277,0.0474,0.0073,0.062,0.1314,0.2117,0,0,0.0547,0.4854,2025-11-17
NA,29.298379409,5261,Mountain Home,1,15406,NA,0.6415633937,0.5010845987,10500,0,0,2,Arkansas State University-Mountain Home,www.asumh.edu/,34238,0,04254400,0.0599,0,0,0.0762,0.4338,0.4111,1,NA,NA,1,AR,920,0.362,0.638,0,0.0065,0.0076,0.0109,0.0033,0,0,0.0457,0.9261,2025-11-17
NA,25.944844125,7047,The Dalles,1,18278,2288040,0.6522781775,0.5621301775,19397,0,1,2,Columbia Gorge Community College,https://www.cgcc.edu/,44440,0,04151900,0.0135,0,0,0.0135,0.2148,0.3176,2,NA,NA,2,OR,515,0.3786,0.6214,0.0214,0.0252,0.0136,0.0058,0.3107,0.0039,0,0.2252,0.3942,2025-11-17
NA,27.151041667,8039,Tillamook,1,13199,NA,0.65625,0.4901960784,PS,0,0,2,Tillamook Bay Community College,tillamookbaycc.edu/,NA,0,04194900,0,0,0,0.0723,0.1729,0.1667,2,NA,NA,2,OR,268,0.3806,0.6194,0.0149,0,0.0187,0.0037,0.3284,0.0075,0.0075,0.0187,0.6007,2025-11-17
NA,31.879591837,NA,Brooklyn,2,NA,NA,0.6928571429,0.5694444444,PS,0,0,2,Manhattan School of Computer Technology,www.manhattanschool.edu/,26020,0,03193300,0,0,0,0,0.7918,NA,1,NA,NA,1,NY,625,0.152,0.848,0,0,0.1744,0.1696,0.0496,0,0,0.0272,0.5792,2025-11-17
NA,NA,6591,Newport,1,17465,382417,NA,NA,PS,0,0,2,Oregon Coast Community College,www.oregoncoastcc.org/,NA,0,04283700,0,0,0,0.0323,0.3719,0.2075,2,NA,NA,2,OR,321,0.243,0.757,0.053,0.0218,0.0031,0.0062,0.1963,0.0031,0,0.1121,0.6044,2025-11-17
0.6175,25.385231459,8483,Daytona Beach,2,24015,5556000,0.1816434407,0.3554592721,23666,0,0,1,Embry-Riddle Aeronautical University-Worldwide,worldwide.erau.edu/,84131,0,00147900,0,0.0398,0,0.2129,0.2506,0.2298,3,NA,1193,3,FL,8786,0.8424,0.1576,0.0447,0.0048,0.0436,0.0845,0.1988,0.0064,0.0542,0.0444,0.5187,2025-11-17
NA,35.65625,NA,Brooklyn,2,NA,NA,0.925,0.6341463415,PS,0,0,2,Merkaz Bnos-Business School,www.mbs-career.org/,27249,0,03181400,0,0,0,0,1,NA,1,80,NA,1,NY,153,0.0327,0.9673,0,0,0.6405,0,0,0.0065,0,0,0.3529,2025-11-17
NA,26.595446585,NA,Kissimmee,1,NA,NA,0.5586690018,0.4721603563,PS,0,0,3,Osceola Technical College,osceolaschools.net/otech,38484,0,03127900,0,0,0,0.0299,0.3469,NA,1,NA,NA,1,FL,480,0.5125,0.4875,0.0125,0.0042,0.0229,0.1083,0.6667,0.0021,0,0,0.1833,2025-11-17
NA,27.487028302,7842,Klamath Falls,1,15769,332025,0.5990566038,0.5029325513,17480,0,0,2,Klamath Community College,https://www.klamathcc.edu/,34357,0,03428300,0.102,0,0,0.171,0.3335,1,1,NA,NA,2,OR,1041,0.4102,0.5898,0.0509,0.0442,0.0096,0.0154,0.2085,0.0048,0.0038,0.0778,0.585,2025-11-17
NA,36.343804538,NA,Boston,2,NA,NA,0.9406631763,0.7116564417,PS,0,1,2,Urban College of Boston,https://www.urbancollege.edu/,35472,0,03130500,0.7925,0,0,0,0.3364,NA,1,NA,NA,2,MA,356,0.0646,0.9354,0.0309,0.0028,0.0927,0.2079,0.5983,0,0,0.0337,0.0337,2025-11-17
NA,26.026548673,NA,Charleston,1,NA,NA,0.6283185841,0.5989847716,PS,0,0,2,Carver Career Center,www.carvercareercenter.edu/,33739,0,02073400,0,0,0,0,0.8509,NA,1,NA,NA,1,WV,163,0.3006,0.6994,0.0184,0,0,0.0429,0.0061,0,0,0,0.9325,2025-11-17
NA,27.742738589,NA,Cape Coral,1,NA,NA,0.6680497925,0.5076923077,PS,0,0,3,Cape Coral Technical College,capecoraltech.edu/,36080,0,03158300,0,0,0,0,0.4635,NA,1,NA,NA,1,FL,293,0.3311,0.6689,0.0239,0.0034,0.0034,0.1263,0.4266,0,0.0239,0,0.3925,2025-11-17
0.7447,26.803921569,NA,Pittsburgh,2,34135,NA,0.8529411765,0.3222222222,14750,0,0,2,UPMC Mercy School of Nursing,https://www.upmc.com/mercyson,68337,0,00489900,0,0,0,0,0.2024,NA,1,30,NA,1,PA,305,0.1279,0.8721,0.0459,0,0.0066,0.2557,0.0557,0,0,0.023,0.6131,2025-11-17
NA,26.729970326,NA,Toms River,1,NA,NA,0.6350148368,0.5913978495,5500,0,0,3,Ocean County Vocational-Technical School,www.ocvts.org/,47122,0,02523700,0,0,0,0.2371,0.415,NA,1,NA,NA,1,NJ,450,0.4556,0.5444,0.0511,0.0067,0.0178,0.0778,0.28,0,0,0,0.5667,2025-11-17
NA,28.828767123,NA,Fort Walton Beach,1,NA,NA,0.4863013699,0.4621513944,PS,0,0,3,Okaloosa Technical College,www.otcollege.net/,32577,0,03230300,0,0,0,0,0.2053,NA,1,NA,NA,1,FL,429,0.5991,0.4009,0.0629,0,0.021,0.1352,0.1375,0.014,0.0047,0,0.6247,2025-11-17
0.8148,26.732484076,8038,Charlotte,1,NA,NA,0.9108280255,0.3184931507,15337,0,0,1,Carolinas College of Health Sciences,www.carolinascollege.edu/,64624,0,03104200,0,0,0,0,0.1663,0.5577,2,NA,NA,2,NC,409,0.1491,0.8509,0.0342,0,0.0269,0.1858,0.0758,0.0122,0.0024,0.2029,0.4597,2025-11-17
0.8913,31.289940828,7121,Metairie,2,26702,NA,0.8135465189,0.5209032652,21500,0,0,1,Herzing University-New Orleans,https://www.herzing.edu/,36909,0,00962110,0,0,0,0.1619,0.7225,0.5,2,NA,NA,2,LA,361,0.0997,0.9003,0.0249,0.0083,0.0055,0.6648,0.0554,0.0028,0,0.0554,0.1828,2025-11-17
0.7675,21.352745424,9321,Fort Myers,1,18269,92023565,0.5940099834,0.3594800538,17622,0,0,1,Florida Gulf Coast University,www.fgcu.edu/,54560,0,03255300,0.036,0.0459,0.0039,0.1911,0.2857,0.6756,3,NA,1120,3,FL,13809,0.4365,0.5635,0.0326,0.002,0.0195,0.052,0.25,9e-4,0.0227,0.0405,0.5799,2025-11-17
NA,22.878378378,5613,Winnebago,1,13869,1600734,0.5945945946,0.5079365079,PS,0,0,2,Little Priest Tribal College,https://www.littlepriest.edu/,NA,0,03323300,0.0606,0,0,0.0303,0.4009,0.6,1,NA,NA,2,NE,177,0.322,0.678,0.096,0.8136,0,0.0113,0,0,0,0,0.0791,2025-11-17
NA,24.246776747,5240,Lafayette,1,15723,2170000,0.5948880344,0.5170424751,11000,0,0,2,South Louisiana Community College,https://www.solacc.edu/,31432,0,03956300,0,0,0,0.0704,0.4844,0.4818,1,NA,NA,1,LA,4837,0.3554,0.6446,0.0354,0.0064,0.0172,0.4141,0.0494,0.0029,0.0054,0.0039,0.4654,2025-11-17
NA,27.64,8139,Barrow,1,9740,9850752,0.48,PS,PS,0,0,1,Ilisagvik College,www.ilisagvik.edu/,39541,0,03461300,0.0517,0,0,0.431,0.1069,1,1,NA,NA,1,AK,175,0.2571,0.7429,0.0114,0.6971,0.0857,0.0057,0.0114,0.1029,0,0.0057,0.08,2025-11-17
NA,25.211462037,9056,Baltimore,1,13178,9379796,0.6156661786,0.465512917,11528,0,0,2,Community College of Baltimore County,www.ccbcmd.edu/,43729,0,00206300,0.0141,0.0074,0,0.0818,0.3293,0.3211,2,NA,NA,2,MD,13195,0.3677,0.6323,0.0428,0.0033,0.0568,0.3977,0.0798,0.0013,0.0886,0.0152,0.3145,2025-11-17
NA,25.793516874,2708,Carolina,2,10826,NA,0.6527531083,0.4795996921,5185,0,1,1,Dewey University-Carolina,dewey.edu/,19761,0,03112101,0.0959,0,0,0.2192,0.8512,1,2,NA,NA,1,PR,356,0.1966,0.8034,0,0,0,0,1,0,0,0,0,2025-11-17
NA,23.777380952,6206,Gonzales,1,15274,820782,0.5988095238,0.4617524339,12000,0,0,2,River Parishes Community College,www.rpcc.edu/,37848,0,03789400,0.01,0,0,0.0424,0.3473,0.4884,1,NA,NA,1,LA,1828,0.5049,0.4951,0.0219,0.0016,0.0049,0.4283,0.0574,0.0016,0.0016,0.0049,0.4776,2025-11-17
0.8704,20.321323247,16171,Waterbury,1,20917,2394010,0.5309655084,0.2664932932,21500,0,1,1,University of Connecticut-Waterbury Campus,https://waterbury.uconn.edu/,73997,0,00141704,0.025,0.1128,0.0322,0.1384,0.5,0.6538,3,NA,1070,3,CT,746,0.437,0.563,0.0617,0.0027,0.1126,0.1086,0.2842,0,0.0241,0.004,0.4021,2025-11-17
0.8651,20.321323247,16171,Groton,1,21603,7065249,0.5309655084,0.2664932932,21500,0,0,1,University of Connecticut-Avery Point,https://averypoint.uconn.edu/,73997,0,00141705,0.025,0.1128,0.0322,0.1384,0.3428,0.6538,3,NA,1130,3,CT,464,0.5819,0.4181,0.056,0.0022,0.0841,0.0345,0.1703,0,0.0086,0.0323,0.6121,2025-11-17
0.8019,20.321323247,16171,Stamford,1,27737,5430316,0.5309655084,0.2664932932,21500,0,1,1,University of Connecticut-Stamford,https://stamford.uconn.edu/,73997,0,00141702,0.025,0.1128,0.0322,0.1384,0.5037,0.6538,3,NA,1080,3,CT,2177,0.5181,0.4819,0.0377,9e-4,0.1098,0.147,0.3477,0,0.0565,0.0129,0.2876,2025-11-17
NA,24.404267372,6546,Baton Rouge,1,16303,3322753,0.6278323263,0.4828714816,12450,0,0,2,Baton Rouge Community College,www.mybrcc.edu/,34581,0,03730300,0.0108,0.0015,0,0.0842,0.5714,0.2736,1,NA,NA,1,LA,8003,0.3158,0.6842,0.0234,0.0029,0.0124,0.5352,0.0499,0.003,0.0121,0.0034,0.3579,2025-11-17
NA,28.359683794,4554,Moorefield,1,15256,NA,0.6996047431,0.6338028169,8500,0,0,2,Eastern West Virginia Community and Technical College,www.easternwv.edu/,31636,0,04119000,0.0167,0,0,0.15,0.2979,0.2456,2,NA,NA,2,WV,196,0.2143,0.7857,0.0153,0.0051,0.0051,0.0102,0.0153,0,0,0,0.949,2025-11-17
NA,24.904552129,10097,Bothell,1,20058,2629186,0.5022026432,0.3829431438,6368,0,0,1,Cascadia College,www.cascadia.edu/,54133,0,03483500,0,0.0113,0,0.0926,0.0976,1,2,NA,NA,2,WA,970,0.5124,0.4876,0.0907,0.0021,0.132,0.0278,0.1485,0,0.1103,0.0897,0.399,2025-11-17
NA,27.113667118,7312,Los Angeles,2,NA,NA,0.7144790257,0.4343257443,19309,0,1,1,CBD College,www.cbd.edu/,37237,0,03250300,0,0,0,0,0.4259,0.8621,2,NA,NA,2,CA,1408,0.2813,0.7188,0,0.0036,0.1662,0.0888,0.424,0.0085,0,0.1534,0.1555,2025-11-17
NA,28.050025786,3954,Tulsa,2,NA,NA,0.7679216091,0.5435582822,8898,0,0,2,Community Care College,www.communitycarecollege.edu/,28954,1,03367400,0.0564,0,0,0.0846,0.5013,1,1,NA,NA,1,OK,430,0.0465,0.9535,0.0512,0.1977,0.014,0.1698,0.0721,0,0,0.0186,0.4767,2025-11-17
NA,29.873076923,NA,West Seneca,1,NA,NA,0.7884615385,0.4515418502,9500,0,0,3,Erie 1 BOCES,e1b.org/WFD,47114,0,01258900,0,0,0,0,0.3821,NA,1,NA,NA,1,NY,312,0.2147,0.7853,0,0.0064,0.0128,0.3333,0.0545,0,0,0.0032,0.5897,2025-11-17
1,29.525210084,7833,Southlake,2,25128,4244218,0.5378151261,0.4,27000,0,0,1,The King's University,https://www.tku.edu/,41471,0,03516300,0,0,0,0,0.0824,1,3,42,NA,3,TX,272,0.4154,0.5846,0.0331,0.0184,0.0294,0.0699,0.1176,0,0.0074,0.2684,0.4559,2025-11-17
NA,27.401734739,3730,Baton Rouge,2,28609,NA,0.7714097497,0.5946662943,13271,0,0,2,Remington College-Baton Rouge Campus,www.remingtoncollege.edu/baton-rouge-career-college,31349,0,03026515,0,0,0,0,0.9342,NA,1,NA,NA,1,LA,138,0.5217,0.4783,0.0217,0,0,0.8986,0.0145,0,0,0,0.0652,2025-11-17
0.8571,NA,6671,Moscow,2,NA,47862,NA,NA,NA,0,0,1,New Saint Andrews College,nsa.edu/,NA,0,04150200,0,0,0,0,0,0.8929,3,79,1245,NA,ID,273,0.4469,0.5531,0.0073,0,0.011,0.0037,0.0513,0.0037,0.0037,0.1758,0.7436,2025-11-17
NA,25.715076072,5107,Newport,1,15127,2550238,0.6645919779,0.4987951807,8002,0,0,2,Arkansas State University-Newport,https://www.asun.edu/,41524,0,04203400,0.0479,0,0,0.0239,0.4077,0.5245,1,NA,NA,1,AR,1262,0.3035,0.6965,0.0246,0.0024,0.0079,0.2211,0.065,8e-4,0.0024,0.042,0.6339,2025-11-17
NA,22.193617021,1733,Manati,2,15338,NA,0.6946808511,0.5214646465,6525,0,1,1,Atenas University,www.atenasuniversity.edu/,20231,0,03544300,0,0,0,0,0.8119,0.5287,2,NA,NA,2,PR,545,0.2404,0.7596,0,0,0,0,1,0,0,0,0,2025-11-17
NA,29.19579646,NA,Liverpool,1,NA,NA,0.5442477876,0.4453441296,6419,0,0,3,Onondaga Cortland Madison BOCES,ocmboces.org/,40658,0,01265200,0,0,0,0.0575,0.5997,NA,1,NA,NA,1,NY,342,0.3772,0.6228,0.0556,0.0029,0.0526,0.3977,0.0146,0.0029,0,0,0.4737,2025-11-17
NA,35.864864865,4772,Newark,2,33662,273322,0.6756756757,0.5873015873,21483,0,1,1,Pillar College,www.pillar.edu/,45577,0,03666300,0.0625,0,0,0.1094,0.5556,0.3333,2,108,NA,3,NJ,469,0.1727,0.8273,0.0107,0,0.0149,0.1322,0.3817,0,0.0768,0.0299,0.3539,2025-11-17
0.6844,23.684235129,12365,Bend,1,27461,8740773,0.5083557321,0.31369606,21221,0,0,1,Oregon State University-Cascades Campus,https://osucascades.edu/,64010,0,00321001,0.0101,0.1543,0.0106,0.1344,0.2795,0.7143,3,NA,NA,3,OR,1054,0.5256,0.4744,0.0579,0.0095,0.0266,0.0085,0.1063,0.0038,0.0114,0.0199,0.7562,2025-11-17
NA,21.13894081,8753,Baton Rouge,1,NA,2096525,0.6367601246,0.3966005666,29251,1,0,1,Southern University Law Center,www.sulc.edu/,43371,0,00202500,0.0114,0.0715,0.0072,0.1159,NA,0.4894,3,NA,NA,3,LA,648,0.3164,0.6836,0.0139,0,0,0.9599,0.0062,0,0.0015,0.0123,0.0062,2025-11-17
NA,29.263888889,6068,Mount Pleasant,1,13616,123686,0.5694444444,0.5806451613,PS,0,0,2,Saginaw Chippewa Tribal College,www.sagchip.edu/,NA,0,03772300,0,0,0,0.2,0.3846,0.3529,2,NA,NA,2,MI,124,0.4516,0.5484,0.0242,0.7258,0.0081,0.0484,0.0242,0,0,0.0081,0.1613,2025-11-17
NA,29.129943503,NA,Mesa,1,NA,NA,0.4463276836,0.4055944056,PS,0,0,3,East Valley Institute of Technology,www.evit.edu/,35086,0,03572300,0,0,0,0,0.1758,NA,1,NA,NA,1,AZ,522,0.4828,0.5172,0.0421,0.0153,0.0211,0.1322,0.3851,0,0,0,0.4042,2025-11-17
NA,32.492434236,2863,Clearwater,2,NA,NA,0.9357104058,0.6210873147,14743,0,0,2,Ultimate Medical Academy,https://www.ultimatemedical.edu/,29194,0,03549300,0,0,0,0.0112,0.8142,1,2,NA,NA,1,FL,7436,0.0317,0.9683,0,0.0116,0.0056,0.5917,0.0058,0.0087,0,0.0178,0.3588,2025-11-17
NA,38.745098039,NA,Miami,1,NA,NA,0.7843137255,PS,PS,0,0,3,M-DCPS The English Center,www.tecmiami.com/,30739,0,03570400,0,0,0,0,0.136,NA,1,NA,NA,1,FL,157,0.3376,0.6624,0,0,0.0064,0.0318,0.3885,0,0.5669,0,0.0064,2025-11-17
NA,36.416135881,NA,Rego Park,2,NA,NA,0.8673036093,0.7651006711,PS,0,0,3,Metropolitan Learning Institute,www.gettraining.org/,25916,0,03652300,0,0,0,0.1888,0.7821,NA,1,NA,NA,1,NY,318,0.0943,0.9057,0,0,0.7767,0.0094,0.1855,0,0,0,0.0283,2025-11-17
0.3469,23.684210526,6202,Suffern,2,24095,NA,PS,PS,PS,0,0,1,Yeshiva Shaarei Torah of Rockland,www.yst.edu/,89548,0,03496300,0,0,0,0,0.2404,0.6667,3,80,NA,3,NY,141,1,0,0,0,0,0,0,0,0.0851,0,0.9149,2025-11-17
NA,39.42,NA,Rio Piedras,2,12652,NA,0.4466666667,0.56,PS,0,1,1,Universidad Pentecostal Mizpa,mizpa.edu/,21410,0,03531300,0,0,0,0,0.5786,NA,3,99,NA,3,PR,138,0.5942,0.4058,0,0,0,0,1,0,0,0,0,2025-11-17
NA,24.672362556,5995,Beaumont,1,14139,6694596,0.5170876672,0.4901793339,13076,0,1,2,Lamar Institute of Technology,https://www.lit.edu/,38991,0,03627300,0.0027,0,0,0.0549,0.2696,0.3621,2,NA,NA,2,TX,2937,0.4185,0.5815,0.0126,0.0054,0.0347,0.2867,0.2397,0.001,0,0.0136,0.4062,2025-11-17
0.8615,27.933510638,8702,Henderson,1,23035,1331000,0.7599734043,0.4877488515,19691,0,1,1,Nevada State University,https://nevadastate.edu/,53166,0,04114300,0.1048,0,0.0059,0.0589,0.2207,1,3,NA,NA,3,NV,3791,0.216,0.784,0.0599,0.0026,0.1008,0.0976,0.4611,0.0095,8e-4,0.0538,0.2139,2025-11-17
0.9306,23.299628001,11321,Camarillo,1,24039,16294961,0.6834629692,0.5068836045,15000,0,1,1,California State University-Channel Islands,www.csuci.edu/,62152,0,03980300,0.0353,0.0077,0.0099,0.1434,0.469,0.5477,3,NA,NA,3,CA,5230,0.3444,0.6556,0.0373,0.0017,0.0652,0.0218,0.6008,0.0017,0.0082,0.0317,0.2315,2025-11-17
0.2166,19.692307692,13634,Needham,2,81486,419073000,0.4923076923,PS,19500,0,0,1,Franklin W Olin College of Engineering,www.olin.edu/,129455,0,03946300,0,1,0,0,0.1347,0.8254,3,NA,1540,3,MA,373,0.5174,0.4826,0.0965,0,0.2225,0.0322,0.1099,0,0.0777,0.0429,0.4182,2025-11-17
0.4412,26.964590965,7711,Lancaster,2,41566,13495858,0.8852258852,0.4654939107,17500,0,0,1,Saint Joseph's University - Lancaster,https://www.sju.edu/lancaster,69731,0,00986300,0,0,0,0,0.3018,0.8506,2,30,NA,2,PA,1548,0.1227,0.8773,0.0252,0.0013,0.0543,0.1253,0.1712,0,0,0.009,0.6137,2025-11-17
NA,27.155963303,6374,Sells,1,8282,2186895,0.5871559633,0.5777777778,PS,0,0,2,Tohono O'odham Community College,www.tocc.edu/,39229,0,03784400,0.1279,0,0,0.1512,0.3124,0.3621,2,NA,NA,2,AZ,984,0.1921,0.8079,0.001,0.9695,0.001,0.0041,0.003,0,0,0.0051,0.0163,2025-11-17
NA,41.04,3871,Tacoma,2,20793,NA,0.4,PS,17650,0,0,1,Faith International University,https://www.faithiu.edu/,51006,0,03689400,0.125,0,0,0.4286,0.4716,0.3704,3,79,NA,3,WA,196,0.4949,0.5051,0.051,0,0.0867,0.199,0.1633,0,0.0102,0.0255,0.4643,2025-11-17
NA,27.574944072,NA,Weslaco,2,NA,NA,0.8277404922,0.6426332288,9500,0,0,3,Valley Grande Institute for Academic Studies,vgi.edu/,33472,0,03612400,0,0,0,0,0.9877,NA,1,NA,NA,1,TX,180,0.1722,0.8278,0.0111,0,0,0.0111,0.9444,0,0,0,0.0333,2025-11-17
NA,24.466938776,6437,Fairmont,1,13434,1142012,0.5681632653,0.4822888283,12110,0,0,2,Pierpont Community and Technical College,https://www.pierpont.edu/,35132,0,04038500,0,0,0,0.0459,0.2975,1,1,NA,NA,2,WV,906,0.4227,0.5773,0.0353,0.0055,0.0055,0.0287,0.0088,0,0,0.0088,0.9073,2025-11-17
NA,25.793516874,2000,Hato Rey,2,11591,NA,0.6527531083,0.4795996921,5185,0,1,1,Dewey University-Hato Rey,dewey.edu/,19761,0,03112100,0.2778,0,0,0.0972,0.8996,1,3,NA,NA,1,PR,270,0.1333,0.8667,0,0,0,0,1,0,0,0,0,2025-11-17
NA,26.826296098,10714,Folsom,1,12233,NA,0.6060929984,0.4553846154,PS,0,0,2,Folsom Lake College,https://www.flc.losrios.edu/,42568,0,03871300,0,0.002,0.0237,0.106,0.1594,0.3927,2,NA,NA,2,CA,8937,0.4621,0.5379,0.0633,0.0073,0.1097,0.0525,0.2312,0.0056,0.0018,0.0605,0.4682,2025-11-17
0.7,19.65,12801,Far Rockaway,2,20500,NA,PS,PS,PS,0,0,1,Beis Medrash Heichal Dovid,www.heichaldovid.org/,NA,0,03713300,0,0,0,0,0.1497,NA,3,80,NA,3,NY,183,1,0,0,0,0,0,0,0,0.0546,0,0.9454,2025-11-17
0.6,37.290322581,NA,Burbank,2,NA,NA,0.8156682028,0.6230769231,16821,0,0,3,CES College,www.cescollege.edu/,22916,0,03695300,0,0,0,0,0.604,NA,1,NA,NA,1,CA,106,0.1132,0.8868,0,0.0189,0.0094,0,0.3302,0,0,0,0.6415,2025-11-17
NA,26.552039381,5823,Huntington,1,15977,NA,0.5696202532,0.5185185185,7446,0,0,2,Mountwest Community and Technical College,www.mctc.edu/,28951,0,04041400,0.0355,0,0,0.0558,0.4132,0.5217,2,NA,NA,1,WV,1098,0.4399,0.5601,0.051,0.0036,0.0036,0.0464,0.0146,0,0.0036,0.0929,0.7842,2025-11-17
0.3918,19.546156129,14062,Merced,1,37098,26373000,0.536360938,0.5741399763,16144,0,1,1,University of California-Merced,ucmerced.edu/,64368,0,04127100,0,0.245,0.0183,0.1009,0.5901,0.9345,3,NA,NA,3,CA,8372,0.5251,0.4749,0.0443,0.0014,0.2235,0.0486,0.5774,0.0026,0.003,0.0102,0.089,2025-11-17
NA,27.401734739,4367,Houston,2,31141,NA,0.7714097497,0.5946662943,13271,0,0,2,Remington College-North Houston Campus,https://www.remingtoncollege.edu/locations/houston/greenspoint/,31349,0,03026501,0,0,0,0,0.9297,NA,1,NA,NA,1,TX,163,0.2761,0.7239,0,0,0.0061,0.6503,0.3006,0,0,0,0.0429,2025-11-17
NA,27.401734739,5731,Nashville,2,33320,NA,0.7714097497,0.5946662943,13271,0,0,2,Remington College-Nashville Campus,https://www.remingtoncollege.edu/locations/nashville/,31349,0,03026519,0,0,0,0.0229,0.7167,NA,1,NA,NA,1,TN,279,0.2975,0.7025,0.0251,0.0036,0.0143,0.5305,0.0896,0.0824,0,0.0072,0.2473,2025-11-17
0.8714,27.84279476,6060,Fayette,2,20195,15294007,0.6899563319,0.4372781065,17619,0,0,1,Central Methodist University-College of Graduate and Extended Studies,www.centralmethodist.edu/,48991,0,00245300,0.3504,0,0.002,0.1291,0.2678,1,3,71,NA,3,MO,1807,0.4106,0.5894,0.0255,0.0105,0.0039,0.1173,0.0332,6e-4,0,0.0138,0.7952,2025-11-17
0.7528,21.04166162,10380,Charlotte,2,55989,8861183,0.6353397118,0.3464140731,26000,0,0,1,Johnson & Wales University-Charlotte,https://www.jwu.edu/campuses/charlotte/,43418,0,00340410,0,0,0,0.1959,0.5193,1,2,NA,1015,3,NC,1126,0.3632,0.6368,0.0169,0.0071,0.0195,0.4343,0.1252,0,0.0178,0.0444,0.3348,2025-11-17
NA,28.661016949,11502,Henderson,2,NA,27910441,0.7429378531,0.3375,25000,0,0,1,Roseman University of Health Sciences,www.roseman.edu/,120163,0,04065300,0,0,0,0,0.2265,0.5681,3,NA,NA,3,NV,554,0.2509,0.7491,0.1336,0.0054,0.3845,0.0451,0.1625,0.0072,0.0036,0.0199,0.2383,2025-11-17
0.4481,19.974304069,8738,Ave Maria,2,43220,8682351,0.4839400428,0.1763392857,20776,0,0,1,Ave Maria University,www.avemaria.edu/,49520,0,03941300,0.0189,0,0.0264,0.2491,0.2318,1,3,30,NA,3,FL,1229,0.4508,0.5492,0,0.0073,0.0391,0.0342,0.1603,0,0.0244,0.0334,0.7014,2025-11-17
NA,28.59375,5750,Quartzsite,2,26533,NA,PS,PS,PS,0,0,2,Community Christian College,https://www.cccollege.edu/,39217,0,03874400,0,0,0,0,0.7897,1,2,NA,NA,2,AZ,428,0.986,0.014,0.0794,0.0047,0.0023,0.7477,0.0678,0.007,0.0047,0,0.0864,2025-11-17
0.475,23.938967136,1430,Springdale,2,31344,NA,0.3755868545,0.4742268041,13019,0,0,1,Ecclesia College,ecollege.edu/,40650,0,03855300,0,0,0,0.1739,0.5346,0.2571,3,42,NA,3,AR,132,0.5985,0.4015,0.0303,0.0379,0,0.1439,0.1439,0.0076,0.1515,0,0.4848,2025-11-17
NA,26.901140684,NA,Lexington,2,NA,NA,0.7452471483,0.5652173913,11600,0,0,3,Employment Solutions-College for Technical Education,https://cte.edu/,20156,0,03885300,0,0,0,0.0777,0.6679,NA,1,NA,NA,1,KY,200,0.18,0.82,0.005,0,0,0.295,0.015,0,0,0.365,0.32,2025-11-17
NA,18.541055718,3463,Monroe,2,21452,NA,PS,PS,PS,0,0,1,Uta Mesivta of Kiryas Joel,utam.edu/,31853,0,03802300,0,0,0,0,0.8625,1,3,80,NA,3,NY,2729,1,0,0,0,0,0,0,0,0.004,0,0.996,2025-11-17
0.8178,20.865771812,8084,Harrisburg,2,33434,1068010,0.4899328859,0.44,27000,0,0,1,Harrisburg University of Science and Technology,www.harrisburgu.edu/,52374,0,03948300,0,0,0.0192,0.0865,0.4823,0.4018,3,NA,NA,3,PA,650,0.7108,0.2892,0.0508,0,0.0569,0.2523,0.1646,0,0.0169,0.0185,0.44,2025-11-17
NA,26.770614693,5787,Martinsburg,1,10779,686753,0.6176911544,0.5343777198,13000,0,0,2,Blue Ridge Community and Technical College,https://www.blueridgectc.edu/,39293,0,03957300,0.0151,0,0,0.1258,0.1757,0.4772,2,NA,NA,1,WV,1565,0.3668,0.6332,0.0537,0.0019,0.0121,0.0901,0.0971,0.0019,0,0.0147,0.7284,2025-11-17
NA,26.56403732,5398,Beaver,1,11656,2269461,0.6022052587,0.587040619,7250,0,0,2,New River Community and Technical College,https://www.newriver.edu/,29073,0,03960300,0.0126,0,0,0.0818,0.4548,0.6235,1,NA,NA,2,WV,777,0.3552,0.6448,0.0399,0.0077,0.0077,0.0425,0.0103,0,0,0.0013,0.8906,2025-11-17
0.9557,22.358543834,7949,Lawrenceville,1,18033,NA,0.5964338782,0.3561382184,20076,0,1,1,Georgia Gwinnett College,www.ggc.edu/,47730,0,04142900,0.0639,0,0.0035,0.2876,0.5034,0.7402,3,NA,NA,3,GA,11156,0.4131,0.5869,0.0377,0.0029,0.1083,0.3209,0.2808,0.0018,0.0316,0.0083,0.2076,2025-11-17
0.6421,28.264781491,5000,El Dorado Hills,2,24340,93300,0.5038560411,0.5363636364,26677,0,0,1,SUM Bible College and Theological Seminary,www.sum.edu/,35418,0,03752400,0,0,0,0,0.5288,1,3,27,NA,3,CA,312,0.5288,0.4712,0,0.0609,0.016,0.0769,0.2308,0.0032,0.0032,0.3173,0.2917,2025-11-17
NA,27.031428571,NA,Lehi,1,NA,NA,0.5971428571,0.365625,PS,0,0,3,Mountainland Technical College,https://mtec.edu/,31963,0,03413300,0,0,0,0.0297,0.0337,NA,1,NA,NA,1,UT,2681,0.6229,0.3771,0.0239,0.0071,0.0153,0.0101,0.1921,0.0086,0,0.0138,0.7292,2025-11-17
NA,24.93112377,11871,Lemoore,1,18119,NA,0.643190057,0.6104895105,9500,0,1,2,Lemoore College,https://www.westhillscollege.com/lemoore/,40292,0,04111300,0,0.0016,0.0047,0.071,0.3833,0.2958,2,NA,NA,2,CA,3223,0.3773,0.6227,0.0298,0.0093,0.0366,0.0444,0.6956,0.0028,9e-4,0.0186,0.162,2025-11-17
NA,25.793516874,2694,Juana Diaz,2,11190,NA,0.6527531083,0.4795996921,5185,0,1,1,Dewey University-Juana Diaz,dewey.edu/,19761,0,03112107,0.0294,0,0,0,0.9186,1,1,NA,NA,1,PR,243,0.2058,0.7942,0,0,0,0,1,0,0,0,0,2025-11-17
NA,28.64556962,NA,Beaumont,1,NA,NA,0.8734177215,PS,14866,0,0,3,Beaumont Adult School,bas.beaumontusd.us/,50801,0,03999300,0,0,0,0,0.6283,NA,1,NA,NA,1,CA,101,0.0891,0.9109,0,0,0.1386,0.1287,0.5644,0,0,0.0099,0.1584,2025-11-17
0.9265,32.951219512,5073,Miami,2,NA,NA,0.8067542214,0.535791757,22000,0,0,2,SABER College,sabercollege.edu/,40816,0,03696400,0,0,0,0,0.8305,0.9231,2,NA,NA,2,FL,202,0.2921,0.7079,0,0,0,0.0446,0.9554,0,0,0,0,2025-11-17
0.6301,22.071428571,5206,Lakewood,2,13700,NA,PS,PS,PS,0,0,1,Bais Medrash Toras Chesed,www.bmtc.edu/,NA,0,04081300,0,0,0,0,0.3182,NA,3,NA,NA,3,NJ,125,1,0,0,0,0,0,0,0,0,0,1,2025-11-17
NA,27.757352941,NA,Cedar City,1,NA,NA,0.4558823529,0.5546218487,PS,0,0,3,Southwest Technical College,https://stech.edu/,35507,0,04054300,0,0,0,0,0.1386,NA,1,NA,NA,1,UT,390,0.6103,0.3897,0.0385,0.0128,0.0077,0.0256,0.0897,0.0103,0,0.0103,0.8051,2025-11-17
NA,28.050025786,3767,Tulsa,2,NA,NA,0.7679216091,0.5435582822,8898,0,0,2,Clary Sage College,www.clarysagecollege.com/,28954,1,03367401,0,0,0,0,0.5955,0.88,1,NA,NA,1,OK,367,0.1144,0.8856,0.0218,0.1253,0.0082,0.1717,0.0954,0.0027,0,0.1608,0.4142,2025-11-17
0.9841,18.075757576,5532,Lakewood,2,21574,NA,PS,PS,PS,0,0,1,Yeshiva Toras Chaim,https://ytclakewood.com/,62526,0,04131100,0,0,0,0,0.4178,NA,3,NA,NA,3,NJ,225,1,0,0,0,0,0,0,0,0.1511,0,0.8489,2025-11-17
0.9807,18.827118644,3143,Brooklyn,2,18400,NA,PS,0.8509090909,PS,0,0,1,Talmudical Seminary of Bobov,www.independentrabbinicalcolleges.org/,22432,0,04115500,0,0,0,0,0.9455,1,3,80,NA,3,NY,515,1,0,0,0,0,0,0,0,0,0,1,2025-11-17
NA,28.445,NA,Saint George,1,NA,NA,0.38,0.4388888889,PS,0,0,3,Dixie Technical College,www.dixietech.edu/,31051,0,04121700,0,0,0,0.0138,0.0806,NA,1,NA,NA,1,UT,1042,0.7169,0.2831,0.0307,0.0058,0.0096,0.0106,0.1708,0.0106,0,0.0173,0.7447,2025-11-17
NA,30.370617696,6565,Wauwatosa,2,25392,NA,0.8171590332,0.5378553335,21549,0,0,1,Bryant & Stratton College-Wauwatosa,https://www.bryantstratton.edu/,32568,0,00267814,0.0072,0,0,0.1583,0.5738,0.4112,2,NA,NA,2,WI,952,0.2153,0.7847,0.0452,0.0074,0.0399,0.3634,0.1544,0.0063,0,0.0095,0.3739,2025-11-17
NA,27.401734739,3891,Shreveport,2,37056,NA,0.7714097497,0.5946662943,13271,0,0,1,Remington College-Shreveport Campus,https://www.remingtoncollege.edu/locations/shreveport/,31349,0,03026513,0,0,0,0.0617,0.9091,NA,1,NA,NA,1,LA,342,0.1871,0.8129,0.0058,0,0,0.8684,0.0029,0,0,0,0.1228,2025-11-17
0.8198,NA,7181,Purcellville,2,NA,2323880,NA,NA,NA,0,0,1,Patrick Henry College,https://www.phc.edu/,NA,0,03951300,0,0,0,0.1507,0,1,3,108,1351,NA,VA,373,0.5308,0.4692,0,0,0.0509,0.0027,0.0456,0.0027,0,0.4129,0.4853,2025-11-17
NA,29.532679739,7519,Overland Park,2,NA,5102393,0.6274509804,0.4008683068,21500,0,0,1,Ottawa University-Online,www.ottawa.edu/,55552,0,00193700,0.1802,0,0.0058,0.2093,0.2955,0.9231,3,52,NA,3,KS,328,0.2896,0.7104,0.0457,0.0579,0.0152,0.1067,0.2835,0,0.0091,0.0061,0.4756,2025-11-17
NA,26.283631136,7146,Nampa,1,12294,2324565,0.5717806531,0.4464243288,9720,0,0,2,College of Western Idaho,https://cwi.edu/,NA,0,04211800,0.0255,0.0074,0,0.0905,0.2286,0.4293,2,NA,NA,2,ID,5898,0.4281,0.5719,0.0302,0.0076,0.0232,0.0209,0.2143,0.0056,0.0153,0.0453,0.6377,2025-11-17
NA,27.407692308,NA,Staten Island,2,NA,NA,PS,0.7476635514,PS,0,0,3,Career School of NY,careerschoolny.com/,35778,0,04125600,0,0,0,0,0.3604,NA,1,NA,NA,1,NY,110,0.2364,0.7636,0.0727,0.0182,0.0455,0.3818,0.3455,0,0,0,0.1364,2025-11-17
0.6615,17.948717949,2494,Brooklyn,2,31390,NA,PS,PS,PS,0,0,1,Yeshiva of Machzikai Hadas,https://yeshivaofmachzikaihadas.com/,NA,0,04138100,0,0,0,0,0.8422,0.6129,3,NA,NA,3,NY,461,1,0,0,0,0,0,0,0,0,0,1,2025-11-17
NA,26.898141264,12121,Woodland,1,11798,NA,0.6371747212,0.5843137255,PS,0,1,2,Woodland Community College,https://wcc.yccd.edu/,40042,0,04143800,0.0162,0,0.0087,0.0446,0.2502,0.3445,2,NA,NA,2,CA,2949,0.3571,0.6429,0.0532,0.0064,0.1099,0.0315,0.5209,0.0031,0,0.0393,0.2357,2025-11-17
0.4017,31.729064039,7856,Los Angeles,2,NA,37667520,0.8325123153,0.4642857143,20000,0,0,1,The Chicago School at Los Angeles,https://www.thechicagoschool.edu/in-the-community/locations/,56899,0,02155300,0,0,0,0,0.6056,0.8091,3,NA,NA,3,CA,324,0.1481,0.8519,0.0772,0.0062,0.0093,0.2099,0.2006,0.0062,0.0154,0.0556,0.4198,2025-11-17
0.9252,20.152671756,5633,Pasadena,2,51852,25323,0.5801526718,0.3025210084,25000,0,1,1,Providence Christian College,www.providencecc.edu/,46264,0,04153900,0,0,0,0,0.3382,0.625,3,88,NA,3,CA,144,0.5417,0.4583,0.0625,0,0.0208,0.0347,0.3472,0.0278,0.0069,0.0208,0.4792,2025-11-17
NA,23.012345679,6030,Orlando,2,21955,NA,0.2235217674,0.2195994278,22564,0,1,1,Polytechnic University of Puerto Rico-Orlando,www.pupr.edu/orlando,47540,0,02100002,0,0.5714,0,0.381,0.5913,0.4318,3,NA,NA,3,FL,102,0.6863,0.3137,0,0,0,0.0294,0.9412,0,0.0098,0,0.0196,2025-11-17
0.7183,20.925279599,8346,Rochester,1,27237,1135858,0.5593906672,0.1865601991,19500,0,0,1,University of Minnesota-Rochester,https://r.umn.edu/,69020,0,00396903,0,0,0,0,0.3556,1,3,NA,1220,3,MN,568,0.2113,0.7887,0.0264,0.0018,0.1444,0.1532,0.0827,0,0.0123,0.0317,0.5475,2025-11-17
NA,32.51552795,10140,Torrance,2,NA,NA,0.7763975155,0.5348837209,18040,0,1,1,Homestead Schools,www.homesteadschools.net/,59398,0,04149700,0,0,0,0,0.5873,0.3704,1,NA,NA,1,CA,176,0.233,0.767,0,0,0.358,0.2727,0.3466,0,0,0,0.0227,2025-11-17
NA,29.268292683,NA,DeFuniak Springs,1,NA,NA,0.6768292683,0.5259259259,PS,0,0,3,Emerald Coast Technical College,www.ectc.edu/,36180,0,04146200,0,0,0,0,0.4183,NA,1,NA,NA,1,FL,170,0.5353,0.4647,0.0647,0,0.0235,0.0882,0.0588,0,0,0,0.7647,2025-11-17
NA,22.896174863,NA,Immokalee,1,NA,NA,0.5683060109,0.6576576577,PS,0,0,2,Immokalee Technical College,www.itech.edu/,37652,0,04150800,0,0,0,0.0405,0.3513,NA,1,NA,NA,1,FL,280,0.55,0.45,0,0.1036,0.0179,0.2393,0.5036,0.0036,0,0,0.1321,2025-11-17
NA,29.106382979,3875,Lauderhill,2,20726,NA,0.2127659574,0.46875,PS,0,0,1,University of Fort Lauderdale,uftl.edu/,38062,0,04156300,0,0,0,0.7778,0.5812,0.129,3,108,NA,2,FL,259,0.7529,0.2471,0.0232,0.0039,0,0.4054,0.305,0,0.0039,0.0347,0.2239,2025-11-17
NA,26,NA,Honolulu,2,24042,NA,0.4787234043,PS,PS,0,0,1,Pacific Rim Christian University,https://www.pacrim.edu/#home,40523,0,04252700,0,0,0,0,0.8632,NA,3,79,NA,3,HI,113,0.4071,0.5929,0.1504,0.0088,0.2655,0.0531,0.1858,0.1239,0.0885,0,0.1239,2025-11-17
NA,41.19047619,NA,Brooklyn,2,NA,NA,0.869047619,0.9572649573,PS,0,0,3,EDP School,edpschool.edu/,41461,0,04117100,0,0,0,0.21,0.9146,NA,1,NA,NA,1,NY,155,0.1548,0.8452,0,0,0.5355,0.0129,0.0194,0,0,0,0.4323,2025-11-17
NA,29,NA,Archbold,1,NA,NA,PS,PS,PS,0,0,3,Four County Career Center,www.fourcounty.net/adulteducation_home.aspx,77338,0,04068300,0,0,0,0,0.007,NA,1,NA,NA,1,OH,129,0.4341,0.5659,0.031,0.0078,0.0078,0.186,0.0388,0,0,0.0853,0.6434,2025-11-17
NA,24.744,NA,New Port Richey,1,NA,NA,0.392,0.4656084656,PS,0,0,2,Fred K Marchman Technical College,mtec.pasco.k12.fl.us/,30259,0,04146300,0,0,0,0,0.336,NA,1,NA,NA,1,FL,322,0.5031,0.4969,0.0186,0.0031,0.0124,0.0683,0.236,0,0.0062,0,0.6553,2025-11-17
NA,31.870879121,7308,Los Alamitos,2,27755,NA,0.8021978022,0.4026845638,25000,0,0,1,Touro University Worldwide,https://www.tuw.edu/,40803,0,04142500,0.018,0,0,0.3874,0.5194,0.0643,3,NA,NA,3,CA,416,0.2788,0.7212,0.1058,0.0024,0.0337,0.2212,0.0793,0.0072,0.0024,0.2236,0.3245,2025-11-17
0.8939,31.289940828,7385,Kenosha,2,23590,NA,0.8135465189,0.5209032652,21500,0,1,1,Herzing University-Kenosha,https://www.herzing.edu/,36909,0,00962103,0,0,0,0.0305,0.6204,0.3191,3,NA,NA,2,WI,543,0.0994,0.9006,0.0276,0.0037,0.0939,0.2044,0.3278,0.0055,0,0.0295,0.3076,2025-11-17
0.9079,31.289940828,7374,Brookfield,2,25879,NA,0.8135465189,0.5209032652,21500,0,0,1,Herzing University-Brookfield,https://www.herzing.edu/,36909,0,00962104,0,0,0,0.0255,0.6046,0.2778,1,NA,NA,2,WI,378,0.0899,0.9101,0.0265,0,0.037,0.3968,0.1349,0,0,0.0291,0.3757,2025-11-17
0.92,29.098445596,8248,San Antonio,1,21840,4211101,0.6667575675,0.5349344978,18401,0,1,1,Texas A&M University-San Antonio,www.tamusa.edu/,54338,0,04248500,0,0,0.0071,0.263,0.5083,1,3,NA,954,3,TX,6224,0.349,0.651,0.0199,0.004,0.0143,0.0593,0.6991,0.0013,0.0084,0.0112,0.1825,2025-11-17
NA,25.047116969,14174,Moreno Valley,1,12024,2377842,0.6408566722,0.5780476833,PS,0,1,2,Moreno Valley College,www.mvc.edu/,52133,0,04173500,9e-4,0,0.0066,0.0663,0.2047,0.3149,2,NA,NA,2,CA,8292,0.4403,0.5597,0.0415,0.0013,0.0521,0.0961,0.6727,0.0031,0.0033,0.0068,0.1231,2025-11-17
NA,24.434283599,14265,Norco,1,12749,2430415,0.5731210663,0.5415282392,PS,0,1,2,Norco College,www.norcocollege.edu/,51206,0,04176100,0.0165,0.0161,0.0135,0.1213,0.157,0.3097,2,NA,NA,2,CA,8359,0.4958,0.5042,0.0404,0.0019,0.088,0.0635,0.6107,0.0033,0.0049,0.0121,0.175,2025-11-17
NA,40.044247788,NA,Fayetteville,2,24267,489776,0.4955752212,0.5730337079,25750,0,0,1,Carolina College of Biblical Studies,ccbs.edu/,24581,0,04154200,0,0,0,0,0.5625,NA,3,NA,NA,3,NC,122,0.5574,0.4426,0,0.1066,0.0082,0.4344,0.0902,0,0,0.0082,0.3525,2025-11-17
NA,27.911764706,NA,Pryor,1,NA,NA,0.5620915033,0.5357142857,PS,0,0,3,Northeast Technology Center,https://www.netech.edu/,34457,0,02052700,0.029,0.035,0,0.0278,0.1022,NA,1,NA,NA,NA,OK,1340,0.509,0.491,0.2515,0.1873,0.0231,0.0112,0.041,0,0,0.0134,0.4724,2025-11-17
NA,28.042735043,NA,Miami,1,NA,NA,0.6837606838,0.525,PS,0,0,3,D A Dorsey Technical College,www.dadorseytech.edu/,NA,0,04164600,0,0,0,0,0.1336,NA,1,NA,NA,1,FL,275,0.2982,0.7018,0.0145,0.0036,0.0182,0.7418,0.1564,0.0036,0.04,0,0.0218,2025-11-17
NA,30.642857143,5529,LAnse,1,13229,NA,0.5142857143,0.5789473684,PS,0,0,2,Keweenaw Bay Ojibwa Community College,www.kbocc.edu/,22340,0,04164700,0.0286,0,0,0.1429,0.5166,1,1,NA,NA,1,MI,147,0.2041,0.7959,0.1088,0.4762,0,0.0068,0.0136,0.0068,0,0,0.3878,2025-11-17
1,27.315789474,1129,Fayetteville,2,23618,33892,0.5263157895,PS,13450,0,0,1,Manna University,https://www.manna.edu/,NA,0,04173700,0,0,0,0,0.3448,0.3571,3,79,NA,1,NC,169,0.4852,0.5148,0.0355,0.0059,0,0.1124,0.1361,0.0178,0.2544,0,0.4379,2025-11-17
0.9821,27.333333333,4131,Louisville,2,25981,NA,0.4848484848,0.4692307692,PS,1,0,1,Simmons College of Kentucky,https://simmonscollegeky.edu/,NA,0,04178000,0,0,0,0.2353,0.4304,1,3,52,NA,2,KY,381,0.6325,0.3675,0,0,0,0.399,0.0052,0,0,0.5932,0.0026,2025-11-17
NA,20.66442953,4447,Stafford,2,24909,NA,0.3691275168,0.4464285714,4925,0,0,1,North American University,www.na.edu/,NA,0,04179500,0.1905,0,0,0.3095,0.5143,0.3125,3,NA,NA,3,TX,573,0.7243,0.2757,0.014,0,0.0611,0.3805,0.0908,0,0.2688,0.1257,0.0593,2025-11-17
0.7929,21.014285714,7604,Escondido,2,47492,40942,0.4857142857,PS,26968,0,1,1,John Paul the Great Catholic University,https://jpcatholic.edu/,56930,0,04193700,0,0,0,0.175,0.38,0.3143,3,30,1181,3,CA,297,0.5286,0.4714,0.0673,0.0101,0.064,0.0135,0.3333,0.0034,0.0168,0.1044,0.3872,2025-11-17
0.8645,20.321323247,16171,Hartford,1,25031,4729630,0.5309655084,0.2664932932,21500,0,0,1,University of Connecticut-Hartford Campus,https://hartford.uconn.edu/,73997,0,00141701,0.025,0.1128,0.0322,0.1384,0.458,0.6538,3,NA,1081,3,CT,1473,0.5309,0.4691,0.0441,0,0.1874,0.1426,0.1819,7e-4,0.017,0.0068,0.4196,2025-11-17
0.3988,29.532679739,6649,Surprise,2,51400,8390780,0.6274509804,0.4008683068,21500,0,1,1,Ottawa University-Surprise,www.ottawa.edu/ouaz/home,55552,0,00193722,0.068,0,0,0.3197,0.3745,0.9412,3,52,978,3,AZ,768,0.638,0.362,0.0625,0.0182,0.013,0.1016,0.349,0.0104,0.0352,0,0.4102,2025-11-17
NA,29.452200303,NA,Soledad,2,NA,NA,0.3389984825,0.6925388082,7041,0,0,3,CET-Soledad,https://cetweb.edu/,32986,0,02332868,0,0,0,0,0.3304,NA,1,NA,NA,1,CA,179,0.9609,0.0391,0.0056,0,0,0,0.9777,0.0056,0,0,0.0112,2025-11-17
NA,25.793516874,2650,Manati,2,11572,NA,0.6527531083,0.4795996921,5185,0,1,1,Dewey University-Manati,dewey.edu/,19761,0,03112109,0.0909,0,0,0,0.8938,1,3,NA,NA,1,PR,255,0.2471,0.7529,0,0,0,0,1,0,0,0,0,2025-11-17
NA,28.050025786,4678,Tulsa,2,NA,NA,0.7679216091,0.5435582822,8898,0,0,2,Oklahoma Technical College,www.oklahomatechnicalcollege.com/,28954,1,03367402,0,0,0,0,0.6653,1,1,NA,NA,1,OK,120,0.9083,0.0917,0,0.2417,0.0333,0.1333,0.1333,0.0083,0,0.0333,0.4167,2025-11-17
NA,22.461398728,4389,Spokane,2,NA,NA,0.646684832,0.242248062,25000,0,0,1,Whitworth University-Adult Degree Programs,https://www.whitworth.edu/cms/,58561,0,00380400,0.1977,0,0,0.3023,0.4689,NA,3,103,NA,3,WA,170,0.3,0.7,0.0353,0.0529,0.0176,0.0235,0.1235,0.0176,0,0,0.7294,2025-11-17
NA,27.558659218,8133,Springfield,2,NA,NA,0.5983240223,0.3138871275,26250,0,0,1,Springfield College-Regional Online and Continuing Education,https://springfield.edu/academics/online-programs,48036,0,00221100,0.1524,0,0,0.0095,0.5621,1,3,NA,NA,3,MA,254,0.2047,0.7953,0.0354,0.0118,0.0118,0.3228,0.3425,0,0.0039,0.0354,0.2362,2025-11-17
NA,19.659574468,11190,New York,1,12494,19495865,0.5719649562,0.529739777,6500,0,1,2,CUNY Stella and Charles Guttman Community College,https://guttman.cuny.edu/,NA,0,04210100,0,0,0,0.2011,0.6318,0.7656,2,NA,NA,2,NY,1054,0.574,0.426,0.0256,9e-4,0.0588,0.3036,0.537,0,0.0294,0,0.0446,2025-11-17
0.9167,29.25,6624,Dallas,2,26555,8679828,0.2625,PS,25346,0,0,1,Criswell College,www.criswell.edu/,43185,0,04121800,0,0,0,0,0.3443,0.359,3,75,NA,3,TX,118,0.5508,0.4492,0.0339,0,0.0254,0.1271,0.1864,0,0.0339,0,0.5932,2025-11-17
NA,33,NA,Tooele,1,NA,NA,0.6111111111,PS,PS,0,0,3,Tooele Technical College,www.tooeletech.edu/,NA,0,04191500,0,0,0,0.0516,0.0823,NA,1,NA,NA,1,UT,313,0.5495,0.4505,0.0192,0.0192,0.0064,0.0192,0.2428,0.0192,0,0,0.6741,2025-11-17
NA,18.468085106,1650,Spring Valley,2,19351,NA,PS,PS,PS,0,0,1,Be'er Yaakov Talmudic Seminary,www.byts.edu/,17360,0,04192800,0,0,0,0,0.8934,0.5968,3,NA,NA,3,NY,679,1,0,0,0,0,0,0,0,0,0,1,2025-11-17
0.8027,21.841705198,NA,University Park,1,27938,71065300,0.5012260053,0.2875652533,25000,0,0,1,Pennsylvania State University-World Campus,https://www.worldcampus.psu.edu/,63435,0,00332900,5e-4,0.0179,0,0.2735,0.2967,NA,3,NA,1198,3,PA,7554,0.4688,0.5312,0.0471,0.0028,0.0548,0.0811,0.1217,0.002,0.0258,0.0221,0.6426,2025-11-17
0.6706,28.621848739,9130,Portland,2,NA,5810047,0.6840336134,0.4658869396,25000,0,0,1,Warner Pacific University Professional and Graduate Studies,https://www.warnerpacific.edu/,55204,0,00322500,0.0781,0,0,0.3438,0.29,1,3,57,NA,3,OR,161,0.3292,0.6708,0.0373,0.0373,0.0435,0.2547,0.2298,0.0186,0,0.0435,0.3354,2025-11-17
NA,27.037878788,4435,Okmulgee,1,22018,NA,0.6212121212,0.4205607477,PS,0,0,2,College of the Muscogee Nation,https://cmn.edu/,NA,0,04224900,0,0,0,0.0189,0.3492,0.5,2,NA,NA,2,OK,230,0.3652,0.6348,0.1783,0.7435,0,0,0.0435,0,0,0,0.0348,2025-11-17
NA,29.797413793,4427,Augusta,2,26400,NA,0.5905172414,0.4708994709,9500,0,0,2,Helms College,www.helms.edu/,NA,0,04206400,0,0,0,0,0.4412,1,1,NA,NA,1,GA,150,0.42,0.58,0.02,0,0.0067,0.6933,0.02,0,0,0,0.26,2025-11-17
NA,23.338235294,NA,Riverside,1,NA,NA,PS,0.6829268293,PS,0,0,3,Riverside County Office of Education-School of Career Education,www.riversidesce.org/,NA,0,04208400,0,0,0,0,0.6695,NA,1,NA,NA,1,CA,108,0.1389,0.8611,0.0093,0,0.0093,0.1111,0.6852,0,0,0.1481,0.037,2025-11-17
NA,38.6,6043,Conroe,2,NA,NA,0.3142857143,PS,PS,0,0,1,Grace School of Theology,www.gsot.edu/,NA,0,04215400,0,0,0,0,0.1196,0.1957,3,42,NA,3,TX,215,0.6186,0.3814,0,0,0,0.0558,0.0465,0.0047,0,0.8047,0.0884,2025-11-17
0.8931,22.655701754,9791,Augusta,1,22146,328832564,0.673245614,0.2831900669,20500,0,0,1,Augusta University,www.augusta.edu/,48472,0,00157900,0.047,0.0018,0.009,0.1184,0.3838,0.6551,3,NA,1113,3,GA,5282,0.3593,0.6407,0.0594,0.0023,0.0846,0.2639,0.1024,0.0015,0.0136,0.0129,0.4593,2025-11-17
0.9977,22.974129353,8261,Macon,1,20189,14136569,0.5888059701,0.356277533,19000,0,0,1,Middle Georgia State University,https://www.mga.edu/,40863,0,00158100,0.0364,0,0.0057,0.1092,0.4092,0.7417,3,NA,1055,3,GA,6655,0.4583,0.5417,0.0425,0.0018,0.0295,0.3243,0.0781,8e-4,0.017,0.0036,0.5025,2025-11-17
0.7216,21.568970117,8190,Dahlonega,1,18062,69195299,0.5747065101,0.3404130658,17750,0,0,1,University of North Georgia,www.ung.edu/,50135,0,00158500,0.0559,0,0.0081,0.1646,0.2769,0.7566,3,NA,1136,3,GA,15542,0.4435,0.5565,0.0351,0.0015,0.0337,0.0358,0.1684,8e-4,0.0097,0.0135,0.7015,2025-11-17
NA,21.279103751,6995,Douglas,1,16015,8018004,0.6108134437,0.3226332971,11500,0,0,1,South Georgia State College,www.sgsc.edu/,35697,0,00159200,0.0655,0,0,0.0855,0.5223,0.6337,2,NA,NA,2,GA,1553,0.3232,0.6768,0.0251,0.0032,0.0026,0.2511,0.1185,0.0013,0.0058,0.018,0.5744,2025-11-17
NA,21.600877193,9378,Boston,2,NA,107279004,0.541089566,0.1851581509,24250,0,0,1,Northeastern University Professional Programs,https://www.northeastern.edu/,92538,0,00219900,0,0,0,0.1961,0.0428,0.1193,3,NA,NA,3,MA,1674,0.411,0.589,0.0335,0.0012,0.0842,0.1362,0.1159,0.0012,0.2312,0.0538,0.3429,2025-11-17
0.5573,NA,10179,Lakeland,1,20807,3532862,NA,NA,14250,0,0,1,Florida Polytechnic University,floridapoly.edu/,NA,0,04263400,0,0.2662,0.0072,0,0.3305,0.8673,3,NA,1294,3,FL,1556,0.8104,0.1896,0.054,0.0019,0.0559,0.0559,0.2519,0.0013,0.0122,0.009,0.5578,2025-11-17
0.8167,21.04,6692,Yellow Springs,2,50383,20533861,0.67,0.2777777778,PS,0,0,1,Antioch College,antiochcollege.edu/,NA,0,04244300,0,0,0,0,0.748,1,3,NA,NA,3,OH,127,0.3701,0.6299,0.0472,0.0157,0.0472,0.126,0.1654,0.0157,0,0.0866,0.4961,2025-11-17
1,32.727606461,8517,Killeen,1,13220,3333796,0.6629955947,0.4310051107,17750,0,1,1,Texas A&M University-Central Texas,tamuct.edu/,NA,0,04229500,0.0581,0,0.0018,0.2559,0.4847,0.5167,3,NA,NA,3,TX,1698,0.404,0.596,0.0241,0.0047,0.0453,0.2261,0.30620000000000003,0.0082,0.0018,0.02,0.3634,2025-11-17
NA,26.935633151,4941,Warner Robins,1,11885,NA,0.6705931847,0.4825493171,9608,0,0,2,Central Georgia Technical College,www.centralgatech.edu/,30848,0,00576300,0.0049,0,0,0.1739,0.3037,1,1,NA,NA,1,GA,5602,0.3565,0.6435,0.0407,0.0034,0.0118,0.512,0.0602,4e-4,0.0034,0.0012,0.367,2025-11-17
NA,24.940057875,5747,Monroe,1,13941,717004,0.6180239768,0.4946183953,12500,0,0,2,Louisiana Delta Community College,https://www.ladelta.edu/,30438,0,04130100,0,0,0,0.1342,0.5251,0.5311,1,NA,NA,1,LA,2933,0.3464,0.6536,0.0252,0.0034,0.0065,0.4361,0.0348,0.0017,0,0.0136,0.4787,2025-11-17
NA,NA,5857,Orlando,2,NA,NA,NA,NA,12188,0,1,1,Ana G. Mendez University,www.agmu.edu/,NA,0,04240400,0.0114,0,0,0.2043,0.455,0.07,3,NA,NA,3,FL,4897,0.2414,0.7586,0.0012,2e-4,0,0.0012,0.6769,0,0.0186,0.2775,0.0243,2025-11-17
NA,30.413988658,NA,Philadelphia,2,NA,NA,0.0661625709,0.6684350133,9500,0,0,3,Philadelphia Technician Training,www.ptt.edu/,NA,0,04221300,0,0,0,0,0.8475,NA,1,NA,NA,1,PA,492,0.7093,0.2907,0,0,0.002,0.8923,0.0711,0,0,0.0102,0.0244,2025-11-17
NA,NA,NA,Covina,1,NA,NA,NA,NA,PS,0,0,2,Tri-Community Adult Education,www.tri-communityadulted.org/,NA,0,03650300,0,0,0,0,0.1366,NA,1,NA,NA,1,CA,217,0.5576,0.4424,0.0323,0,0.0461,0.1244,0.4839,0,0,0,0.3134,2025-11-17
0.0355,NA,13729,San Francisco,2,NA,NA,NA,NA,NA,0,0,1,Minerva University,https://minerva.edu/,NA,0,NA,0,0,0,0.185,0,0.8947,3,NA,NA,NA,CA,603,0.4245,0.5755,0.0033,0.0017,0.0199,0,0.0017,0,0.9237,0.0033,0.0464,2025-11-17
NA,17.884615385,3553,Brooklyn,2,15850,NA,PS,PS,PS,0,0,1,Rabbinical College Ohr Yisroel,www.rabbinicalcollegeohryisroel.com/,NA,0,04230100,0,0,0,0,0.3826,NA,3,80,NA,3,NY,116,1,0,0,0,0,0,0,0,0,0,1,2025-11-17
0.9386,28.955036749,9012,Dallas,1,21003,944981,0.7336792045,0.5781339439,18606,0,1,1,University of North Texas at Dallas,untdallas.edu/,NA,0,04242100,0.0251,0,0.004,0.2639,0.5148,0.9533,3,NA,916,3,TX,2914,0.3377,0.6623,0.0305,0.0017,0.0281,0.2838,0.5426,7e-4,0.0041,0.013,0.0954,2025-11-17
NA,26.145323741,6374,South  Charleston,1,10892,50000,0.6251798561,0.5512510089,9829,0,0,2,BridgeValley Community & Technical College,www.bridgevalley.edu/,36432,0,04038600,0,0,0,0.0543,0.4168,0.4867,2,NA,NA,2,WV,1734,0.4164,0.5836,0,0.0058,0.0075,0.0565,0.0156,0,0,0.0202,0.8945,2025-11-17
NA,24.886357435,5465,Milledgeville,1,18298,23923733,0.6150068213,0.4072618673,8563,0,0,1,Georgia Military College,https://www.gmc.edu/,39257,0,00157100,0.0487,0,0.0051,0.1899,0.3298,0.1446,2,NA,NA,2,GA,3936,0.4167,0.5833,0.001,0.016,0.0259,0.3963,0.1044,0.0058,0.0084,0.0549,0.3872,2025-11-17
NA,24.75862069,NA,Tampa,1,NA,NA,0.6206896552,PS,PS,0,0,3,Aparicio-Levy Technical College,https://www.hillsboroughschools.org/altc,NA,0,04194200,0,0,0,0,0.071,NA,1,NA,NA,1,FL,137,0.7664,0.2336,0.073,0,0.0146,0.1241,0.3285,0,0,0,0.4599,2025-11-17
NA,26.652398524,4645,Waycross,1,9670,NA,0.7099630996,0.5185185185,PS,0,0,2,Coastal Pines Technical College,https://www.coastalpines.edu/,30214,0,00551100,0.0083,0,0,0.0403,0.2712,0.6788,1,NA,NA,1,GA,1688,0.2855,0.7145,0.0296,0.0018,0.0047,0.2826,0.0788,6e-4,0.003,0.0012,0.5977,2025-11-17
0.6207,NA,7465,Charleston,2,38984,1843852,NA,NA,12500,0,0,1,American College of the Building Arts,acba.edu/,NA,0,04283000,0,0,0,0,0.1986,0.8889,3,NA,1137,3,SC,140,0.8143,0.1857,0.0071,0.0143,0.0071,0.0214,0.0143,0.0071,0,0,0.9286,2025-11-17
0.6531,19.75,4378,Brooklyn,2,16500,NA,PS,PS,PS,0,0,1,Bet Medrash Gadol Ateret Torah,betmedrashgadolaterettorah.com/,NA,0,04227200,0,0,0,0,0.5824,1,3,NA,NA,3,NY,108,1,0,0,0,0,0,0,0,0,0,1,2025-11-17
0.8696,18.352941176,8697,Brooklyn,2,19450,NA,PS,PS,PS,0,0,1,Yeshiva Sholom Shachna,https://yeshivasholomshachna.com/,NA,0,04231500,0,0,0,0,0.4766,NA,3,NA,NA,2,NY,118,1,0,0,0,0,0,0,0,0,0,1,2025-11-17
0.5212,18.264150943,5063,Monsey,2,22200,NA,PS,PS,PS,0,0,1,Beth Medrash Meor Yitzchok,https://bethmedrashmeoryitzchok.com/,NA,0,04210400,0,0,0,0,0.5344,NA,2,NA,NA,2,NY,222,1,0,0,0,0,0,0,0,0.027,0,0.973,2025-11-17
NA,28.902325581,6517,Canal Winchester,2,30234,NA,0.5627906977,0.4463276836,15250,0,0,1,Valor Christian College,https://www.valorcollege.edu/,NA,0,04224300,0,0,0,0,0.5789,0.2941,2,79,NA,2,OH,352,0.4602,0.5398,0.0256,0.0085,0.0426,0.2727,0.1477,0.0057,0.0085,0.0227,0.4659,2025-11-17
0.9388,21.715053763,4897,Bloomington,2,29638,NA,0.688172043,0.2183908046,12000,0,0,1,Bethany Global University,https://bethanygu.edu/,NA,0,04227800,0.141,0,0,0,0.4685,0.0889,3,42,NA,2,MN,162,0.2716,0.7284,0.0309,0.0123,0.037,0.0185,0.0494,0,0.0062,0.0988,0.7469,2025-11-17
0.6918,22.639833737,9409,Kennesaw,1,24618,94030700,0.4741253897,0.2693773825,23833,0,0,1,Kennesaw State University,www.kennesaw.edu/,57552,0,00157700,0.0465,0.1371,0.0055,0.1708,0.3538,0.6411,3,NA,1120,3,GA,39503,0.5029,0.4971,0.0487,0.0013,0.0582,0.2669,0.1565,0.001,0.0173,0.0241,0.4258,2025-11-17
0.7027,22.005025126,6909,Milligan,2,49850,51050100,0.6231155779,0.3186528497,25219,0,0,1,Milligan University,www.milligan.edu/,46641,0,00351100,0.1162,0.096,0.0202,0.2273,0.2344,0.6864,3,48,1195,3,TN,783,0.5287,0.4713,0.0383,0.0013,0.0166,0.0524,0.0639,0.0026,0.0868,0.0153,0.7229,2025-11-17
NA,26.653333333,12618,Memphis,1,NA,242944778,0.8888888889,0.2924528302,12500,0,0,1,The University of Tennessee Health Science Center,www.uthsc.edu/,66318,0,00672500,0,0,0,0,0.1254,0.6737,3,NA,NA,3,TN,376,0.0745,0.9255,0.0266,0,0.0319,0.2766,0.0585,0.0027,0.016,0.0186,0.5691,2025-11-17
0.1725,20.600106213,9252,Oxford,2,78814,78483000,0.6606479023,0.1638702461,18250,0,0,2,Emory University-Oxford College,www.oxford.emory.edu/,80137,0,00156401,0,0,0,0,0.1574,0.9167,2,71,1513,3,GA,973,0.4748,0.5252,0.0308,0,0.3176,0.0761,0.1182,0,0.149,0.0206,0.2878,2025-11-17
NA,26.611195159,5321,Thomasville,1,11478,NA,0.7327281896,0.4892086331,PS,0,0,2,Southern Regional Technical College,southernregional.edu/,31293,0,00561500,0.0379,0,0,0.1525,0.4408,1,1,NA,NA,1,GA,2960,0.272,0.728,0.025,0.001,0.0051,0.3929,0.1132,0,0.0024,0.001,0.4595,2025-11-17
NA,27.513944223,5052,Jacksonville,2,26274,NA,0.3930942895,0.4658187599,10294,0,0,2,Jones Technical Institute,www.jtech.org/,24576,0,02524000,0,0,0,0,0.6264,NA,2,NA,NA,1,FL,522,0.9157,0.0843,0.069,0.0019,0.023,0.2644,0.1418,0.0134,0,0.0153,0.4713,2025-11-17
NA,24.895319345,6203,Waco,1,20011,602198,0.3626931058,0.5046335299,9500,0,0,2,Texas State Technical College,www.tstc.edu/,38916,0,00363400,0.0131,0.0016,8e-4,0.0166,0.4542,0.9461,2,NA,NA,2,TX,9153,0.7101,0.2899,0.0029,0.0034,0.0087,0.0618,0.5376,0.001,0,0.0602,0.3243,2025-11-17
0.8643,21.547208822,7871,Bangor,2,34073,24236195,0.533425224,0.3217893218,27000,0,0,1,Husson University,www.husson.edu/,45025,0,00204300,0.0405,0,0.0017,0.2074,0.3466,1,3,NA,1110,3,ME,2395,0.3929,0.6071,0.0468,0.0046,0.0121,0.0576,0.0084,0,0.018,0.0242,0.8284,2025-11-17
NA,25.218220339,NA,Kirkland,2,30923,NA,0.6165254237,0.3636363636,20891,0,0,1,Northwest University-Center for Online and Extended Education,www.northwestu.edu/,54914,0,00378300,0.0118,0,0,0.2353,0.2072,NA,3,27,NA,3,WA,477,0.4486,0.5514,0.0839,0,0.0189,0.0943,0.1237,0.0063,0.0063,0.1216,0.5451,2025-11-17
0.8,21.130952381,4917,Lafayette,2,36693,NA,0.2023809524,0.4722222222,12000,0,0,2,Academy of Interactive Entertainment,lafayette.aie.edu/,NA,0,04248400,0,0,0,0,0.4787,NA,2,NA,NA,1,LA,113,0.6106,0.3894,0.0442,0,0.0177,0.3628,0.0177,0,0,0.0442,0.5133,2025-11-17
NA,26,NA,Somerton,2,NA,NA,PS,PS,PS,0,0,3,Regional Center for Border Health,www.rcbh.edu/index.html,NA,0,04237700,0,0,0,0,0,NA,1,NA,NA,1,AZ,191,0.1361,0.8639,0,0.0733,0,0.0157,0.7853,0,0,0,0.1257,2025-11-17
0.4231,23.818181818,6830,Lakewood,2,18810,NA,PS,PS,PS,0,0,1,Beth Medrash of Asbury Park,https://baismedrashzichronmeir.com/,NA,0,04251500,0,0,0,0,0.4433,NA,3,NA,NA,3,NJ,109,1,0,0,0,0,0,0,0,0.156,0,0.844,2025-11-17
0.53,19.761904762,5792,Lakewood,2,16075,NA,PS,PS,PS,0,0,1,Yeshiva Gedolah Shaarei Shmuel,https://yeshivagedolahshaareishmuel.com/,NA,0,04252000,0,0,0,0,0.384,NA,2,NA,NA,3,NJ,132,1,0,0,0,0,0,0,0,0,0,1,2025-11-17
NA,31.507453875,7889,Marion,2,22117,NA,0.7298892989,0.4741139964,24250,0,0,1,Indiana Wesleyan University-National & Global,https://www.indwes.edu/,59986,0,30182251,0.1116,0,0,0.2858,0.4758,1,3,89,NA,3,IN,5808,0.2522,0.7478,0.017,0.0043,0.0105,0.2485,0.0637,0.0024,0.0257,0.031,0.5969,2025-11-17
NA,NA,7598,Universal City,1,11087,NA,NA,NA,PS,0,1,2,Northeast Lakeview College,www.alamo.edu/nlc,NA,0,04263600,0.0547,0,0,0.0112,0.1825,0.4563,2,NA,NA,2,TX,5689,0.4503,0.5497,0.051,0.0028,0.0276,0.1011,0.5925,0.0026,0,0.0072,0.2152,2025-11-17
NA,NA,11106,Stockton,1,NA,NA,NA,NA,NA,0,0,1,Teachers College of San Joaquin,www.teacherscollegesj.edu/,NA,0,04224800,1,0,0,0,0,0.0915,1,NA,NA,NA,CA,585,0.3299,0.6701,0.0342,0.0308,0.1043,0.0496,0.2103,0.012,0,0.0803,0.4786,2025-11-17
NA,PS,NA,HOMESTEAD,1,NA,NA,PS,PS,PS,0,0,3,South Dade Technical College-South Dade Skills Center Campus,www.southdadetech.edu/,NA,0,04209200,0,0,0,0,0.1727,NA,1,NA,NA,1,FL,205,0.322,0.678,0,0,0,0.2634,0.6683,0,0.0488,0,0.0195,2025-11-17
NA,27.793911007,NA,Tulsa,1,NA,NA,0.4379391101,0.4912536443,PS,0,0,2,Tulsa Technology Center,https://tulsatech.edu/,41793,0,00531100,0,0.0166,0,0.0305,0.1363,NA,1,NA,NA,1,OK,1284,0.6379,0.3621,0.0576,0.1059,0.0436,0.1145,0.1939,0.0031,0,0,0.4813,2025-11-17
NA,24.273375594,11369,Fresno,1,17820,265946,0.6259904913,0.4165103189,PS,0,1,2,Clovis Community College,www.cloviscollege.edu/,NA,0,04253400,0.0094,0.0226,0.0235,0.064,0.2043,0.3863,2,NA,NA,2,CA,6759,0.4335,0.5665,0.045,0.0044,0.1292,0.0346,0.4982,0.0016,0,0.0067,0.2804,2025-11-17
NA,32.067125107,6339,West Lafayette,1,17994,0,0.7967492381,0.533063854,26078,0,0,1,Purdue University Global,https://www.purdueglobal.edu/,36596,0,00458600,0.0136,0,0,0.3522,0.4793,0.1349,1,NA,NA,3,IN,31502,0.4256,0.5744,0.0434,0.0056,0.0306,0.1799,0.161,0.0042,0.0046,0.0411,0.5296,2025-11-17
0.34,28.35483871,5130,Winston-Salem,2,29965,2850191,0.4838709677,0.3266331658,20287,0,0,1,Carolina University,https://www.carolinau.edu/,32864,0,00295600,0.1111,0,0,0.3472,0.4562,0.6889,3,108,NA,3,NC,424,0.5849,0.4151,0.0637,0.0024,0.0118,0.1533,0.125,0.0024,0.2712,0.0118,0.3585,2025-11-17
0.8182,NA,4501,Bolivar,2,NA,NA,NA,NA,15000,0,0,1,Bolivar Technical College,www.bolivarcollege.edu/,NA,0,04255700,0,0,0,0,0.6154,0.5714,2,NA,NA,1,MO,144,0.0764,0.9236,0.0278,0.0069,0.0069,0.0347,0.0486,0,0,0,0.875,2025-11-17
NA,NA,4229,Monsey,2,20397,NA,NA,NA,PS,0,0,1,Yeshiva Shaar Ephraim,shaarephraim.org/,NA,0,04259000,0,0,0,0,0.7333,1,2,80,NA,3,NY,138,1,0,0,0,0,0,0,0,0,0,1,2025-11-17
NA,NA,1857,Monsey,2,NA,NA,NA,NA,PS,0,0,1,Mechon L'hoyroa,https://www.mechonlhoyroa.com/,NA,0,04261500,0,0,0,0,0.8316,NA,3,NA,NA,3,NY,124,1,0,0,0,0,0,0,0,0,0,1,2025-11-17
0.7063,25.32105441,9675,Hammond,1,16287,51198269,0.6164244677,0.430293896,21229,0,1,1,Purdue University Northwest,www.pnw.edu/,48318,0,00182700,0.0433,0.0732,0.0067,0.1577,0.277,1,3,NA,1034,3,IN,5786,0.476,0.524,0.0346,0.0014,0.032,0.1134,0.2553,0.001,0.0311,0.0149,0.5164,2025-11-17
0.75,NA,2738,Brooklyn,2,24728,NA,NA,NA,PS,0,0,1,Yeshiva Kollel Tifereth Elizer,https://www.yeshivakolleltiferethelizer.com/,NA,0,04265900,0,0,0,0,0.8904,0.7895,3,NA,NA,3,NY,373,1,0,0,0,0,0,0,0,0,0,1,2025-11-17
0.8788,NA,NA,Brooklyn,2,15743,NA,NA,NA,PS,0,0,2,Bnos Zion Of Bobov Seminary,https://www.bnoszionbobov.com/,NA,0,02582000,1,0,0,0,0.7296,NA,1,NA,NA,3,NY,142,0,1,0,0,0,0,0,0,0,0,1,2025-11-17
NA,NA,NA,Cerritos,1,NA,NA,NA,NA,PS,0,0,3,ABC Adult School,https://www.abcadultschool.edu/,NA,0,04227000,0,0,0,0.1461,0.2602,NA,1,NA,NA,1,CA,185,0.1838,0.8162,0.027,0.0054,0.2162,0.0703,0.6108,0,0,0,0.0703,2025-11-17
NA,NA,NA,Woodside,1,NA,NA,NA,NA,PS,0,0,3,Polytech Adult Education,www.polytechworks.com/,NA,0,04235300,0,0,0,0.0432,0.0348,NA,1,NA,NA,1,DE,631,0.7021,0.2979,0.0285,0.0063,0.0048,0.3471,0.1236,0,0,0,0.4897,2025-11-17
0.8673,NA,1282,Westfield,2,15351,NA,NA,NA,PS,0,0,1,Union Bible College,https://ubca.org/,NA,0,04250000,0,0,0,0.1,0.2647,0.3684,1,42,NA,3,IN,155,0.4774,0.5226,0.0065,0,0.2581,0.0258,0.2581,0,0.0065,0,0.4452,2025-11-17
0.9615,NA,NA,Baltimore,2,29600,NA,NA,NA,PS,0,0,1,Women's Institute of Torah Seminary and College,www.wits.edu/,NA,0,04265200,0,0,0,0,0.2428,NA,3,NA,NA,3,MD,141,0,1,0,0,0,0,0,0,0,0,1,2025-11-17
0.95,NA,3209,Lakewood,2,15350,NA,NA,NA,PS,0,0,1,Yeshiva Gedolah Keren Hatorah,https://yeshivagedolahkerenhatorah.com/,NA,0,04265300,0,0,0,0,0.6022,NA,2,NA,NA,3,NJ,189,1,0,0,0,0,0,0,0,0,0,1,2025-11-17
NA,NA,NA,San Diego,2,NA,NA,NA,NA,6658,0,0,2,ICOHS College,https://icohs.edu/,NA,0,04265500,0,0,0,0,0.2909,NA,1,NA,NA,1,CA,215,0.6791,0.3209,0.0093,0.0186,0.0837,0.2698,0.3163,0.0326,0,0.014,0.2558,2025-11-17
NA,NA,NA,Brooksville,1,NA,NA,NA,NA,PS,0,0,3,Wilton Simpson Technical College,hernandoschools.org/schools/stc,NA,0,04270800,0,0,0,0,0.3488,NA,1,NA,NA,1,FL,114,0.7368,0.2632,0.0263,0,0,0.0877,0.1842,0.0175,0,0,0.6842,2025-11-17
0.4342,NA,5301,Lakewood,2,22008,NA,NA,NA,PS,0,0,2,Seminary Bnos Chaim,www.seminarybnoschaim.com/,NA,0,04271200,0,0,0,0,0.645,NA,1,NA,NA,2,NJ,177,0,1,0,0,0,0,0,0,0,0,1,2025-11-17
NA,NA,6453,Red Lake,1,13220,NA,NA,NA,PS,0,0,2,Red Lake Nation College,www.rlnc.education/,NA,0,04271800,0,0,0,0,0.8913,0.3462,2,NA,NA,2,MN,256,0.2695,0.7305,0.0117,0.9844,0,0,0.0039,0,0,0,0,2025-11-17
0.4262,NA,5063,Lakewood,2,14750,NA,NA,NA,PS,0,0,1,Yeshiva Gedola Tiferes Yerachmiel,https://yeshivagedolatiferesyerachmiel.com/,NA,0,04273800,0,0,0,0,0.4326,NA,2,NA,NA,3,NJ,172,1,0,0,0,0,0,0,0,0.1047,0,0.8953,2025-11-17
NA,NA,2333,Hot Springs,2,20376,NA,NA,NA,PS,0,0,1,Champion Christian College,champion.edu/,NA,0,04276100,0,0,0,0,0.6111,0.7,3,108,NA,3,AR,128,0.6875,0.3125,0.0625,0.0391,0.0078,0.2188,0.0547,0,0.0156,0.0156,0.5859,2025-11-17
NA,NA,NA,Escondido,1,NA,NA,NA,NA,NA,0,0,3,Escondido Adult School,www.escondidoadultschool.org/,NA,0,NA,0,0,0,0.15,0,NA,1,NA,NA,NA,CA,195,0.2821,0.7179,0.0051,0,0.0769,0.041,0.4718,0,0,0,0.4051,2025-11-17
NA,NA,NA,Poway,1,NA,NA,NA,NA,NA,0,0,3,Poway Adult School,www.powayadultschool.com/,NA,0,NA,0.0714,0,0,0.5982,0,NA,1,NA,NA,NA,CA,153,0.2484,0.7516,0,0.0196,0.1961,0.0261,0.2745,0.0131,0,0,0.4706,2025-11-17
NA,NA,NA,Vista,1,NA,NA,NA,NA,NA,0,0,3,Vista Adult School,vistaadultschool.org/,NA,0,NA,0,0,0,0.0382,0,NA,1,NA,NA,NA,CA,127,0.1496,0.8504,0.0236,0.0079,0.0079,0.0394,0.6929,0,0,0,0.2283,2025-11-17
0.8839,28.823505155,2424,Villalba,2,14835,142728,0.664742268,0.44092827,14000,0,1,1,EDP University of Puerto Rico-Villalba,edpuniversity.edu/,22844,0,02165102,0,0,0,0.0238,0.6991,1,2,NA,NA,2,PR,281,0.2064,0.7936,0,0,0,0,1,0,0,0,0,2025-11-17
NA,NA,11927,El Paso,1,NA,160765266,NA,NA,12500,0,1,1,Texas Tech University Health Sciences Center-El Paso,elpaso.ttuhsc.edu/,NA,0,04280800,0,0,0,0,0.531,0.7903,3,NA,NA,3,TX,235,0.1532,0.8468,0.0085,0.0085,0,0.0426,0.8766,0,0,0.034,0.0298,2025-11-17
NA,26.131881428,6351,Springfield,2,19985,545588,0.6037507562,0.4127630686,20979,0,0,1,Drury University-College of Continuing Professional Studies,www.drury.edu/go/,40694,0,00246100,0.0873,0,0,0.2255,0.5876,1,3,61,NA,3,MO,694,0.3329,0.6671,0.0317,0.0058,0.0202,0.062,0.1182,0.0043,0.0029,0.0576,0.6974,2025-11-17
NA,30.794661863,NA,Fort Wayne,2,24563,100294655,0.6610447028,0.5330149502,26391,0,0,1,Indiana Institute of Technology-College of Professional Studies,cps.indianatech.edu/,47327,0,00180500,0,0.0604,0,0.5717,0.5261,NA,3,NA,NA,3,IN,2446,0.3872,0.6128,0.0339,0.009,0.0106,0.2866,0.0597,0.002,8e-4,0.0707,0.5266,2025-11-17
NA,NA,3679,Brooklyn,2,25625,NA,NA,NA,PS,0,0,1,Congregation Talmidei Mesivta Tiferes Shmiel Aleksander,yeshivaaleksander.org/,NA,0,04276900,0,0,0,0,0.7765,1,3,NA,NA,3,NY,169,1,0,0,0,0,0,0,0,0,0,1,2025-11-17
0.9195,NA,3088,Monsey,2,14900,NA,NA,NA,PS,0,0,2,Ohel Margulia Seminary,ohelmarguliaseminary.com/,NA,0,04278300,1,0,0,0,0.8171,0.4359,1,NA,NA,3,NY,243,0,1,0,0,0,0,0,0,0,0,1,2025-11-17
0.6977,NA,NA,Brooklyn,2,18500,NA,NA,NA,PS,0,0,2,New York Seminary,thenyseminary.com/,NA,0,04282200,1,0,0,0,0.3684,NA,1,NA,NA,3,NY,120,0,1,0,0,0,0,0,0,0,0,1,2025-11-17
NA,NA,NA,Providence,2,26634,NA,NA,NA,12500,0,1,1,College Unbound,collegeunbound.edu/,NA,0,04283600,0,0,0,0,0.5684,NA,3,NA,NA,3,RI,398,0.2462,0.7538,0.0503,0.0151,0.0101,0.3392,0.3618,0,0,0.0653,0.1583,2025-11-17
0.8488,28.823505155,2344,Humacao,2,16543,160569,0.664742268,0.44092827,14000,0,1,1,EDP University of Puerto Rico-Humacao,https://www.edpuniversity.edu/,22844,0,02165103,0,0,0,0,0.6214,1,2,NA,NA,2,PR,269,0.1896,0.8104,0,0,0,0,1,0,0,0,0,2025-11-17
0.6636,28.823505155,2377,Manati,2,14489,338980,0.664742268,0.44092827,14000,0,1,1,EDP University of Puerto Rico-Manati,https://edpuniversity.edu/,22844,0,02165104,0,0,0,0,0.3705,1,2,NA,NA,2,PR,449,0.2739,0.7261,0,0,0,0,1,0,0,0,0,2025-11-17
0.9292,NA,NA,Monroe,2,16800,NA,NA,NA,PS,0,0,2,Derech Hachaim Seminary,derechhachaimseminary.com/,NA,0,04280500,1,0,0,0,0.6207,NA,1,NA,NA,2,NY,285,0,1,0,0,0,0,0,0,0,0,1,2025-11-17
0.5275,NA,7139,Fort Worth,2,NA,142295273,NA,NA,NA,0,0,1,The Southwestern Baptist Theological Seminary,swbts.edu/,NA,0,NA,0,0,0,0,0,0.9722,1,75,NA,NA,TX,334,0.6946,0.3054,0.012,0.006,0.053900000000000003,0.024,0.1796,0,0.1617,0.0868,0.476,2025-11-17
0.8387,NA,4348,Wentzville,2,16089,NA,NA,NA,PS,0,0,1,Urshan University,urshan.edu/,NA,0,04282700,0,0,0,0.2987,0.3996,NA,3,79,1035,3,MO,512,0.4121,0.5879,0.0547,0.0137,0.0098,0.0469,0.1602,0,0,0.0078,0.707,2025-11-17
NA,NA,4333,Brooklyn,2,23824,NA,NA,NA,PS,0,0,1,Yeshiva Yesoda Hatorah Vetz Chaim,yeshivayh.org/,NA,0,04287600,0,0,0,0,0.8315,1,3,80,NA,3,NY,205,1,0,0,0,0,0,0,0,0,0,1,2025-11-17
NA,NA,NA,Glendale,1,NA,NA,NA,NA,PS,0,0,2,Western Maricopa Education Center,https://www.west-mec.edu/adult-students,NA,0,04247200,0,0,0,0,0.1677,NA,1,NA,NA,NA,AZ,220,0.8136,0.1864,0.0864,0.0091,0.0227,0.0182,0.3864,0.0045,0,0.2091,0.2636,2025-11-17
NA,NA,4524,Kennewick,2,13489,NA,NA,NA,PS,0,0,2,Pacific Northwest Christian College,https://www.pnwcc.edu/,NA,0,04284000,0,0,0,0,0.4699,NA,2,NA,NA,NA,WA,129,0.8062,0.1938,0.0698,0.0155,0,0.0543,0.5349,0.0155,0,0,0.3101,2025-11-17
NA,NA,NA,Palm Desert,1,NA,NA,NA,NA,NA,0,0,2,California Indian Nations College,https://cincollege.org/,NA,0,NA,0,0,0,0,0,NA,2,NA,NA,NA,CA,111,0.2703,0.7297,0.0901,0.3964,0,0,0.4775,0,0.009,0.009,0.018,2025-11-17
NA,NA,NA,Westampton,1,NA,NA,NA,NA,NA,0,0,3,Burlington County Institute of Technology-Adult Education,www.bcit.cc/adulted,NA,0,04285600,0,0,0,0,0.0642,NA,1,NA,NA,NA,NJ,112,0.5536,0.4464,0.0625,0,0.0625,0.25,0.0804,0.0089,0,0.0357,0.5,2025-11-17
0.8696,31.289940828,7468,Tampa,2,26118,NA,0.8135465189,0.5209032652,21500,0,0,1,Herzing University-Tampa,https://herzing.edu/,36909,0,00962113,0,0,0,0,0.4865,NA,1,NA,NA,NA,FL,237,0.1224,0.8776,0.0169,0.0084,0.0295,0.4093,0.2152,0,0,0.0549,0.2658,2025-11-17
NA,NA,11361,Madera,1,9875,177287,NA,NA,NA,0,1,2,Madera Community College,https://www.maderacollege.edu/,NA,0,04296100,0,0,0.0066,0.1051,0.1806,0.4109,2,NA,NA,NA,CA,3852,0.3479,0.6521,0.0286,0.0039,0.0807,0.0293,0.6778,0.001,0,0.0086,0.17,2025-11-17
0.8953,25.187637969,9392,Plymouth,2,36245,3006903,0.6651949963,0.2917647059,27000,0,0,1,Marian University-Ancilla,https://www.marian.edu/ancilla-college,58759,0,00182103,0.1569,0,0,0.2549,0.5066,0.2903,2,30,NA,NA,IN,217,0.4608,0.5392,0.0599,0,0,0.2028,0.1198,0,0.0184,0.023,0.576,2025-11-17
0.9475,20.346310007,10986,Bloomsburg,1,25781,78738633,0.5715309291,0.3398760331,26000,0,0,1,Commonwealth University of Pennsylvania,https://www.commonwealthu.edu/,52416,0,00331500,0.0932,9e-4,0.012,0.1756,0.2934,0.8558,3,NA,1093,NA,PA,9309,0.3962,0.6038,0.0258,0.0028,0.0108,0.059,0.0686,6e-4,0.0044,0.054,0.7739,2025-11-17
0.9365,23.667186525,11094,California,1,27618,105049439,0.566749844,0.3733333333,23725,0,0,1,Pennsylvania Western University,https://www.pennwest.edu/,47295,0,00331600,0.0786,0.0099,0.0095,0.101,0.3686,0.82,3,NA,1076,NA,PA,8134,0.3892,0.6108,0.0312,0.0014,0.0096,0.0805,0.0397,0.0011,0.0119,0.0811,0.7434,2025-11-17
NA,NA,3614,Brooklyn,2,19153,NA,NA,NA,NA,0,0,1,Yeshiva of Kasho,https://yokny.org/,NA,0,04301700,0,0,0,0,0.7342,1,3,80,NA,NA,NY,174,1,0,0,0,0,0,0,0,0,0,1,2025-11-17
NA,NA,2204,Brooklyn,2,17500,NA,NA,NA,NA,0,0,1,Yeshivas Sanz Klauzenburg,https://yeshivasanzk.org/,NA,0,04306300,0,0,0,0,0.7476,0.6875,3,80,NA,NA,NY,107,1,0,0,0,0,0,0,0,0,0,1,2025-11-17
